template_id,status,recommended_action,estimated_ctr,confidence_interval,total_sends,confidence_width,exploration_priority
TPL_0600,UNCERTAIN,CONTINUE_TESTING,0.5,"[0.000, 1.000]",0,1.0,HIGH
TPL_0599,UNCERTAIN,CONTINUE_TESTING,0.5,"[0.000, 1.000]",0,1.0,HIGH
TPL_0002,UNCERTAIN,CONTINUE_TESTING,0.5,"[0.000, 1.000]",0,1.0,HIGH
TPL_0003,UNCERTAIN,CONTINUE_TESTING,0.5,"[0.000, 1.000]",0,1.0,HIGH
TPL_0004,UNCERTAIN,CONTINUE_TESTING,0.5,"[0.000, 1.000]",0,1.0,HIGH
TPL_0005,UNCERTAIN,CONTINUE_TESTING,0.5,"[0.000, 1.000]",0,1.0,HIGH
TPL_0582,UNCERTAIN,CONTINUE_TESTING,0.5,"[0.000, 1.000]",0,1.0,HIGH
TPL_0580,UNCERTAIN,CONTINUE_TESTING,0.5,"[0.000, 1.000]",0,1.0,HIGH
TPL_0579,UNCERTAIN,CONTINUE_TESTING,0.5,"[0.000, 1.000]",0,1.0,HIGH
TPL_0578,UNCERTAIN,CONTINUE_TESTING,0.5,"[0.000, 1.000]",0,1.0,HIGH
TPL_0577,UNCERTAIN,CONTINUE_TESTING,0.5,"[0.000, 1.000]",0,1.0,HIGH
TPL_0575,UNCERTAIN,CONTINUE_TESTING,0.5,"[0.000, 1.000]",0,1.0,HIGH
TPL_0574,UNCERTAIN,CONTINUE_TESTING,0.5,"[0.000, 1.000]",0,1.0,HIGH
TPL_0573,UNCERTAIN,CONTINUE_TESTING,0.5,"[0.000, 1.000]",0,1.0,HIGH
TPL_0572,UNCERTAIN,CONTINUE_TESTING,0.5,"[0.000, 1.000]",0,1.0,HIGH
TPL_0570,UNCERTAIN,CONTINUE_TESTING,0.5,"[0.000, 1.000]",0,1.0,HIGH
TPL_0569,UNCERTAIN,CONTINUE_TESTING,0.5,"[0.000, 1.000]",0,1.0,HIGH
TPL_0568,UNCERTAIN,CONTINUE_TESTING,0.5,"[0.000, 1.000]",0,1.0,HIGH
TPL_0567,UNCERTAIN,CONTINUE_TESTING,0.5,"[0.000, 1.000]",0,1.0,HIGH
TPL_0038,UNCERTAIN,CONTINUE_TESTING,0.5,"[0.000, 1.000]",0,1.0,HIGH
TPL_0037,UNCERTAIN,CONTINUE_TESTING,0.5,"[0.000, 1.000]",0,1.0,HIGH
TPL_0035,UNCERTAIN,CONTINUE_TESTING,0.5,"[0.000, 1.000]",0,1.0,HIGH
TPL_0034,UNCERTAIN,CONTINUE_TESTING,0.5,"[0.000, 1.000]",0,1.0,HIGH
TPL_0033,UNCERTAIN,CONTINUE_TESTING,0.5,"[0.000, 1.000]",0,1.0,HIGH
TPL_0032,UNCERTAIN,CONTINUE_TESTING,0.5,"[0.000, 1.000]",0,1.0,HIGH
TPL_0030,UNCERTAIN,CONTINUE_TESTING,0.5,"[0.000, 1.000]",0,1.0,HIGH
TPL_0029,UNCERTAIN,CONTINUE_TESTING,0.5,"[0.000, 1.000]",0,1.0,HIGH
TPL_0028,UNCERTAIN,CONTINUE_TESTING,0.5,"[0.000, 1.000]",0,1.0,HIGH
TPL_0027,UNCERTAIN,CONTINUE_TESTING,0.5,"[0.000, 1.000]",0,1.0,HIGH
TPL_0025,UNCERTAIN,CONTINUE_TESTING,0.5,"[0.000, 1.000]",0,1.0,HIGH
TPL_0024,UNCERTAIN,CONTINUE_TESTING,0.5,"[0.000, 1.000]",0,1.0,HIGH
TPL_0023,UNCERTAIN,CONTINUE_TESTING,0.5,"[0.000, 1.000]",0,1.0,HIGH
TPL_0054,UNCERTAIN,CONTINUE_TESTING,0.5,"[0.000, 1.000]",0,1.0,HIGH
TPL_0053,UNCERTAIN,CONTINUE_TESTING,0.5,"[0.000, 1.000]",0,1.0,HIGH
TPL_0052,UNCERTAIN,CONTINUE_TESTING,0.5,"[0.000, 1.000]",0,1.0,HIGH
TPL_0050,UNCERTAIN,CONTINUE_TESTING,0.5,"[0.000, 1.000]",0,1.0,HIGH
TPL_0049,UNCERTAIN,CONTINUE_TESTING,0.5,"[0.000, 1.000]",0,1.0,HIGH
TPL_0048,UNCERTAIN,CONTINUE_TESTING,0.5,"[0.000, 1.000]",0,1.0,HIGH
TPL_0047,UNCERTAIN,CONTINUE_TESTING,0.5,"[0.000, 1.000]",0,1.0,HIGH
TPL_0045,UNCERTAIN,CONTINUE_TESTING,0.5,"[0.000, 1.000]",0,1.0,HIGH
TPL_0044,UNCERTAIN,CONTINUE_TESTING,0.5,"[0.000, 1.000]",0,1.0,HIGH
TPL_0043,UNCERTAIN,CONTINUE_TESTING,0.5,"[0.000, 1.000]",0,1.0,HIGH
TPL_0042,UNCERTAIN,CONTINUE_TESTING,0.5,"[0.000, 1.000]",0,1.0,HIGH
TPL_0040,UNCERTAIN,CONTINUE_TESTING,0.5,"[0.000, 1.000]",0,1.0,HIGH
TPL_0039,UNCERTAIN,CONTINUE_TESTING,0.5,"[0.000, 1.000]",0,1.0,HIGH
TPL_0070,UNCERTAIN,CONTINUE_TESTING,0.5,"[0.000, 1.000]",0,1.0,HIGH
TPL_0069,UNCERTAIN,CONTINUE_TESTING,0.5,"[0.000, 1.000]",0,1.0,HIGH
TPL_0068,UNCERTAIN,CONTINUE_TESTING,0.5,"[0.000, 1.000]",0,1.0,HIGH
TPL_0067,UNCERTAIN,CONTINUE_TESTING,0.5,"[0.000, 1.000]",0,1.0,HIGH
TPL_0065,UNCERTAIN,CONTINUE_TESTING,0.5,"[0.000, 1.000]",0,1.0,HIGH
TPL_0064,UNCERTAIN,CONTINUE_TESTING,0.5,"[0.000, 1.000]",0,1.0,HIGH
TPL_0063,UNCERTAIN,CONTINUE_TESTING,0.5,"[0.000, 1.000]",0,1.0,HIGH
TPL_0062,UNCERTAIN,CONTINUE_TESTING,0.5,"[0.000, 1.000]",0,1.0,HIGH
TPL_0060,UNCERTAIN,CONTINUE_TESTING,0.5,"[0.000, 1.000]",0,1.0,HIGH
TPL_0059,UNCERTAIN,CONTINUE_TESTING,0.5,"[0.000, 1.000]",0,1.0,HIGH
TPL_0058,UNCERTAIN,CONTINUE_TESTING,0.5,"[0.000, 1.000]",0,1.0,HIGH
TPL_0057,UNCERTAIN,CONTINUE_TESTING,0.5,"[0.000, 1.000]",0,1.0,HIGH
TPL_0055,UNCERTAIN,CONTINUE_TESTING,0.5,"[0.000, 1.000]",0,1.0,HIGH
TPL_0085,UNCERTAIN,CONTINUE_TESTING,0.5,"[0.000, 1.000]",0,1.0,HIGH
TPL_0084,UNCERTAIN,CONTINUE_TESTING,0.5,"[0.000, 1.000]",0,1.0,HIGH
TPL_0083,UNCERTAIN,CONTINUE_TESTING,0.5,"[0.000, 1.000]",0,1.0,HIGH
TPL_0082,UNCERTAIN,CONTINUE_TESTING,0.5,"[0.000, 1.000]",0,1.0,HIGH
TPL_0080,UNCERTAIN,CONTINUE_TESTING,0.5,"[0.000, 1.000]",0,1.0,HIGH
TPL_0079,UNCERTAIN,CONTINUE_TESTING,0.5,"[0.000, 1.000]",0,1.0,HIGH
TPL_0078,UNCERTAIN,CONTINUE_TESTING,0.5,"[0.000, 1.000]",0,1.0,HIGH
TPL_0077,UNCERTAIN,CONTINUE_TESTING,0.5,"[0.000, 1.000]",0,1.0,HIGH
TPL_0075,UNCERTAIN,CONTINUE_TESTING,0.5,"[0.000, 1.000]",0,1.0,HIGH
TPL_0074,UNCERTAIN,CONTINUE_TESTING,0.5,"[0.000, 1.000]",0,1.0,HIGH
TPL_0073,UNCERTAIN,CONTINUE_TESTING,0.5,"[0.000, 1.000]",0,1.0,HIGH
TPL_0072,UNCERTAIN,CONTINUE_TESTING,0.5,"[0.000, 1.000]",0,1.0,HIGH
TPL_0565,UNCERTAIN,CONTINUE_TESTING,0.5,"[0.000, 1.000]",0,1.0,HIGH
TPL_0564,UNCERTAIN,CONTINUE_TESTING,0.5,"[0.000, 1.000]",0,1.0,HIGH
TPL_0563,UNCERTAIN,CONTINUE_TESTING,0.5,"[0.000, 1.000]",0,1.0,HIGH
TPL_0562,UNCERTAIN,CONTINUE_TESTING,0.5,"[0.000, 1.000]",0,1.0,HIGH
TPL_0560,UNCERTAIN,CONTINUE_TESTING,0.5,"[0.000, 1.000]",0,1.0,HIGH
TPL_0559,UNCERTAIN,CONTINUE_TESTING,0.5,"[0.000, 1.000]",0,1.0,HIGH
TPL_0558,UNCERTAIN,CONTINUE_TESTING,0.5,"[0.000, 1.000]",0,1.0,HIGH
TPL_0557,UNCERTAIN,CONTINUE_TESTING,0.5,"[0.000, 1.000]",0,1.0,HIGH
TPL_0555,UNCERTAIN,CONTINUE_TESTING,0.5,"[0.000, 1.000]",0,1.0,HIGH
TPL_0554,UNCERTAIN,CONTINUE_TESTING,0.5,"[0.000, 1.000]",0,1.0,HIGH
TPL_0553,UNCERTAIN,CONTINUE_TESTING,0.5,"[0.000, 1.000]",0,1.0,HIGH
TPL_0552,UNCERTAIN,CONTINUE_TESTING,0.5,"[0.000, 1.000]",0,1.0,HIGH
TPL_0102,UNCERTAIN,CONTINUE_TESTING,0.5,"[0.000, 1.000]",0,1.0,HIGH
TPL_0100,UNCERTAIN,CONTINUE_TESTING,0.5,"[0.000, 1.000]",0,1.0,HIGH
TPL_0099,UNCERTAIN,CONTINUE_TESTING,0.5,"[0.000, 1.000]",0,1.0,HIGH
TPL_0098,UNCERTAIN,CONTINUE_TESTING,0.5,"[0.000, 1.000]",0,1.0,HIGH
TPL_0097,UNCERTAIN,CONTINUE_TESTING,0.5,"[0.000, 1.000]",0,1.0,HIGH
TPL_0095,UNCERTAIN,CONTINUE_TESTING,0.5,"[0.000, 1.000]",0,1.0,HIGH
TPL_0094,UNCERTAIN,CONTINUE_TESTING,0.5,"[0.000, 1.000]",0,1.0,HIGH
TPL_0093,UNCERTAIN,CONTINUE_TESTING,0.5,"[0.000, 1.000]",0,1.0,HIGH
TPL_0092,UNCERTAIN,CONTINUE_TESTING,0.5,"[0.000, 1.000]",0,1.0,HIGH
TPL_0090,UNCERTAIN,CONTINUE_TESTING,0.5,"[0.000, 1.000]",0,1.0,HIGH
TPL_0089,UNCERTAIN,CONTINUE_TESTING,0.5,"[0.000, 1.000]",0,1.0,HIGH
TPL_0088,UNCERTAIN,CONTINUE_TESTING,0.5,"[0.000, 1.000]",0,1.0,HIGH
TPL_0087,UNCERTAIN,CONTINUE_TESTING,0.5,"[0.000, 1.000]",0,1.0,HIGH
TPL_0118,UNCERTAIN,CONTINUE_TESTING,0.5,"[0.000, 1.000]",0,1.0,HIGH
TPL_0117,UNCERTAIN,CONTINUE_TESTING,0.5,"[0.000, 1.000]",0,1.0,HIGH
TPL_0115,UNCERTAIN,CONTINUE_TESTING,0.5,"[0.000, 1.000]",0,1.0,HIGH
TPL_0114,UNCERTAIN,CONTINUE_TESTING,0.5,"[0.000, 1.000]",0,1.0,HIGH
TPL_0113,UNCERTAIN,CONTINUE_TESTING,0.5,"[0.000, 1.000]",0,1.0,HIGH
TPL_0112,UNCERTAIN,CONTINUE_TESTING,0.5,"[0.000, 1.000]",0,1.0,HIGH
TPL_0110,UNCERTAIN,CONTINUE_TESTING,0.5,"[0.000, 1.000]",0,1.0,HIGH
TPL_0109,UNCERTAIN,CONTINUE_TESTING,0.5,"[0.000, 1.000]",0,1.0,HIGH
TPL_0108,UNCERTAIN,CONTINUE_TESTING,0.5,"[0.000, 1.000]",0,1.0,HIGH
TPL_0107,UNCERTAIN,CONTINUE_TESTING,0.5,"[0.000, 1.000]",0,1.0,HIGH
TPL_0105,UNCERTAIN,CONTINUE_TESTING,0.5,"[0.000, 1.000]",0,1.0,HIGH
TPL_0104,UNCERTAIN,CONTINUE_TESTING,0.5,"[0.000, 1.000]",0,1.0,HIGH
TPL_0103,UNCERTAIN,CONTINUE_TESTING,0.5,"[0.000, 1.000]",0,1.0,HIGH
TPL_0134,UNCERTAIN,CONTINUE_TESTING,0.5,"[0.000, 1.000]",0,1.0,HIGH
TPL_0133,UNCERTAIN,CONTINUE_TESTING,0.5,"[0.000, 1.000]",0,1.0,HIGH
TPL_0132,UNCERTAIN,CONTINUE_TESTING,0.5,"[0.000, 1.000]",0,1.0,HIGH
TPL_0130,UNCERTAIN,CONTINUE_TESTING,0.5,"[0.000, 1.000]",0,1.0,HIGH
TPL_0129,UNCERTAIN,CONTINUE_TESTING,0.5,"[0.000, 1.000]",0,1.0,HIGH
TPL_0128,UNCERTAIN,CONTINUE_TESTING,0.5,"[0.000, 1.000]",0,1.0,HIGH
TPL_0127,UNCERTAIN,CONTINUE_TESTING,0.5,"[0.000, 1.000]",0,1.0,HIGH
TPL_0125,UNCERTAIN,CONTINUE_TESTING,0.5,"[0.000, 1.000]",0,1.0,HIGH
TPL_0124,UNCERTAIN,CONTINUE_TESTING,0.5,"[0.000, 1.000]",0,1.0,HIGH
TPL_0123,UNCERTAIN,CONTINUE_TESTING,0.5,"[0.000, 1.000]",0,1.0,HIGH
TPL_0122,UNCERTAIN,CONTINUE_TESTING,0.5,"[0.000, 1.000]",0,1.0,HIGH
TPL_0120,UNCERTAIN,CONTINUE_TESTING,0.5,"[0.000, 1.000]",0,1.0,HIGH
TPL_0119,UNCERTAIN,CONTINUE_TESTING,0.5,"[0.000, 1.000]",0,1.0,HIGH
TPL_0150,UNCERTAIN,CONTINUE_TESTING,0.5,"[0.000, 1.000]",0,1.0,HIGH
TPL_0149,UNCERTAIN,CONTINUE_TESTING,0.5,"[0.000, 1.000]",0,1.0,HIGH
TPL_0148,UNCERTAIN,CONTINUE_TESTING,0.5,"[0.000, 1.000]",0,1.0,HIGH
TPL_0147,UNCERTAIN,CONTINUE_TESTING,0.5,"[0.000, 1.000]",0,1.0,HIGH
TPL_0145,UNCERTAIN,CONTINUE_TESTING,0.5,"[0.000, 1.000]",0,1.0,HIGH
TPL_0144,UNCERTAIN,CONTINUE_TESTING,0.5,"[0.000, 1.000]",0,1.0,HIGH
TPL_0143,UNCERTAIN,CONTINUE_TESTING,0.5,"[0.000, 1.000]",0,1.0,HIGH
TPL_0142,UNCERTAIN,CONTINUE_TESTING,0.5,"[0.000, 1.000]",0,1.0,HIGH
TPL_0140,UNCERTAIN,CONTINUE_TESTING,0.5,"[0.000, 1.000]",0,1.0,HIGH
TPL_0139,UNCERTAIN,CONTINUE_TESTING,0.5,"[0.000, 1.000]",0,1.0,HIGH
TPL_0138,UNCERTAIN,CONTINUE_TESTING,0.5,"[0.000, 1.000]",0,1.0,HIGH
TPL_0137,UNCERTAIN,CONTINUE_TESTING,0.5,"[0.000, 1.000]",0,1.0,HIGH
TPL_0135,UNCERTAIN,CONTINUE_TESTING,0.5,"[0.000, 1.000]",0,1.0,HIGH
TPL_0550,UNCERTAIN,CONTINUE_TESTING,0.5,"[0.000, 1.000]",0,1.0,HIGH
TPL_0549,UNCERTAIN,CONTINUE_TESTING,0.5,"[0.000, 1.000]",0,1.0,HIGH
TPL_0548,UNCERTAIN,CONTINUE_TESTING,0.5,"[0.000, 1.000]",0,1.0,HIGH
TPL_0547,UNCERTAIN,CONTINUE_TESTING,0.5,"[0.000, 1.000]",0,1.0,HIGH
TPL_0545,UNCERTAIN,CONTINUE_TESTING,0.5,"[0.000, 1.000]",0,1.0,HIGH
TPL_0544,UNCERTAIN,CONTINUE_TESTING,0.5,"[0.000, 1.000]",0,1.0,HIGH
TPL_0543,UNCERTAIN,CONTINUE_TESTING,0.5,"[0.000, 1.000]",0,1.0,HIGH
TPL_0542,UNCERTAIN,CONTINUE_TESTING,0.5,"[0.000, 1.000]",0,1.0,HIGH
TPL_0540,UNCERTAIN,CONTINUE_TESTING,0.5,"[0.000, 1.000]",0,1.0,HIGH
TPL_0539,UNCERTAIN,CONTINUE_TESTING,0.5,"[0.000, 1.000]",0,1.0,HIGH
TPL_0538,UNCERTAIN,CONTINUE_TESTING,0.5,"[0.000, 1.000]",0,1.0,HIGH
TPL_0537,UNCERTAIN,CONTINUE_TESTING,0.5,"[0.000, 1.000]",0,1.0,HIGH
TPL_0535,UNCERTAIN,CONTINUE_TESTING,0.5,"[0.000, 1.000]",0,1.0,HIGH
TPL_0165,UNCERTAIN,CONTINUE_TESTING,0.5,"[0.000, 1.000]",0,1.0,HIGH
TPL_0164,UNCERTAIN,CONTINUE_TESTING,0.5,"[0.000, 1.000]",0,1.0,HIGH
TPL_0163,UNCERTAIN,CONTINUE_TESTING,0.5,"[0.000, 1.000]",0,1.0,HIGH
TPL_0162,UNCERTAIN,CONTINUE_TESTING,0.5,"[0.000, 1.000]",0,1.0,HIGH
TPL_0160,UNCERTAIN,CONTINUE_TESTING,0.5,"[0.000, 1.000]",0,1.0,HIGH
TPL_0159,UNCERTAIN,CONTINUE_TESTING,0.5,"[0.000, 1.000]",0,1.0,HIGH
TPL_0158,UNCERTAIN,CONTINUE_TESTING,0.5,"[0.000, 1.000]",0,1.0,HIGH
TPL_0157,UNCERTAIN,CONTINUE_TESTING,0.5,"[0.000, 1.000]",0,1.0,HIGH
TPL_0155,UNCERTAIN,CONTINUE_TESTING,0.5,"[0.000, 1.000]",0,1.0,HIGH
TPL_0154,UNCERTAIN,CONTINUE_TESTING,0.5,"[0.000, 1.000]",0,1.0,HIGH
TPL_0153,UNCERTAIN,CONTINUE_TESTING,0.5,"[0.000, 1.000]",0,1.0,HIGH
TPL_0152,UNCERTAIN,CONTINUE_TESTING,0.5,"[0.000, 1.000]",0,1.0,HIGH
TPL_0182,UNCERTAIN,CONTINUE_TESTING,0.5,"[0.000, 1.000]",0,1.0,HIGH
TPL_0180,UNCERTAIN,CONTINUE_TESTING,0.5,"[0.000, 1.000]",0,1.0,HIGH
TPL_0179,UNCERTAIN,CONTINUE_TESTING,0.5,"[0.000, 1.000]",0,1.0,HIGH
TPL_0178,UNCERTAIN,CONTINUE_TESTING,0.5,"[0.000, 1.000]",0,1.0,HIGH
TPL_0177,UNCERTAIN,CONTINUE_TESTING,0.5,"[0.000, 1.000]",0,1.0,HIGH
TPL_0175,UNCERTAIN,CONTINUE_TESTING,0.5,"[0.000, 1.000]",0,1.0,HIGH
TPL_0174,UNCERTAIN,CONTINUE_TESTING,0.5,"[0.000, 1.000]",0,1.0,HIGH
TPL_0173,UNCERTAIN,CONTINUE_TESTING,0.5,"[0.000, 1.000]",0,1.0,HIGH
TPL_0172,UNCERTAIN,CONTINUE_TESTING,0.5,"[0.000, 1.000]",0,1.0,HIGH
TPL_0170,UNCERTAIN,CONTINUE_TESTING,0.5,"[0.000, 1.000]",0,1.0,HIGH
TPL_0169,UNCERTAIN,CONTINUE_TESTING,0.5,"[0.000, 1.000]",0,1.0,HIGH
TPL_0168,UNCERTAIN,CONTINUE_TESTING,0.5,"[0.000, 1.000]",0,1.0,HIGH
TPL_0167,UNCERTAIN,CONTINUE_TESTING,0.5,"[0.000, 1.000]",0,1.0,HIGH
TPL_0198,UNCERTAIN,CONTINUE_TESTING,0.5,"[0.000, 1.000]",0,1.0,HIGH
TPL_0197,UNCERTAIN,CONTINUE_TESTING,0.5,"[0.000, 1.000]",0,1.0,HIGH
TPL_0195,UNCERTAIN,CONTINUE_TESTING,0.5,"[0.000, 1.000]",0,1.0,HIGH
TPL_0194,UNCERTAIN,CONTINUE_TESTING,0.5,"[0.000, 1.000]",0,1.0,HIGH
TPL_0193,UNCERTAIN,CONTINUE_TESTING,0.5,"[0.000, 1.000]",0,1.0,HIGH
TPL_0192,UNCERTAIN,CONTINUE_TESTING,0.5,"[0.000, 1.000]",0,1.0,HIGH
TPL_0190,UNCERTAIN,CONTINUE_TESTING,0.5,"[0.000, 1.000]",0,1.0,HIGH
TPL_0189,UNCERTAIN,CONTINUE_TESTING,0.5,"[0.000, 1.000]",0,1.0,HIGH
TPL_0188,UNCERTAIN,CONTINUE_TESTING,0.5,"[0.000, 1.000]",0,1.0,HIGH
TPL_0187,UNCERTAIN,CONTINUE_TESTING,0.5,"[0.000, 1.000]",0,1.0,HIGH
TPL_0185,UNCERTAIN,CONTINUE_TESTING,0.5,"[0.000, 1.000]",0,1.0,HIGH
TPL_0184,UNCERTAIN,CONTINUE_TESTING,0.5,"[0.000, 1.000]",0,1.0,HIGH
TPL_0183,UNCERTAIN,CONTINUE_TESTING,0.5,"[0.000, 1.000]",0,1.0,HIGH
TPL_0214,UNCERTAIN,CONTINUE_TESTING,0.5,"[0.000, 1.000]",0,1.0,HIGH
TPL_0213,UNCERTAIN,CONTINUE_TESTING,0.5,"[0.000, 1.000]",0,1.0,HIGH
TPL_0212,UNCERTAIN,CONTINUE_TESTING,0.5,"[0.000, 1.000]",0,1.0,HIGH
TPL_0210,UNCERTAIN,CONTINUE_TESTING,0.5,"[0.000, 1.000]",0,1.0,HIGH
TPL_0209,UNCERTAIN,CONTINUE_TESTING,0.5,"[0.000, 1.000]",0,1.0,HIGH
TPL_0208,UNCERTAIN,CONTINUE_TESTING,0.5,"[0.000, 1.000]",0,1.0,HIGH
TPL_0207,UNCERTAIN,CONTINUE_TESTING,0.5,"[0.000, 1.000]",0,1.0,HIGH
TPL_0205,UNCERTAIN,CONTINUE_TESTING,0.5,"[0.000, 1.000]",0,1.0,HIGH
TPL_0204,UNCERTAIN,CONTINUE_TESTING,0.5,"[0.000, 1.000]",0,1.0,HIGH
TPL_0203,UNCERTAIN,CONTINUE_TESTING,0.5,"[0.000, 1.000]",0,1.0,HIGH
TPL_0202,UNCERTAIN,CONTINUE_TESTING,0.5,"[0.000, 1.000]",0,1.0,HIGH
TPL_0200,UNCERTAIN,CONTINUE_TESTING,0.5,"[0.000, 1.000]",0,1.0,HIGH
TPL_0199,UNCERTAIN,CONTINUE_TESTING,0.5,"[0.000, 1.000]",0,1.0,HIGH
TPL_0534,UNCERTAIN,CONTINUE_TESTING,0.5,"[0.000, 1.000]",0,1.0,HIGH
TPL_0533,UNCERTAIN,CONTINUE_TESTING,0.5,"[0.000, 1.000]",0,1.0,HIGH
TPL_0532,UNCERTAIN,CONTINUE_TESTING,0.5,"[0.000, 1.000]",0,1.0,HIGH
TPL_0530,UNCERTAIN,CONTINUE_TESTING,0.5,"[0.000, 1.000]",0,1.0,HIGH
TPL_0529,UNCERTAIN,CONTINUE_TESTING,0.5,"[0.000, 1.000]",0,1.0,HIGH
TPL_0528,UNCERTAIN,CONTINUE_TESTING,0.5,"[0.000, 1.000]",0,1.0,HIGH
TPL_0527,UNCERTAIN,CONTINUE_TESTING,0.5,"[0.000, 1.000]",0,1.0,HIGH
TPL_0525,UNCERTAIN,CONTINUE_TESTING,0.5,"[0.000, 1.000]",0,1.0,HIGH
TPL_0524,UNCERTAIN,CONTINUE_TESTING,0.5,"[0.000, 1.000]",0,1.0,HIGH
TPL_0523,UNCERTAIN,CONTINUE_TESTING,0.5,"[0.000, 1.000]",0,1.0,HIGH
TPL_0522,UNCERTAIN,CONTINUE_TESTING,0.5,"[0.000, 1.000]",0,1.0,HIGH
TPL_0520,UNCERTAIN,CONTINUE_TESTING,0.5,"[0.000, 1.000]",0,1.0,HIGH
TPL_0519,UNCERTAIN,CONTINUE_TESTING,0.5,"[0.000, 1.000]",0,1.0,HIGH
TPL_0230,UNCERTAIN,CONTINUE_TESTING,0.5,"[0.000, 1.000]",0,1.0,HIGH
TPL_0229,UNCERTAIN,CONTINUE_TESTING,0.5,"[0.000, 1.000]",0,1.0,HIGH
TPL_0228,UNCERTAIN,CONTINUE_TESTING,0.5,"[0.000, 1.000]",0,1.0,HIGH
TPL_0227,UNCERTAIN,CONTINUE_TESTING,0.5,"[0.000, 1.000]",0,1.0,HIGH
TPL_0225,UNCERTAIN,CONTINUE_TESTING,0.5,"[0.000, 1.000]",0,1.0,HIGH
TPL_0224,UNCERTAIN,CONTINUE_TESTING,0.5,"[0.000, 1.000]",0,1.0,HIGH
TPL_0223,UNCERTAIN,CONTINUE_TESTING,0.5,"[0.000, 1.000]",0,1.0,HIGH
TPL_0222,UNCERTAIN,CONTINUE_TESTING,0.5,"[0.000, 1.000]",0,1.0,HIGH
TPL_0220,UNCERTAIN,CONTINUE_TESTING,0.5,"[0.000, 1.000]",0,1.0,HIGH
TPL_0219,UNCERTAIN,CONTINUE_TESTING,0.5,"[0.000, 1.000]",0,1.0,HIGH
TPL_0218,UNCERTAIN,CONTINUE_TESTING,0.5,"[0.000, 1.000]",0,1.0,HIGH
TPL_0217,UNCERTAIN,CONTINUE_TESTING,0.5,"[0.000, 1.000]",0,1.0,HIGH
TPL_0215,UNCERTAIN,CONTINUE_TESTING,0.5,"[0.000, 1.000]",0,1.0,HIGH
TPL_0245,UNCERTAIN,CONTINUE_TESTING,0.5,"[0.000, 1.000]",0,1.0,HIGH
TPL_0244,UNCERTAIN,CONTINUE_TESTING,0.5,"[0.000, 1.000]",0,1.0,HIGH
TPL_0243,UNCERTAIN,CONTINUE_TESTING,0.5,"[0.000, 1.000]",0,1.0,HIGH
TPL_0242,UNCERTAIN,CONTINUE_TESTING,0.5,"[0.000, 1.000]",0,1.0,HIGH
TPL_0240,UNCERTAIN,CONTINUE_TESTING,0.5,"[0.000, 1.000]",0,1.0,HIGH
TPL_0239,UNCERTAIN,CONTINUE_TESTING,0.5,"[0.000, 1.000]",0,1.0,HIGH
TPL_0238,UNCERTAIN,CONTINUE_TESTING,0.5,"[0.000, 1.000]",0,1.0,HIGH
TPL_0237,UNCERTAIN,CONTINUE_TESTING,0.5,"[0.000, 1.000]",0,1.0,HIGH
TPL_0235,UNCERTAIN,CONTINUE_TESTING,0.5,"[0.000, 1.000]",0,1.0,HIGH
TPL_0234,UNCERTAIN,CONTINUE_TESTING,0.5,"[0.000, 1.000]",0,1.0,HIGH
TPL_0233,UNCERTAIN,CONTINUE_TESTING,0.5,"[0.000, 1.000]",0,1.0,HIGH
TPL_0232,UNCERTAIN,CONTINUE_TESTING,0.5,"[0.000, 1.000]",0,1.0,HIGH
TPL_0262,UNCERTAIN,CONTINUE_TESTING,0.5,"[0.000, 1.000]",0,1.0,HIGH
TPL_0260,UNCERTAIN,CONTINUE_TESTING,0.5,"[0.000, 1.000]",0,1.0,HIGH
TPL_0259,UNCERTAIN,CONTINUE_TESTING,0.5,"[0.000, 1.000]",0,1.0,HIGH
TPL_0258,UNCERTAIN,CONTINUE_TESTING,0.5,"[0.000, 1.000]",0,1.0,HIGH
TPL_0257,UNCERTAIN,CONTINUE_TESTING,0.5,"[0.000, 1.000]",0,1.0,HIGH
TPL_0255,UNCERTAIN,CONTINUE_TESTING,0.5,"[0.000, 1.000]",0,1.0,HIGH
TPL_0254,UNCERTAIN,CONTINUE_TESTING,0.5,"[0.000, 1.000]",0,1.0,HIGH
TPL_0253,UNCERTAIN,CONTINUE_TESTING,0.5,"[0.000, 1.000]",0,1.0,HIGH
TPL_0252,UNCERTAIN,CONTINUE_TESTING,0.5,"[0.000, 1.000]",0,1.0,HIGH
TPL_0250,UNCERTAIN,CONTINUE_TESTING,0.5,"[0.000, 1.000]",0,1.0,HIGH
TPL_0249,UNCERTAIN,CONTINUE_TESTING,0.5,"[0.000, 1.000]",0,1.0,HIGH
TPL_0248,UNCERTAIN,CONTINUE_TESTING,0.5,"[0.000, 1.000]",0,1.0,HIGH
TPL_0247,UNCERTAIN,CONTINUE_TESTING,0.5,"[0.000, 1.000]",0,1.0,HIGH
TPL_0278,UNCERTAIN,CONTINUE_TESTING,0.5,"[0.000, 1.000]",0,1.0,HIGH
TPL_0277,UNCERTAIN,CONTINUE_TESTING,0.5,"[0.000, 1.000]",0,1.0,HIGH
TPL_0275,UNCERTAIN,CONTINUE_TESTING,0.5,"[0.000, 1.000]",0,1.0,HIGH
TPL_0274,UNCERTAIN,CONTINUE_TESTING,0.5,"[0.000, 1.000]",0,1.0,HIGH
TPL_0273,UNCERTAIN,CONTINUE_TESTING,0.5,"[0.000, 1.000]",0,1.0,HIGH
TPL_0272,UNCERTAIN,CONTINUE_TESTING,0.5,"[0.000, 1.000]",0,1.0,HIGH
TPL_0270,UNCERTAIN,CONTINUE_TESTING,0.5,"[0.000, 1.000]",0,1.0,HIGH
TPL_0269,UNCERTAIN,CONTINUE_TESTING,0.5,"[0.000, 1.000]",0,1.0,HIGH
TPL_0268,UNCERTAIN,CONTINUE_TESTING,0.5,"[0.000, 1.000]",0,1.0,HIGH
TPL_0267,UNCERTAIN,CONTINUE_TESTING,0.5,"[0.000, 1.000]",0,1.0,HIGH
TPL_0265,UNCERTAIN,CONTINUE_TESTING,0.5,"[0.000, 1.000]",0,1.0,HIGH
TPL_0264,UNCERTAIN,CONTINUE_TESTING,0.5,"[0.000, 1.000]",0,1.0,HIGH
TPL_0263,UNCERTAIN,CONTINUE_TESTING,0.5,"[0.000, 1.000]",0,1.0,HIGH
TPL_0518,UNCERTAIN,CONTINUE_TESTING,0.5,"[0.000, 1.000]",0,1.0,HIGH
TPL_0517,UNCERTAIN,CONTINUE_TESTING,0.5,"[0.000, 1.000]",0,1.0,HIGH
TPL_0515,UNCERTAIN,CONTINUE_TESTING,0.5,"[0.000, 1.000]",0,1.0,HIGH
TPL_0514,UNCERTAIN,CONTINUE_TESTING,0.5,"[0.000, 1.000]",0,1.0,HIGH
TPL_0513,UNCERTAIN,CONTINUE_TESTING,0.5,"[0.000, 1.000]",0,1.0,HIGH
TPL_0512,UNCERTAIN,CONTINUE_TESTING,0.5,"[0.000, 1.000]",0,1.0,HIGH
TPL_0510,UNCERTAIN,CONTINUE_TESTING,0.5,"[0.000, 1.000]",0,1.0,HIGH
TPL_0509,UNCERTAIN,CONTINUE_TESTING,0.5,"[0.000, 1.000]",0,1.0,HIGH
TPL_0508,UNCERTAIN,CONTINUE_TESTING,0.5,"[0.000, 1.000]",0,1.0,HIGH
TPL_0507,UNCERTAIN,CONTINUE_TESTING,0.5,"[0.000, 1.000]",0,1.0,HIGH
TPL_0505,UNCERTAIN,CONTINUE_TESTING,0.5,"[0.000, 1.000]",0,1.0,HIGH
TPL_0504,UNCERTAIN,CONTINUE_TESTING,0.5,"[0.000, 1.000]",0,1.0,HIGH
TPL_0503,UNCERTAIN,CONTINUE_TESTING,0.5,"[0.000, 1.000]",0,1.0,HIGH
TPL_0294,UNCERTAIN,CONTINUE_TESTING,0.5,"[0.000, 1.000]",0,1.0,HIGH
TPL_0293,UNCERTAIN,CONTINUE_TESTING,0.5,"[0.000, 1.000]",0,1.0,HIGH
TPL_0292,UNCERTAIN,CONTINUE_TESTING,0.5,"[0.000, 1.000]",0,1.0,HIGH
TPL_0290,UNCERTAIN,CONTINUE_TESTING,0.5,"[0.000, 1.000]",0,1.0,HIGH
TPL_0289,UNCERTAIN,CONTINUE_TESTING,0.5,"[0.000, 1.000]",0,1.0,HIGH
TPL_0288,UNCERTAIN,CONTINUE_TESTING,0.5,"[0.000, 1.000]",0,1.0,HIGH
TPL_0287,UNCERTAIN,CONTINUE_TESTING,0.5,"[0.000, 1.000]",0,1.0,HIGH
TPL_0285,UNCERTAIN,CONTINUE_TESTING,0.5,"[0.000, 1.000]",0,1.0,HIGH
TPL_0284,UNCERTAIN,CONTINUE_TESTING,0.5,"[0.000, 1.000]",0,1.0,HIGH
TPL_0283,UNCERTAIN,CONTINUE_TESTING,0.5,"[0.000, 1.000]",0,1.0,HIGH
TPL_0282,UNCERTAIN,CONTINUE_TESTING,0.5,"[0.000, 1.000]",0,1.0,HIGH
TPL_0280,UNCERTAIN,CONTINUE_TESTING,0.5,"[0.000, 1.000]",0,1.0,HIGH
TPL_0279,UNCERTAIN,CONTINUE_TESTING,0.5,"[0.000, 1.000]",0,1.0,HIGH
TPL_0310,UNCERTAIN,CONTINUE_TESTING,0.5,"[0.000, 1.000]",0,1.0,HIGH
TPL_0309,UNCERTAIN,CONTINUE_TESTING,0.5,"[0.000, 1.000]",0,1.0,HIGH
TPL_0308,UNCERTAIN,CONTINUE_TESTING,0.5,"[0.000, 1.000]",0,1.0,HIGH
TPL_0307,UNCERTAIN,CONTINUE_TESTING,0.5,"[0.000, 1.000]",0,1.0,HIGH
TPL_0305,UNCERTAIN,CONTINUE_TESTING,0.5,"[0.000, 1.000]",0,1.0,HIGH
TPL_0304,UNCERTAIN,CONTINUE_TESTING,0.5,"[0.000, 1.000]",0,1.0,HIGH
TPL_0303,UNCERTAIN,CONTINUE_TESTING,0.5,"[0.000, 1.000]",0,1.0,HIGH
TPL_0302,UNCERTAIN,CONTINUE_TESTING,0.5,"[0.000, 1.000]",0,1.0,HIGH
TPL_0300,UNCERTAIN,CONTINUE_TESTING,0.5,"[0.000, 1.000]",0,1.0,HIGH
TPL_0299,UNCERTAIN,CONTINUE_TESTING,0.5,"[0.000, 1.000]",0,1.0,HIGH
TPL_0298,UNCERTAIN,CONTINUE_TESTING,0.5,"[0.000, 1.000]",0,1.0,HIGH
TPL_0297,UNCERTAIN,CONTINUE_TESTING,0.5,"[0.000, 1.000]",0,1.0,HIGH
TPL_0295,UNCERTAIN,CONTINUE_TESTING,0.5,"[0.000, 1.000]",0,1.0,HIGH
TPL_0325,UNCERTAIN,CONTINUE_TESTING,0.5,"[0.000, 1.000]",0,1.0,HIGH
TPL_0324,UNCERTAIN,CONTINUE_TESTING,0.5,"[0.000, 1.000]",0,1.0,HIGH
TPL_0323,UNCERTAIN,CONTINUE_TESTING,0.5,"[0.000, 1.000]",0,1.0,HIGH
TPL_0322,UNCERTAIN,CONTINUE_TESTING,0.5,"[0.000, 1.000]",0,1.0,HIGH
TPL_0320,UNCERTAIN,CONTINUE_TESTING,0.5,"[0.000, 1.000]",0,1.0,HIGH
TPL_0319,UNCERTAIN,CONTINUE_TESTING,0.5,"[0.000, 1.000]",0,1.0,HIGH
TPL_0318,UNCERTAIN,CONTINUE_TESTING,0.5,"[0.000, 1.000]",0,1.0,HIGH
TPL_0317,UNCERTAIN,CONTINUE_TESTING,0.5,"[0.000, 1.000]",0,1.0,HIGH
TPL_0315,UNCERTAIN,CONTINUE_TESTING,0.5,"[0.000, 1.000]",0,1.0,HIGH
TPL_0314,UNCERTAIN,CONTINUE_TESTING,0.5,"[0.000, 1.000]",0,1.0,HIGH
TPL_0313,UNCERTAIN,CONTINUE_TESTING,0.5,"[0.000, 1.000]",0,1.0,HIGH
TPL_0312,UNCERTAIN,CONTINUE_TESTING,0.5,"[0.000, 1.000]",0,1.0,HIGH
TPL_0342,UNCERTAIN,CONTINUE_TESTING,0.5,"[0.000, 1.000]",0,1.0,HIGH
TPL_0340,UNCERTAIN,CONTINUE_TESTING,0.5,"[0.000, 1.000]",0,1.0,HIGH
TPL_0339,UNCERTAIN,CONTINUE_TESTING,0.5,"[0.000, 1.000]",0,1.0,HIGH
TPL_0338,UNCERTAIN,CONTINUE_TESTING,0.5,"[0.000, 1.000]",0,1.0,HIGH
TPL_0337,UNCERTAIN,CONTINUE_TESTING,0.5,"[0.000, 1.000]",0,1.0,HIGH
TPL_0335,UNCERTAIN,CONTINUE_TESTING,0.5,"[0.000, 1.000]",0,1.0,HIGH
TPL_0334,UNCERTAIN,CONTINUE_TESTING,0.5,"[0.000, 1.000]",0,1.0,HIGH
TPL_0333,UNCERTAIN,CONTINUE_TESTING,0.5,"[0.000, 1.000]",0,1.0,HIGH
TPL_0332,UNCERTAIN,CONTINUE_TESTING,0.5,"[0.000, 1.000]",0,1.0,HIGH
TPL_0330,UNCERTAIN,CONTINUE_TESTING,0.5,"[0.000, 1.000]",0,1.0,HIGH
TPL_0329,UNCERTAIN,CONTINUE_TESTING,0.5,"[0.000, 1.000]",0,1.0,HIGH
TPL_0328,UNCERTAIN,CONTINUE_TESTING,0.5,"[0.000, 1.000]",0,1.0,HIGH
TPL_0327,UNCERTAIN,CONTINUE_TESTING,0.5,"[0.000, 1.000]",0,1.0,HIGH
TPL_0502,UNCERTAIN,CONTINUE_TESTING,0.5,"[0.000, 1.000]",0,1.0,HIGH
TPL_0500,UNCERTAIN,CONTINUE_TESTING,0.5,"[0.000, 1.000]",0,1.0,HIGH
TPL_0499,UNCERTAIN,CONTINUE_TESTING,0.5,"[0.000, 1.000]",0,1.0,HIGH
TPL_0498,UNCERTAIN,CONTINUE_TESTING,0.5,"[0.000, 1.000]",0,1.0,HIGH
TPL_0497,UNCERTAIN,CONTINUE_TESTING,0.5,"[0.000, 1.000]",0,1.0,HIGH
TPL_0495,UNCERTAIN,CONTINUE_TESTING,0.5,"[0.000, 1.000]",0,1.0,HIGH
TPL_0494,UNCERTAIN,CONTINUE_TESTING,0.5,"[0.000, 1.000]",0,1.0,HIGH
TPL_0493,UNCERTAIN,CONTINUE_TESTING,0.5,"[0.000, 1.000]",0,1.0,HIGH
TPL_0492,UNCERTAIN,CONTINUE_TESTING,0.5,"[0.000, 1.000]",0,1.0,HIGH
TPL_0490,UNCERTAIN,CONTINUE_TESTING,0.5,"[0.000, 1.000]",0,1.0,HIGH
TPL_0489,UNCERTAIN,CONTINUE_TESTING,0.5,"[0.000, 1.000]",0,1.0,HIGH
TPL_0488,UNCERTAIN,CONTINUE_TESTING,0.5,"[0.000, 1.000]",0,1.0,HIGH
TPL_0487,UNCERTAIN,CONTINUE_TESTING,0.5,"[0.000, 1.000]",0,1.0,HIGH
TPL_0358,UNCERTAIN,CONTINUE_TESTING,0.5,"[0.000, 1.000]",0,1.0,HIGH
TPL_0357,UNCERTAIN,CONTINUE_TESTING,0.5,"[0.000, 1.000]",0,1.0,HIGH
TPL_0355,UNCERTAIN,CONTINUE_TESTING,0.5,"[0.000, 1.000]",0,1.0,HIGH
TPL_0354,UNCERTAIN,CONTINUE_TESTING,0.5,"[0.000, 1.000]",0,1.0,HIGH
TPL_0353,UNCERTAIN,CONTINUE_TESTING,0.5,"[0.000, 1.000]",0,1.0,HIGH
TPL_0352,UNCERTAIN,CONTINUE_TESTING,0.5,"[0.000, 1.000]",0,1.0,HIGH
TPL_0350,UNCERTAIN,CONTINUE_TESTING,0.5,"[0.000, 1.000]",0,1.0,HIGH
TPL_0349,UNCERTAIN,CONTINUE_TESTING,0.5,"[0.000, 1.000]",0,1.0,HIGH
TPL_0348,UNCERTAIN,CONTINUE_TESTING,0.5,"[0.000, 1.000]",0,1.0,HIGH
TPL_0347,UNCERTAIN,CONTINUE_TESTING,0.5,"[0.000, 1.000]",0,1.0,HIGH
TPL_0345,UNCERTAIN,CONTINUE_TESTING,0.5,"[0.000, 1.000]",0,1.0,HIGH
TPL_0344,UNCERTAIN,CONTINUE_TESTING,0.5,"[0.000, 1.000]",0,1.0,HIGH
TPL_0343,UNCERTAIN,CONTINUE_TESTING,0.5,"[0.000, 1.000]",0,1.0,HIGH
TPL_0374,UNCERTAIN,CONTINUE_TESTING,0.5,"[0.000, 1.000]",0,1.0,HIGH
TPL_0373,UNCERTAIN,CONTINUE_TESTING,0.5,"[0.000, 1.000]",0,1.0,HIGH
TPL_0372,UNCERTAIN,CONTINUE_TESTING,0.5,"[0.000, 1.000]",0,1.0,HIGH
TPL_0370,UNCERTAIN,CONTINUE_TESTING,0.5,"[0.000, 1.000]",0,1.0,HIGH
TPL_0369,UNCERTAIN,CONTINUE_TESTING,0.5,"[0.000, 1.000]",0,1.0,HIGH
TPL_0368,UNCERTAIN,CONTINUE_TESTING,0.5,"[0.000, 1.000]",0,1.0,HIGH
TPL_0367,UNCERTAIN,CONTINUE_TESTING,0.5,"[0.000, 1.000]",0,1.0,HIGH
TPL_0365,UNCERTAIN,CONTINUE_TESTING,0.5,"[0.000, 1.000]",0,1.0,HIGH
TPL_0364,UNCERTAIN,CONTINUE_TESTING,0.5,"[0.000, 1.000]",0,1.0,HIGH
TPL_0363,UNCERTAIN,CONTINUE_TESTING,0.5,"[0.000, 1.000]",0,1.0,HIGH
TPL_0362,UNCERTAIN,CONTINUE_TESTING,0.5,"[0.000, 1.000]",0,1.0,HIGH
TPL_0360,UNCERTAIN,CONTINUE_TESTING,0.5,"[0.000, 1.000]",0,1.0,HIGH
TPL_0359,UNCERTAIN,CONTINUE_TESTING,0.5,"[0.000, 1.000]",0,1.0,HIGH
TPL_0390,UNCERTAIN,CONTINUE_TESTING,0.5,"[0.000, 1.000]",0,1.0,HIGH
TPL_0389,UNCERTAIN,CONTINUE_TESTING,0.5,"[0.000, 1.000]",0,1.0,HIGH
TPL_0388,UNCERTAIN,CONTINUE_TESTING,0.5,"[0.000, 1.000]",0,1.0,HIGH
TPL_0387,UNCERTAIN,CONTINUE_TESTING,0.5,"[0.000, 1.000]",0,1.0,HIGH
TPL_0385,UNCERTAIN,CONTINUE_TESTING,0.5,"[0.000, 1.000]",0,1.0,HIGH
TPL_0384,UNCERTAIN,CONTINUE_TESTING,0.5,"[0.000, 1.000]",0,1.0,HIGH
TPL_0383,UNCERTAIN,CONTINUE_TESTING,0.5,"[0.000, 1.000]",0,1.0,HIGH
TPL_0382,UNCERTAIN,CONTINUE_TESTING,0.5,"[0.000, 1.000]",0,1.0,HIGH
TPL_0380,UNCERTAIN,CONTINUE_TESTING,0.5,"[0.000, 1.000]",0,1.0,HIGH
TPL_0379,UNCERTAIN,CONTINUE_TESTING,0.5,"[0.000, 1.000]",0,1.0,HIGH
TPL_0378,UNCERTAIN,CONTINUE_TESTING,0.5,"[0.000, 1.000]",0,1.0,HIGH
TPL_0377,UNCERTAIN,CONTINUE_TESTING,0.5,"[0.000, 1.000]",0,1.0,HIGH
TPL_0375,UNCERTAIN,CONTINUE_TESTING,0.5,"[0.000, 1.000]",0,1.0,HIGH
TPL_0405,UNCERTAIN,CONTINUE_TESTING,0.5,"[0.000, 1.000]",0,1.0,HIGH
TPL_0404,UNCERTAIN,CONTINUE_TESTING,0.5,"[0.000, 1.000]",0,1.0,HIGH
TPL_0403,UNCERTAIN,CONTINUE_TESTING,0.5,"[0.000, 1.000]",0,1.0,HIGH
TPL_0402,UNCERTAIN,CONTINUE_TESTING,0.5,"[0.000, 1.000]",0,1.0,HIGH
TPL_0400,UNCERTAIN,CONTINUE_TESTING,0.5,"[0.000, 1.000]",0,1.0,HIGH
TPL_0399,UNCERTAIN,CONTINUE_TESTING,0.5,"[0.000, 1.000]",0,1.0,HIGH
TPL_0398,UNCERTAIN,CONTINUE_TESTING,0.5,"[0.000, 1.000]",0,1.0,HIGH
TPL_0397,UNCERTAIN,CONTINUE_TESTING,0.5,"[0.000, 1.000]",0,1.0,HIGH
TPL_0395,UNCERTAIN,CONTINUE_TESTING,0.5,"[0.000, 1.000]",0,1.0,HIGH
TPL_0394,UNCERTAIN,CONTINUE_TESTING,0.5,"[0.000, 1.000]",0,1.0,HIGH
TPL_0393,UNCERTAIN,CONTINUE_TESTING,0.5,"[0.000, 1.000]",0,1.0,HIGH
TPL_0392,UNCERTAIN,CONTINUE_TESTING,0.5,"[0.000, 1.000]",0,1.0,HIGH
TPL_0485,UNCERTAIN,CONTINUE_TESTING,0.5,"[0.000, 1.000]",0,1.0,HIGH
TPL_0484,UNCERTAIN,CONTINUE_TESTING,0.5,"[0.000, 1.000]",0,1.0,HIGH
TPL_0483,UNCERTAIN,CONTINUE_TESTING,0.5,"[0.000, 1.000]",0,1.0,HIGH
TPL_0482,UNCERTAIN,CONTINUE_TESTING,0.5,"[0.000, 1.000]",0,1.0,HIGH
TPL_0480,UNCERTAIN,CONTINUE_TESTING,0.5,"[0.000, 1.000]",0,1.0,HIGH
TPL_0479,UNCERTAIN,CONTINUE_TESTING,0.5,"[0.000, 1.000]",0,1.0,HIGH
TPL_0478,UNCERTAIN,CONTINUE_TESTING,0.5,"[0.000, 1.000]",0,1.0,HIGH
TPL_0477,UNCERTAIN,CONTINUE_TESTING,0.5,"[0.000, 1.000]",0,1.0,HIGH
TPL_0475,UNCERTAIN,CONTINUE_TESTING,0.5,"[0.000, 1.000]",0,1.0,HIGH
TPL_0474,UNCERTAIN,CONTINUE_TESTING,0.5,"[0.000, 1.000]",0,1.0,HIGH
TPL_0473,UNCERTAIN,CONTINUE_TESTING,0.5,"[0.000, 1.000]",0,1.0,HIGH
TPL_0472,UNCERTAIN,CONTINUE_TESTING,0.5,"[0.000, 1.000]",0,1.0,HIGH
TPL_0422,UNCERTAIN,CONTINUE_TESTING,0.5,"[0.000, 1.000]",0,1.0,HIGH
TPL_0420,UNCERTAIN,CONTINUE_TESTING,0.5,"[0.000, 1.000]",0,1.0,HIGH
TPL_0419,UNCERTAIN,CONTINUE_TESTING,0.5,"[0.000, 1.000]",0,1.0,HIGH
TPL_0418,UNCERTAIN,CONTINUE_TESTING,0.5,"[0.000, 1.000]",0,1.0,HIGH
TPL_0417,UNCERTAIN,CONTINUE_TESTING,0.5,"[0.000, 1.000]",0,1.0,HIGH
TPL_0415,UNCERTAIN,CONTINUE_TESTING,0.5,"[0.000, 1.000]",0,1.0,HIGH
TPL_0414,UNCERTAIN,CONTINUE_TESTING,0.5,"[0.000, 1.000]",0,1.0,HIGH
TPL_0413,UNCERTAIN,CONTINUE_TESTING,0.5,"[0.000, 1.000]",0,1.0,HIGH
TPL_0412,UNCERTAIN,CONTINUE_TESTING,0.5,"[0.000, 1.000]",0,1.0,HIGH
TPL_0410,UNCERTAIN,CONTINUE_TESTING,0.5,"[0.000, 1.000]",0,1.0,HIGH
TPL_0409,UNCERTAIN,CONTINUE_TESTING,0.5,"[0.000, 1.000]",0,1.0,HIGH
TPL_0408,UNCERTAIN,CONTINUE_TESTING,0.5,"[0.000, 1.000]",0,1.0,HIGH
TPL_0407,UNCERTAIN,CONTINUE_TESTING,0.5,"[0.000, 1.000]",0,1.0,HIGH
TPL_0438,UNCERTAIN,CONTINUE_TESTING,0.5,"[0.000, 1.000]",0,1.0,HIGH
TPL_0437,UNCERTAIN,CONTINUE_TESTING,0.5,"[0.000, 1.000]",0,1.0,HIGH
TPL_0435,UNCERTAIN,CONTINUE_TESTING,0.5,"[0.000, 1.000]",0,1.0,HIGH
TPL_0434,UNCERTAIN,CONTINUE_TESTING,0.5,"[0.000, 1.000]",0,1.0,HIGH
TPL_0433,UNCERTAIN,CONTINUE_TESTING,0.5,"[0.000, 1.000]",0,1.0,HIGH
TPL_0432,UNCERTAIN,CONTINUE_TESTING,0.5,"[0.000, 1.000]",0,1.0,HIGH
TPL_0430,UNCERTAIN,CONTINUE_TESTING,0.5,"[0.000, 1.000]",0,1.0,HIGH
TPL_0429,UNCERTAIN,CONTINUE_TESTING,0.5,"[0.000, 1.000]",0,1.0,HIGH
TPL_0428,UNCERTAIN,CONTINUE_TESTING,0.5,"[0.000, 1.000]",0,1.0,HIGH
TPL_0427,UNCERTAIN,CONTINUE_TESTING,0.5,"[0.000, 1.000]",0,1.0,HIGH
TPL_0425,UNCERTAIN,CONTINUE_TESTING,0.5,"[0.000, 1.000]",0,1.0,HIGH
TPL_0424,UNCERTAIN,CONTINUE_TESTING,0.5,"[0.000, 1.000]",0,1.0,HIGH
TPL_0423,UNCERTAIN,CONTINUE_TESTING,0.5,"[0.000, 1.000]",0,1.0,HIGH
TPL_0454,UNCERTAIN,CONTINUE_TESTING,0.5,"[0.000, 1.000]",0,1.0,HIGH
TPL_0453,UNCERTAIN,CONTINUE_TESTING,0.5,"[0.000, 1.000]",0,1.0,HIGH
TPL_0452,UNCERTAIN,CONTINUE_TESTING,0.5,"[0.000, 1.000]",0,1.0,HIGH
TPL_0450,UNCERTAIN,CONTINUE_TESTING,0.5,"[0.000, 1.000]",0,1.0,HIGH
TPL_0449,UNCERTAIN,CONTINUE_TESTING,0.5,"[0.000, 1.000]",0,1.0,HIGH
TPL_0448,UNCERTAIN,CONTINUE_TESTING,0.5,"[0.000, 1.000]",0,1.0,HIGH
TPL_0447,UNCERTAIN,CONTINUE_TESTING,0.5,"[0.000, 1.000]",0,1.0,HIGH
TPL_0445,UNCERTAIN,CONTINUE_TESTING,0.5,"[0.000, 1.000]",0,1.0,HIGH
TPL_0444,UNCERTAIN,CONTINUE_TESTING,0.5,"[0.000, 1.000]",0,1.0,HIGH
TPL_0443,UNCERTAIN,CONTINUE_TESTING,0.5,"[0.000, 1.000]",0,1.0,HIGH
TPL_0442,UNCERTAIN,CONTINUE_TESTING,0.5,"[0.000, 1.000]",0,1.0,HIGH
TPL_0440,UNCERTAIN,CONTINUE_TESTING,0.5,"[0.000, 1.000]",0,1.0,HIGH
TPL_0439,UNCERTAIN,CONTINUE_TESTING,0.5,"[0.000, 1.000]",0,1.0,HIGH
TPL_0470,UNCERTAIN,CONTINUE_TESTING,0.5,"[0.000, 1.000]",0,1.0,HIGH
TPL_0469,UNCERTAIN,CONTINUE_TESTING,0.5,"[0.000, 1.000]",0,1.0,HIGH
TPL_0468,UNCERTAIN,CONTINUE_TESTING,0.5,"[0.000, 1.000]",0,1.0,HIGH
TPL_0467,UNCERTAIN,CONTINUE_TESTING,0.5,"[0.000, 1.000]",0,1.0,HIGH
TPL_0465,UNCERTAIN,CONTINUE_TESTING,0.5,"[0.000, 1.000]",0,1.0,HIGH
TPL_0464,UNCERTAIN,CONTINUE_TESTING,0.5,"[0.000, 1.000]",0,1.0,HIGH
TPL_0463,UNCERTAIN,CONTINUE_TESTING,0.5,"[0.000, 1.000]",0,1.0,HIGH
TPL_0462,UNCERTAIN,CONTINUE_TESTING,0.5,"[0.000, 1.000]",0,1.0,HIGH
TPL_0460,UNCERTAIN,CONTINUE_TESTING,0.5,"[0.000, 1.000]",0,1.0,HIGH
TPL_0459,UNCERTAIN,CONTINUE_TESTING,0.5,"[0.000, 1.000]",0,1.0,HIGH
TPL_0458,UNCERTAIN,CONTINUE_TESTING,0.5,"[0.000, 1.000]",0,1.0,HIGH
TPL_0457,UNCERTAIN,CONTINUE_TESTING,0.5,"[0.000, 1.000]",0,1.0,HIGH
TPL_0455,UNCERTAIN,CONTINUE_TESTING,0.5,"[0.000, 1.000]",0,1.0,HIGH
TPL_0598,UNCERTAIN,CONTINUE_TESTING,0.5,"[0.000, 1.000]",0,1.0,HIGH
TPL_0597,UNCERTAIN,CONTINUE_TESTING,0.5,"[0.000, 1.000]",0,1.0,HIGH
TPL_0595,UNCERTAIN,CONTINUE_TESTING,0.5,"[0.000, 1.000]",0,1.0,HIGH
TPL_0594,UNCERTAIN,CONTINUE_TESTING,0.5,"[0.000, 1.000]",0,1.0,HIGH
TPL_0593,UNCERTAIN,CONTINUE_TESTING,0.5,"[0.000, 1.000]",0,1.0,HIGH
TPL_0592,UNCERTAIN,CONTINUE_TESTING,0.5,"[0.000, 1.000]",0,1.0,HIGH
TPL_0590,UNCERTAIN,CONTINUE_TESTING,0.5,"[0.000, 1.000]",0,1.0,HIGH
TPL_0589,UNCERTAIN,CONTINUE_TESTING,0.5,"[0.000, 1.000]",0,1.0,HIGH
TPL_0588,UNCERTAIN,CONTINUE_TESTING,0.5,"[0.000, 1.000]",0,1.0,HIGH
TPL_0587,UNCERTAIN,CONTINUE_TESTING,0.5,"[0.000, 1.000]",0,1.0,HIGH
TPL_0585,UNCERTAIN,CONTINUE_TESTING,0.5,"[0.000, 1.000]",0,1.0,HIGH
TPL_0584,UNCERTAIN,CONTINUE_TESTING,0.5,"[0.000, 1.000]",0,1.0,HIGH
TPL_0583,UNCERTAIN,CONTINUE_TESTING,0.5,"[0.000, 1.000]",0,1.0,HIGH
TPL_0022,UNCERTAIN,CONTINUE_TESTING,0.5,"[0.000, 1.000]",0,1.0,HIGH
TPL_0020,UNCERTAIN,CONTINUE_TESTING,0.5,"[0.000, 1.000]",0,1.0,HIGH
TPL_0019,UNCERTAIN,CONTINUE_TESTING,0.5,"[0.000, 1.000]",0,1.0,HIGH
TPL_0018,UNCERTAIN,CONTINUE_TESTING,0.5,"[0.000, 1.000]",0,1.0,HIGH
TPL_0017,UNCERTAIN,CONTINUE_TESTING,0.5,"[0.000, 1.000]",0,1.0,HIGH
TPL_0015,UNCERTAIN,CONTINUE_TESTING,0.5,"[0.000, 1.000]",0,1.0,HIGH
TPL_0014,UNCERTAIN,CONTINUE_TESTING,0.5,"[0.000, 1.000]",0,1.0,HIGH
TPL_0013,UNCERTAIN,CONTINUE_TESTING,0.5,"[0.000, 1.000]",0,1.0,HIGH
TPL_0012,UNCERTAIN,CONTINUE_TESTING,0.5,"[0.000, 1.000]",0,1.0,HIGH
TPL_0010,UNCERTAIN,CONTINUE_TESTING,0.5,"[0.000, 1.000]",0,1.0,HIGH
TPL_0009,UNCERTAIN,CONTINUE_TESTING,0.5,"[0.000, 1.000]",0,1.0,HIGH
TPL_0008,UNCERTAIN,CONTINUE_TESTING,0.5,"[0.000, 1.000]",0,1.0,HIGH
TPL_0007,UNCERTAIN,CONTINUE_TESTING,0.5,"[0.000, 1.000]",0,1.0,HIGH
TPL_0461,WINNER,PROMOTE,0.35148514851485146,"[0.287, 0.418]",200,0.13119387248170028,LOW
TPL_0331,WINNER,PROMOTE,0.3217821782178218,"[0.259, 0.388]",200,0.12835986051506265,LOW
TPL_0346,WINNER,PROMOTE,0.31037924151696605,"[0.282, 0.339]",1000,0.057248250067442996,LOW
TPL_0571,WINNER,PROMOTE,0.30798004987531175,"[0.277, 0.340]",800,0.06384014376044833,LOW
TPL_0261,WINNER,PROMOTE,0.29141716566866266,"[0.264, 0.320]",1000,0.05622857974426343,LOW
TPL_0356,WINNER,PROMOTE,0.2892768079800499,"[0.258, 0.321]",800,0.0627006670336756,LOW
TPL_0041,WINNER,PROMOTE,0.286783042394015,"[0.256, 0.319]",800,0.06253907907405315,LOW
TPL_0066,WINNER,PROMOTE,0.28217821782178215,"[0.222, 0.346]",200,0.12364240146215705,LOW
TPL_0341,WINNER,PROMOTE,0.2781456953642384,"[0.229, 0.330]",300,0.10080680936367126,LOW
TPL_0591,WINNER,PROMOTE,0.2581047381546135,"[0.228, 0.289]",800,0.060508642935851675,LOW
TPL_0216,WINNER,PROMOTE,0.2524752475247525,"[0.195, 0.314]",200,0.1193306678081234,LOW
TPL_0586,WINNER,PROMOTE,0.2376237623762376,"[0.182, 0.299]",200,0.11690098310795222,LOW
TPL_0406,WINNER,PROMOTE,0.22854291417165667,"[0.203, 0.255]",1000,0.05195322873995714,LOW
TPL_0546,WINNER,PROMOTE,0.22111553784860558,"[0.186, 0.258]",500,0.07248044037195212,LOW
TPL_0566,WINNER,PROMOTE,0.2151394422310757,"[0.180, 0.252]",500,0.07176657015339127,LOW
TPL_0111,WINNER,PROMOTE,0.20916334661354583,"[0.175, 0.246]",500,0.0710301610963443,LOW
TPL_0231,WINNER,PROMOTE,0.2051792828685259,"[0.171, 0.242]",500,0.07052635239498509,LOW
TPL_0276,WINNER,PROMOTE,0.19201995012468828,"[0.166, 0.220]",800,0.054458249117831925,LOW
TPL_0426,WINNER,PROMOTE,0.18463073852295409,"[0.161, 0.209]",1000,0.0480026392397116,LOW
TPL_0186,UNCERTAIN,CONTINUE_TESTING,0.17928286852589642,"[0.147, 0.214]",500,0.06698322526272926,LOW
TPL_0306,UNCERTAIN,CONTINUE_TESTING,0.17880794701986755,"[0.138, 0.224]",300,0.08616197104610918,LOW
TPL_0101,WINNER,PROMOTE,0.17764471057884232,"[0.155, 0.202]",1000,0.047286170829534485,LOW
TPL_0236,UNCERTAIN,CONTINUE_TESTING,0.16556291390728478,"[0.126, 0.209]",300,0.0835650449481383,LOW
TPL_0116,UNCERTAIN,CONTINUE_TESTING,0.1593625498007968,"[0.129, 0.193]",500,0.06390678302878824,LOW
TPL_0271,UNCERTAIN,CONTINUE_TESTING,0.15835411471321695,"[0.134, 0.184]",800,0.05046839275149212,LOW
TPL_0581,UNCERTAIN,CONTINUE_TESTING,0.15338645418326693,"[0.123, 0.186]",500,0.06291696252327864,LOW
TPL_0296,UNCERTAIN,CONTINUE_TESTING,0.14870259481037923,"[0.127, 0.171]",1000,0.04401373348448817,LOW
TPL_0201,UNCERTAIN,CONTINUE_TESTING,0.1483790523690773,"[0.125, 0.174]",800,0.0491394307771969,LOW
TPL_0561,UNCERTAIN,CONTINUE_TESTING,0.1454183266932271,"[0.116, 0.178]",500,0.061544871907583454,LOW
TPL_0551,UNCERTAIN,CONTINUE_TESTING,0.14271457085828343,"[0.122, 0.165]",1000,0.04326879229175484,LOW
TPL_0451,UNCERTAIN,CONTINUE_TESTING,0.14089775561097256,"[0.118, 0.166]",800,0.04809264551854914,LOW
TPL_0541,UNCERTAIN,CONTINUE_TESTING,0.13861386138613863,"[0.095, 0.189]",200,0.09478933389078928,LOW
TPL_0361,UNCERTAIN,CONTINUE_TESTING,0.13341645885286782,"[0.111, 0.158]",800,0.0469997737352361,LOW
TPL_0321,UNCERTAIN,CONTINUE_TESTING,0.1291390728476821,"[0.094, 0.169]",300,0.0753603739001275,LOW
TPL_0511,UNCERTAIN,CONTINUE_TESTING,0.12749003984063745,"[0.100, 0.158]",500,0.058218057887290176,LOW
TPL_0531,UNCERTAIN,CONTINUE_TESTING,0.12251655629139073,"[0.088, 0.162]",300,0.07367252050616399,LOW
TPL_0051,UNCERTAIN,CONTINUE_TESTING,0.11970074812967581,"[0.098, 0.143]",800,0.044865205256551036,LOW
TPL_0131,UNCERTAIN,CONTINUE_TESTING,0.1188118811881188,"[0.078, 0.167]",200,0.08871627305187335,LOW
TPL_0196,UNCERTAIN,CONTINUE_TESTING,0.11676646706586827,"[0.098, 0.137]",1000,0.039720711439047846,LOW
TPL_0421,UNCERTAIN,CONTINUE_TESTING,0.11589403973509933,"[0.082, 0.154]",300,0.07191413949946826,LOW
TPL_0031,UNCERTAIN,CONTINUE_TESTING,0.11553784860557768,"[0.089, 0.145]",500,0.055792542669069065,LOW
TPL_0386,UNCERTAIN,CONTINUE_TESTING,0.11477045908183632,"[0.096, 0.135]",1000,0.03942372305692153,LOW
TPL_0466,UNCERTAIN,CONTINUE_TESTING,0.11354581673306773,"[0.087, 0.143]",500,0.05537029717017615,LOW
TPL_0316,UNCERTAIN,CONTINUE_TESTING,0.10927152317880795,"[0.077, 0.147]",300,0.07007992376528392,LOW
TPL_0181,UNCERTAIN,CONTINUE_TESTING,0.10891089108910891,"[0.070, 0.155]",200,0.08538781856853284,LOW
TPL_0526,UNCERTAIN,CONTINUE_TESTING,0.10891089108910891,"[0.070, 0.155]",200,0.08538781856853284,LOW
TPL_0576,UNCERTAIN,CONTINUE_TESTING,0.10596026490066225,"[0.074, 0.143]",300,0.06913250195346085,LOW
TPL_0121,UNCERTAIN,CONTINUE_TESTING,0.10557768924302789,"[0.080, 0.134]",500,0.05362548180859503,LOW
TPL_0151,UNCERTAIN,CONTINUE_TESTING,0.099601593625498,"[0.075, 0.127]",500,0.05225430575534139,LOW
TPL_0516,UNCERTAIN,CONTINUE_TESTING,0.09602649006622517,"[0.065, 0.132]",300,0.06615851114496951,LOW
TPL_0556,UNCERTAIN,CONTINUE_TESTING,0.08682634730538923,"[0.070, 0.105]",1000,0.034818669983463696,LOW
TPL_0096,UNCERTAIN,CONTINUE_TESTING,0.08283433133732535,"[0.067, 0.101]",1000,0.034081443067023015,LOW
TPL_0126,UNCERTAIN,CONTINUE_TESTING,0.08278145695364239,"[0.054, 0.116]",300,0.061845793421439824,LOW
TPL_0371,UNCERTAIN,CONTINUE_TESTING,0.08104738154613467,"[0.063, 0.101]",800,0.03770301165451605,LOW
TPL_0291,UNCERTAIN,CONTINUE_TESTING,0.07920792079207921,"[0.046, 0.120]",200,0.07391562330575585,LOW
TPL_0536,UNCERTAIN,CONTINUE_TESTING,0.07385229540918163,"[0.058, 0.091]",1000,0.03233373379758501,LOW
TPL_0456,UNCERTAIN,CONTINUE_TESTING,0.0728476821192053,"[0.046, 0.105]",300,0.05830257141229357,LOW
TPL_0301,UNCERTAIN,CONTINUE_TESTING,0.06982543640897755,"[0.053, 0.088]",800,0.03520108482500357,LOW
TPL_0501,UNCERTAIN,CONTINUE_TESTING,0.0695364238410596,"[0.044, 0.101]",300,0.057053152031308396,LOW
TPL_0241,UNCERTAIN,CONTINUE_TESTING,0.06930693069306931,"[0.039, 0.108]",200,0.06945981965925227,LOW
TPL_0206,UNCERTAIN,CONTINUE_TESTING,0.0688622754491018,"[0.054, 0.085]",1000,0.031303613998327325,LOW
TPL_0001,UNCERTAIN,CONTINUE_TESTING,0.06686626746506986,"[0.052, 0.083]",1000,0.03087848696501226,LOW
TPL_0521,UNCERTAIN,CONTINUE_TESTING,0.06291390728476821,"[0.038, 0.093]",300,0.0544377873999897,LOW
TPL_0146,UNCERTAIN,CONTINUE_TESTING,0.06291390728476821,"[0.038, 0.093]",300,0.0544377873999897,LOW
TPL_0391,UNCERTAIN,CONTINUE_TESTING,0.06187624750499002,"[0.048, 0.078]",1000,0.02978017128626373,LOW
TPL_0046,UNCERTAIN,CONTINUE_TESTING,0.059602649006622516,"[0.036, 0.089]",300,0.053066104922625264,LOW
TPL_0351,UNCERTAIN,CONTINUE_TESTING,0.0594059405940594,"[0.031, 0.096]",200,0.0645833106693777,LOW
TPL_0016,UNCERTAIN,CONTINUE_TESTING,0.0594059405940594,"[0.031, 0.096]",200,0.0645833106693777,LOW
TPL_0251,UNCERTAIN,CONTINUE_TESTING,0.05788423153692615,"[0.044, 0.073]",1000,0.028861935963153923,LOW
TPL_0506,UNCERTAIN,CONTINUE_TESTING,0.05776892430278884,"[0.039, 0.080]",500,0.04065884351431363,LOW
TPL_0141,UNCERTAIN,CONTINUE_TESTING,0.057356608478802994,"[0.042, 0.074]",800,0.032106005051326665,LOW
TPL_0381,UNCERTAIN,CONTINUE_TESTING,0.057356608478802994,"[0.042, 0.074]",800,0.032106005051326665,LOW
TPL_0071,UNCERTAIN,CONTINUE_TESTING,0.055776892430278883,"[0.037, 0.077]",500,0.039989639588074145,LOW
TPL_0176,UNCERTAIN,CONTINUE_TESTING,0.054455445544554455,"[0.028, 0.090]",200,0.06195666194847518,LOW
TPL_0171,UNCERTAIN,CONTINUE_TESTING,0.054455445544554455,"[0.028, 0.090]",200,0.06195666194847518,LOW
TPL_0021,UNCERTAIN,CONTINUE_TESTING,0.052980132450331126,"[0.031, 0.081]",300,0.05017726701124868,LOW
TPL_0086,UNCERTAIN,CONTINUE_TESTING,0.05179282868525897,"[0.034, 0.073]",500,0.03860704265396516,LOW
TPL_0061,UNCERTAIN,CONTINUE_TESTING,0.049800796812749,"[0.033, 0.070]",500,0.037892038133638416,LOW
TPL_0076,UNCERTAIN,CONTINUE_TESTING,0.04950495049504951,"[0.024, 0.083]",200,0.059182455102999944,LOW
TPL_0266,UNCERTAIN,CONTINUE_TESTING,0.045816733067729085,"[0.029, 0.066]",500,0.03640996466385732,LOW
TPL_0311,UNCERTAIN,CONTINUE_TESTING,0.045816733067729085,"[0.029, 0.066]",500,0.03640996466385732,LOW
TPL_0006,UNCERTAIN,CONTINUE_TESTING,0.045816733067729085,"[0.029, 0.066]",500,0.03640996466385732,LOW
TPL_0486,UNCERTAIN,CONTINUE_TESTING,0.04491017964071856,"[0.033, 0.059]",1000,0.02558584666564838,LOW
TPL_0281,UNCERTAIN,CONTINUE_TESTING,0.043824701195219126,"[0.028, 0.063]",500,0.03564073214663707,LOW
TPL_0376,UNCERTAIN,CONTINUE_TESTING,0.043640897755610975,"[0.031, 0.059]",800,0.028191676420682335,LOW
TPL_0256,UNCERTAIN,CONTINUE_TESTING,0.04239401496259352,"[0.030, 0.057]",800,0.0278021025758234,LOW
TPL_0436,UNCERTAIN,CONTINUE_TESTING,0.041916167664670656,"[0.030, 0.055]",1000,0.02475357692065172,LOW
TPL_0191,UNCERTAIN,CONTINUE_TESTING,0.039735099337748346,"[0.021, 0.064]",300,0.043680055970373444,LOW
TPL_0036,UNCERTAIN,CONTINUE_TESTING,0.039735099337748346,"[0.021, 0.064]",300,0.043680055970373444,LOW
TPL_0396,UNCERTAIN,CONTINUE_TESTING,0.039603960396039604,"[0.017, 0.070]",200,0.05309808663575254,LOW
TPL_0496,UNCERTAIN,CONTINUE_TESTING,0.039603960396039604,"[0.017, 0.070]",200,0.05309808663575254,LOW
TPL_0166,UNCERTAIN,CONTINUE_TESTING,0.03642384105960265,"[0.018, 0.060]",300,0.041865619034061774,LOW
TPL_0156,UNCERTAIN,CONTINUE_TESTING,0.03642384105960265,"[0.018, 0.060]",300,0.041865619034061774,LOW
TPL_0106,UNCERTAIN,CONTINUE_TESTING,0.035856573705179286,"[0.021, 0.054]",500,0.03234419603547167,LOW
TPL_0326,UNCERTAIN,CONTINUE_TESTING,0.035856573705179286,"[0.021, 0.054]",500,0.03234419603547167,LOW
TPL_0211,LOSER,SUPPRESS,0.034912718204488775,"[0.023, 0.049]",800,0.025314541503174397,LOW
TPL_0366,UNCERTAIN,CONTINUE_TESTING,0.034653465346534656,"[0.014, 0.064]",200,0.04972273855212627,LOW
TPL_0596,LOSER,SUPPRESS,0.03293413173652695,"[0.023, 0.045]",1000,0.022031894703253608,LOW
TPL_0221,LOSER,SUPPRESS,0.03117206982543641,"[0.020, 0.044]",800,0.02395742514548522,LOW
TPL_0431,LOSER,SUPPRESS,0.029940119760479042,"[0.020, 0.041]",1000,0.021033554961424644,LOW
TPL_0471,UNCERTAIN,CONTINUE_TESTING,0.029801324503311258,"[0.014, 0.052]",300,0.0379340952706146,LOW
TPL_0136,UNCERTAIN,CONTINUE_TESTING,0.0297029702970297,"[0.011, 0.057]",200,0.04606176597466279,LOW
TPL_0446,UNCERTAIN,CONTINUE_TESTING,0.0297029702970297,"[0.011, 0.057]",200,0.04606176597466279,LOW
TPL_0491,LOSER,SUPPRESS,0.028942115768463075,"[0.019, 0.040]",1000,0.02068859974412815,LOW
TPL_0401,LOSER,SUPPRESS,0.025896414342629483,"[0.014, 0.041]",500,0.0275784244527588,LOW
TPL_0286,UNCERTAIN,CONTINUE_TESTING,0.024752475247524754,"[0.008, 0.050]",200,0.04204140958029308,LOW
TPL_0246,LOSER,SUPPRESS,0.02390438247011952,"[0.012, 0.039]",500,0.026509095921577068,LOW
TPL_0226,LOSER,SUPPRESS,0.02369077306733167,"[0.014, 0.035]",800,0.02094325335332832,LOW
TPL_0411,LOSER,SUPPRESS,0.023178807947019868,"[0.009, 0.043]",300,0.033479840309727386,LOW
TPL_0026,LOSER,SUPPRESS,0.022443890274314215,"[0.013, 0.034]",800,0.020392548031777563,LOW
TPL_0056,LOSER,SUPPRESS,0.01996007984031936,"[0.012, 0.029]",1000,0.017237097020220866,LOW
TPL_0091,LOSER,SUPPRESS,0.0199501246882793,"[0.011, 0.031]",800,0.019239307014816125,LOW
TPL_0481,LOSER,SUPPRESS,0.0199203187250996,"[0.010, 0.034]",500,0.024214469427598775,LOW
TPL_0336,LOSER,SUPPRESS,0.019867549668874173,"[0.007, 0.038]",300,0.03098783151543736,LOW
TPL_0161,LOSER,SUPPRESS,0.019867549668874173,"[0.007, 0.038]",300,0.03098783151543736,LOW
TPL_0441,LOSER,SUPPRESS,0.019801980198019802,"[0.005, 0.043]",200,0.037548211914206105,LOW
TPL_0416,LOSER,SUPPRESS,0.018703241895261846,"[0.011, 0.029]",800,0.018633568062444136,LOW
TPL_0081,LOSER,SUPPRESS,0.016556291390728478,"[0.005, 0.034]",300,0.028258737937750744,LOW
TPL_0011,LOSER,SUPPRESS,0.009933774834437087,"[0.002, 0.024]",300,0.02173474774668438,LOW
TPL_0476,LOSER,SUPPRESS,0.009900990099009901,"[0.001, 0.027]",200,0.026199128791917454,LOW
