user_id,segment_id,segment_name,lifecycle_stage,lifecycle_day,day_offset,goal,journey_stage,daily_frequency,notif_1_template_id,notif_1_time,notif_1_channel,notif_2_template_id,notif_2_time,notif_2_channel,notif_3_template_id,notif_3_time,notif_3_channel,notif_4_template_id,notif_4_time,notif_4_channel,notif_5_template_id,notif_5_time,notif_5_channel,notif_6_template_id,notif_6_time,notif_6_channel
U0000,0,Needs Attention,trial,D46,0,activation,1_activation,2,TPL_0066,14:00,push,TPL_0067,06:30,push,,,,,,,,,,,,
U0000,0,Needs Attention,trial,D47,1,habit_formation,1_activation,2,TPL_0092,12:15,push,TPL_0093,06:00,push,,,,,,,,,,,,
U0000,0,Needs Attention,trial,D48,2,habit_formation,2_habit_formation,2,TPL_0099,14:00,push,TPL_0095,08:45,push,,,,,,,,,,,,
U0000,0,Needs Attention,trial,D49,3,feature_discovery,2_habit_formation,2,TPL_0086,12:00,push,TPL_0085,06:15,push,,,,,,,,,,,,
U0000,0,Needs Attention,trial,D50,4,feature_discovery,2_habit_formation,2,TPL_0084,12:00,push,TPL_0086,08:15,push,,,,,,,,,,,,
U0000,0,Needs Attention,trial,D51,5,feature_discovery,3_feature_discovery,2,TPL_0083,14:45,push,TPL_0084,06:45,push,,,,,,,,,,,,
U0000,0,Needs Attention,trial,D52,6,conversion_readiness,3_feature_discovery,2,TPL_0077,14:30,push,TPL_0078,06:15,push,,,,,,,,,,,,
U0001,0,Needs Attention,inactive,D11,0,activation,11_gentle_nudge,2,TPL_0015,14:45,push,TPL_0018,07:30,push,,,,,,,,,,,,
U0001,0,Needs Attention,inactive,D12,1,activation,11_gentle_nudge,2,TPL_0014,12:15,push,TPL_0019,07:00,push,,,,,,,,,,,,
U0001,0,Needs Attention,inactive,D13,2,activation,11_gentle_nudge,2,TPL_0019,12:45,push,TPL_0012,06:30,push,,,,,,,,,,,,
U0001,0,Needs Attention,inactive,D14,3,activation,12_last_chance,2,TPL_0018,13:30,push,TPL_0012,06:45,push,,,,,,,,,,,,
U0001,0,Needs Attention,inactive,D15,4,activation,12_last_chance,2,TPL_0019,14:00,push,TPL_0016,07:00,push,,,,,,,,,,,,
U0001,0,Needs Attention,inactive,D16,5,activation,12_last_chance,2,TPL_0018,14:30,push,TPL_0014,08:30,push,,,,,,,,,,,,
U0001,0,Needs Attention,inactive,D17,6,activation,12_last_chance,2,TPL_0014,14:15,push,TPL_0018,08:00,push,,,,,,,,,,,,
U0002,0,Needs Attention,paid,D61,0,retention,5_early_retention,2,TPL_0057,12:15,push,TPL_0059,07:00,push,,,,,,,,,,,,
U0002,0,Needs Attention,paid,D62,1,retention,5_early_retention,2,TPL_0055,12:00,push,TPL_0057,07:30,push,,,,,,,,,,,,
U0002,0,Needs Attention,paid,D63,2,retention,5_early_retention,2,TPL_0051,13:30,push,TPL_0055,06:30,push,,,,,,,,,,,,
U0002,0,Needs Attention,paid,D64,3,retention,5_early_retention,2,TPL_0059,13:15,push,TPL_0057,08:30,push,,,,,,,,,,,,
U0002,0,Needs Attention,paid,D65,4,retention,5_early_retention,2,TPL_0058,14:00,push,TPL_0060,08:15,push,,,,,,,,,,,,
U0002,0,Needs Attention,paid,D66,5,retention,5_early_retention,2,TPL_0053,14:15,push,TPL_0052,06:45,push,,,,,,,,,,,,
U0002,0,Needs Attention,paid,D67,6,retention,5_early_retention,2,TPL_0058,13:30,push,TPL_0060,08:15,push,,,,,,,,,,,,
U0003,2,Social Engagers,paid,D79,0,retention,5_early_retention,2,TPL_0258,23:30,push,TPL_0257,18:15,push,,,,,,,,,,,,
U0003,2,Social Engagers,paid,D80,1,retention,5_early_retention,2,TPL_0255,21:30,push,TPL_0256,19:30,push,,,,,,,,,,,,
U0003,2,Social Engagers,paid,D81,2,retention,5_early_retention,2,TPL_0257,21:15,push,TPL_0258,20:30,push,,,,,,,,,,,,
U0003,2,Social Engagers,paid,D82,3,retention,5_early_retention,2,TPL_0252,21:45,push,TPL_0251,19:45,push,,,,,,,,,,,,
U0003,2,Social Engagers,paid,D83,4,retention,5_early_retention,2,TPL_0260,21:30,push,TPL_0252,18:15,push,,,,,,,,,,,,
U0003,2,Social Engagers,paid,D84,5,retention,5_early_retention,2,TPL_0260,23:30,push,TPL_0259,20:45,push,,,,,,,,,,,,
U0003,2,Social Engagers,paid,D85,6,retention,5_early_retention,2,TPL_0254,23:45,push,TPL_0251,19:15,push,,,,,,,,,,,,
U0004,3,Segment 3,trial,D87,0,activation,1_activation,4,TPL_0367,12:45,push,TPL_0369,09:00,push,TPL_0370,12:15,push,TPL_0368,11:15,push,,,,,,
U0004,3,Segment 3,trial,D88,1,habit_formation,1_activation,4,TPL_0400,14:45,push,TPL_0393,11:00,push,TPL_0392,13:45,push,TPL_0396,11:45,push,,,,,,
U0004,3,Segment 3,trial,D89,2,habit_formation,2_habit_formation,4,TPL_0395,14:30,push,TPL_0399,11:00,push,TPL_0393,14:00,push,TPL_0394,11:30,push,,,,,,
U0004,3,Segment 3,trial,D90,3,feature_discovery,2_habit_formation,4,TPL_0387,14:30,push,TPL_0386,09:30,push,TPL_0389,13:15,push,TPL_0385,10:00,push,,,,,,
U0004,3,Segment 3,trial,D91,4,feature_discovery,2_habit_formation,4,TPL_0381,14:30,push,TPL_0383,11:15,push,TPL_0385,14:00,push,TPL_0389,11:30,push,,,,,,
U0004,3,Segment 3,trial,D92,5,feature_discovery,3_feature_discovery,4,TPL_0383,14:15,push,TPL_0381,09:30,push,TPL_0388,12:00,push,TPL_0382,11:30,push,,,,,,
U0004,3,Segment 3,trial,D93,6,conversion_readiness,3_feature_discovery,4,TPL_0375,13:00,push,TPL_0380,09:30,push,TPL_0376,13:15,push,TPL_0374,09:15,push,,,,,,
U0005,2,Social Engagers,trial,D82,0,activation,1_activation,2,TPL_0268,23:00,push,TPL_0264,18:45,push,,,,,,,,,,,,
U0005,2,Social Engagers,trial,D83,1,habit_formation,1_activation,2,TPL_0296,21:15,push,TPL_0292,18:45,push,,,,,,,,,,,,
U0005,2,Social Engagers,trial,D84,2,habit_formation,2_habit_formation,2,TPL_0295,23:15,push,TPL_0292,19:45,push,,,,,,,,,,,,
U0005,2,Social Engagers,trial,D85,3,feature_discovery,2_habit_formation,2,TPL_0284,21:15,push,TPL_0289,20:30,push,,,,,,,,,,,,
U0005,2,Social Engagers,trial,D86,4,feature_discovery,2_habit_formation,2,TPL_0284,22:30,push,TPL_0289,19:45,push,,,,,,,,,,,,
U0005,2,Social Engagers,trial,D87,5,feature_discovery,3_feature_discovery,2,TPL_0281,21:15,push,TPL_0284,18:00,push,,,,,,,,,,,,
U0005,2,Social Engagers,trial,D88,6,conversion_readiness,3_feature_discovery,2,TPL_0278,22:00,push,TPL_0272,20:15,push,,,,,,,,,,,,
U0006,2,Social Engagers,trial,D7,0,activation,1_activation,2,TPL_0265,23:15,push,TPL_0264,18:00,push,,,,,,,,,,,,
U0006,2,Social Engagers,trial,D8,1,habit_formation,1_activation,2,TPL_0291,23:00,push,TPL_0297,18:00,push,,,,,,,,,,,,
U0006,2,Social Engagers,trial,D9,2,habit_formation,2_habit_formation,2,TPL_0295,21:30,push,TPL_0299,18:15,push,,,,,,,,,,,,
U0006,2,Social Engagers,trial,D10,3,feature_discovery,2_habit_formation,2,TPL_0286,22:45,push,TPL_0289,18:15,push,,,,,,,,,,,,
U0006,2,Social Engagers,trial,D11,4,feature_discovery,2_habit_formation,2,TPL_0281,23:45,push,TPL_0289,18:45,push,,,,,,,,,,,,
U0006,2,Social Engagers,trial,D12,5,feature_discovery,3_feature_discovery,2,TPL_0285,22:15,push,TPL_0290,18:00,push,,,,,,,,,,,,
U0006,2,Social Engagers,trial,D13,6,conversion_readiness,3_feature_discovery,2,TPL_0271,23:45,push,TPL_0273,19:45,push,,,,,,,,,,,,
U0007,0,Needs Attention,churned,D20,0,re_engagement,9_win_back,2,TPL_0006,13:45,push,TPL_0010,08:00,push,,,,,,,,,,,,
U0007,0,Needs Attention,churned,D21,1,re_engagement,9_win_back,2,TPL_0010,14:00,push,TPL_0002,06:45,push,,,,,,,,,,,,
U0007,0,Needs Attention,churned,D22,2,re_engagement,9_win_back,2,TPL_0007,14:30,push,TPL_0009,06:15,push,,,,,,,,,,,,
U0007,0,Needs Attention,churned,D23,3,re_engagement,10_re_activation,2,TPL_0003,12:15,push,TPL_0001,08:45,push,,,,,,,,,,,,
U0007,0,Needs Attention,churned,D24,4,re_engagement,10_re_activation,2,TPL_0006,12:45,push,TPL_0009,06:30,push,,,,,,,,,,,,
U0007,0,Needs Attention,churned,D25,5,re_engagement,10_re_activation,2,TPL_0002,13:15,push,TPL_0004,06:45,push,,,,,,,,,,,,
U0007,0,Needs Attention,churned,D26,6,re_engagement,10_re_activation,2,TPL_0010,14:00,push,TPL_0004,06:00,push,,,,,,,,,,,,
U0008,3,Segment 3,paid,D80,0,retention,5_early_retention,4,TPL_0359,12:15,push,TPL_0358,09:45,push,TPL_0355,13:45,push,TPL_0356,09:45,push,,,,,,
U0008,3,Segment 3,paid,D81,1,retention,5_early_retention,4,TPL_0351,12:15,push,TPL_0357,10:00,push,TPL_0358,13:30,push,TPL_0354,10:30,push,,,,,,
U0008,3,Segment 3,paid,D82,2,retention,5_early_retention,4,TPL_0354,13:45,push,TPL_0358,09:15,push,TPL_0357,13:15,push,TPL_0353,09:00,push,,,,,,
U0008,3,Segment 3,paid,D83,3,retention,5_early_retention,4,TPL_0352,14:30,push,TPL_0359,09:00,push,TPL_0358,14:45,push,TPL_0354,11:15,push,,,,,,
U0008,3,Segment 3,paid,D84,4,retention,5_early_retention,4,TPL_0356,12:00,push,TPL_0352,09:00,push,TPL_0357,14:00,push,TPL_0354,11:15,push,,,,,,
U0008,3,Segment 3,paid,D85,5,retention,5_early_retention,4,TPL_0354,13:00,push,TPL_0351,11:15,push,TPL_0359,14:00,push,TPL_0352,11:00,push,,,,,,
U0008,3,Segment 3,paid,D86,6,retention,5_early_retention,4,TPL_0355,13:30,push,TPL_0359,10:15,push,TPL_0351,14:30,push,TPL_0352,09:30,push,,,,,,
U0009,0,Needs Attention,paid,D86,0,retention,5_early_retention,2,TPL_0060,13:15,push,TPL_0055,08:30,push,,,,,,,,,,,,
U0009,0,Needs Attention,paid,D87,1,retention,5_early_retention,2,TPL_0051,13:30,push,TPL_0053,06:00,push,,,,,,,,,,,,
U0009,0,Needs Attention,paid,D88,2,retention,5_early_retention,2,TPL_0059,13:00,push,TPL_0051,06:15,push,,,,,,,,,,,,
U0009,0,Needs Attention,paid,D89,3,retention,5_early_retention,2,TPL_0052,14:30,push,TPL_0057,06:30,push,,,,,,,,,,,,
U0009,0,Needs Attention,paid,D90,4,retention,5_early_retention,2,TPL_0058,12:15,push,TPL_0057,07:30,push,,,,,,,,,,,,
U0009,0,Needs Attention,paid,D91,5,retention,5_early_retention,2,TPL_0054,12:45,push,TPL_0057,08:30,push,,,,,,,,,,,,
U0009,0,Needs Attention,paid,D92,6,retention,5_early_retention,2,TPL_0051,14:00,push,TPL_0058,08:30,push,,,,,,,,,,,,
U0010,0,Needs Attention,trial,D79,0,activation,1_activation,2,TPL_0065,14:00,push,TPL_0064,06:30,push,,,,,,,,,,,,
U0010,0,Needs Attention,trial,D80,1,habit_formation,1_activation,2,TPL_0093,12:00,push,TPL_0099,08:15,push,,,,,,,,,,,,
U0010,0,Needs Attention,trial,D81,2,habit_formation,2_habit_formation,2,TPL_0094,13:30,push,TPL_0093,08:15,push,,,,,,,,,,,,
U0010,0,Needs Attention,trial,D82,3,feature_discovery,2_habit_formation,2,TPL_0085,14:30,push,TPL_0083,06:30,push,,,,,,,,,,,,
U0010,0,Needs Attention,trial,D83,4,feature_discovery,2_habit_formation,2,TPL_0086,14:45,push,TPL_0083,07:00,push,,,,,,,,,,,,
U0010,0,Needs Attention,trial,D84,5,feature_discovery,3_feature_discovery,2,TPL_0090,12:45,push,TPL_0086,07:00,push,,,,,,,,,,,,
U0010,0,Needs Attention,trial,D85,6,conversion_readiness,3_feature_discovery,2,TPL_0079,12:30,push,TPL_0077,06:30,push,,,,,,,,,,,,
U0011,3,Segment 3,inactive,D69,0,activation,11_gentle_nudge,4,TPL_0316,12:45,push,TPL_0311,11:45,push,TPL_0319,14:00,push,TPL_0313,09:00,push,,,,,,
U0011,3,Segment 3,inactive,D70,1,activation,11_gentle_nudge,4,TPL_0313,14:15,push,TPL_0311,11:00,push,TPL_0314,13:15,push,TPL_0315,10:15,push,,,,,,
U0011,3,Segment 3,inactive,D71,2,activation,11_gentle_nudge,4,TPL_0311,12:30,push,TPL_0313,10:00,push,TPL_0316,13:15,push,TPL_0318,11:15,push,,,,,,
U0011,3,Segment 3,inactive,D72,3,activation,12_last_chance,4,TPL_0316,14:00,push,TPL_0314,10:45,push,TPL_0318,14:15,push,TPL_0317,09:15,push,,,,,,
U0011,3,Segment 3,inactive,D73,4,activation,12_last_chance,4,TPL_0314,12:45,push,TPL_0315,09:15,push,TPL_0320,14:30,push,TPL_0316,10:15,push,,,,,,
U0011,3,Segment 3,inactive,D74,5,activation,12_last_chance,4,TPL_0314,13:15,push,TPL_0318,11:00,push,TPL_0319,13:00,push,TPL_0313,10:15,push,,,,,,
U0011,3,Segment 3,inactive,D75,6,activation,12_last_chance,4,TPL_0311,12:45,push,TPL_0318,10:30,push,TPL_0312,12:15,push,TPL_0316,09:15,push,,,,,,
U0012,3,Segment 3,churned,D71,0,re_engagement,9_win_back,4,TPL_0304,13:30,push,TPL_0302,10:00,push,TPL_0307,13:30,push,TPL_0303,11:45,push,,,,,,
U0012,3,Segment 3,churned,D72,1,re_engagement,9_win_back,4,TPL_0309,14:30,push,TPL_0310,09:00,push,TPL_0306,13:15,push,TPL_0305,11:30,push,,,,,,
U0012,3,Segment 3,churned,D73,2,re_engagement,9_win_back,4,TPL_0308,12:00,push,TPL_0304,11:45,push,TPL_0303,13:30,push,TPL_0310,10:00,push,,,,,,
U0012,3,Segment 3,churned,D74,3,re_engagement,10_re_activation,4,TPL_0301,13:15,push,TPL_0306,10:00,push,TPL_0303,14:45,push,TPL_0304,09:15,push,,,,,,
U0012,3,Segment 3,churned,D75,4,re_engagement,10_re_activation,4,TPL_0305,13:45,push,TPL_0309,09:30,push,TPL_0307,14:30,push,TPL_0301,11:00,push,,,,,,
U0012,3,Segment 3,churned,D76,5,re_engagement,10_re_activation,4,TPL_0307,14:30,push,TPL_0303,11:30,push,TPL_0304,14:45,push,TPL_0305,10:45,push,,,,,,
U0012,3,Segment 3,churned,D77,6,re_engagement,10_re_activation,4,TPL_0309,14:30,push,TPL_0306,11:15,push,TPL_0302,12:45,push,TPL_0308,11:45,push,,,,,,
U0013,2,Social Engagers,trial,D24,0,activation,1_activation,2,TPL_0266,23:15,push,TPL_0270,20:30,push,,,,,,,,,,,,
U0013,2,Social Engagers,trial,D25,1,habit_formation,1_activation,2,TPL_0296,22:00,push,TPL_0300,19:30,push,,,,,,,,,,,,
U0013,2,Social Engagers,trial,D26,2,habit_formation,2_habit_formation,2,TPL_0299,21:45,push,TPL_0298,20:30,push,,,,,,,,,,,,
U0013,2,Social Engagers,trial,D27,3,feature_discovery,2_habit_formation,2,TPL_0284,22:45,push,TPL_0287,19:15,push,,,,,,,,,,,,
U0013,2,Social Engagers,trial,D28,4,feature_discovery,2_habit_formation,2,TPL_0285,23:45,push,TPL_0287,20:15,push,,,,,,,,,,,,
U0013,2,Social Engagers,trial,D29,5,feature_discovery,3_feature_discovery,2,TPL_0285,23:00,push,TPL_0289,19:30,push,,,,,,,,,,,,
U0013,2,Social Engagers,trial,D30,6,conversion_readiness,3_feature_discovery,2,TPL_0278,21:15,push,TPL_0271,20:30,push,,,,,,,,,,,,
U0014,2,Social Engagers,trial,D81,0,activation,1_activation,2,TPL_0261,21:15,push,TPL_0268,18:00,push,,,,,,,,,,,,
U0014,2,Social Engagers,trial,D82,1,habit_formation,1_activation,2,TPL_0296,21:15,push,TPL_0294,19:00,push,,,,,,,,,,,,
U0014,2,Social Engagers,trial,D83,2,habit_formation,2_habit_formation,2,TPL_0292,22:45,push,TPL_0297,20:15,push,,,,,,,,,,,,
U0014,2,Social Engagers,trial,D84,3,feature_discovery,2_habit_formation,2,TPL_0281,23:45,push,TPL_0286,19:45,push,,,,,,,,,,,,
U0014,2,Social Engagers,trial,D85,4,feature_discovery,2_habit_formation,2,TPL_0282,21:15,push,TPL_0286,20:00,push,,,,,,,,,,,,
U0014,2,Social Engagers,trial,D86,5,feature_discovery,3_feature_discovery,2,TPL_0290,21:45,push,TPL_0281,18:15,push,,,,,,,,,,,,
U0014,2,Social Engagers,trial,D87,6,conversion_readiness,3_feature_discovery,2,TPL_0273,23:45,push,TPL_0274,18:15,push,,,,,,,,,,,,
U0015,0,Needs Attention,trial,D88,0,activation,1_activation,2,TPL_0064,12:45,push,TPL_0067,06:45,push,,,,,,,,,,,,
U0015,0,Needs Attention,trial,D89,1,habit_formation,1_activation,2,TPL_0092,14:30,push,TPL_0096,07:45,push,,,,,,,,,,,,
U0015,0,Needs Attention,trial,D90,2,habit_formation,2_habit_formation,2,TPL_0094,14:45,push,TPL_0096,06:45,push,,,,,,,,,,,,
U0015,0,Needs Attention,trial,D91,3,feature_discovery,2_habit_formation,2,TPL_0083,13:30,push,TPL_0086,06:30,push,,,,,,,,,,,,
U0015,0,Needs Attention,trial,D92,4,feature_discovery,2_habit_formation,2,TPL_0090,14:45,push,TPL_0088,08:15,push,,,,,,,,,,,,
U0015,0,Needs Attention,trial,D93,5,feature_discovery,3_feature_discovery,2,TPL_0084,13:45,push,TPL_0087,06:30,push,,,,,,,,,,,,
U0015,0,Needs Attention,trial,D94,6,conversion_readiness,3_feature_discovery,2,TPL_0076,12:30,push,TPL_0077,07:30,push,,,,,,,,,,,,
U0016,0,Needs Attention,trial,D11,0,activation,1_activation,2,TPL_0067,14:00,push,TPL_0064,06:15,push,,,,,,,,,,,,
U0016,0,Needs Attention,trial,D12,1,habit_formation,1_activation,2,TPL_0093,12:45,push,TPL_0098,08:15,push,,,,,,,,,,,,
U0016,0,Needs Attention,trial,D13,2,habit_formation,2_habit_formation,2,TPL_0097,14:15,push,TPL_0095,06:45,push,,,,,,,,,,,,
U0016,0,Needs Attention,trial,D14,3,feature_discovery,2_habit_formation,2,TPL_0088,13:30,push,TPL_0082,08:45,push,,,,,,,,,,,,
U0016,0,Needs Attention,trial,D15,4,feature_discovery,2_habit_formation,2,TPL_0086,13:00,push,TPL_0088,06:45,push,,,,,,,,,,,,
U0016,0,Needs Attention,trial,D16,5,feature_discovery,3_feature_discovery,2,TPL_0090,13:00,push,TPL_0086,08:45,push,,,,,,,,,,,,
U0016,0,Needs Attention,trial,D17,6,conversion_readiness,3_feature_discovery,2,TPL_0073,13:00,push,TPL_0080,07:30,push,,,,,,,,,,,,
U0017,2,Social Engagers,paid,D14,0,retention,5_early_retention,2,TPL_0251,22:45,push,TPL_0255,20:15,push,,,,,,,,,,,,
U0017,2,Social Engagers,paid,D15,1,retention,5_early_retention,2,TPL_0253,22:15,push,TPL_0252,19:45,push,,,,,,,,,,,,
U0017,2,Social Engagers,paid,D16,2,retention,5_early_retention,2,TPL_0254,22:00,push,TPL_0258,19:30,push,,,,,,,,,,,,
U0017,2,Social Engagers,paid,D17,3,retention,5_early_retention,2,TPL_0256,23:45,push,TPL_0257,20:15,push,,,,,,,,,,,,
U0017,2,Social Engagers,paid,D18,4,retention,5_early_retention,2,TPL_0255,22:15,push,TPL_0260,20:00,push,,,,,,,,,,,,
U0017,2,Social Engagers,paid,D19,5,retention,5_early_retention,2,TPL_0259,22:00,push,TPL_0256,18:45,push,,,,,,,,,,,,
U0017,2,Social Engagers,paid,D20,6,retention,5_early_retention,2,TPL_0252,21:45,push,TPL_0251,18:00,push,,,,,,,,,,,,
U0018,5,Social Engagers,paid,D58,0,retention,5_early_retention,6,TPL_0555,13:45,push,TPL_0553,22:15,push,TPL_0554,13:30,push,TPL_0551,22:45,push,TPL_0560,13:45,push,TPL_0559,22:00,push
U0018,5,Social Engagers,paid,D59,1,retention,5_early_retention,6,TPL_0551,13:00,push,TPL_0553,23:00,push,TPL_0555,13:15,push,TPL_0558,23:00,push,TPL_0556,14:00,push,TPL_0559,21:15,push
U0018,5,Social Engagers,paid,D60,2,retention,5_early_retention,6,TPL_0555,12:00,push,TPL_0552,23:15,push,TPL_0554,12:15,push,TPL_0558,22:00,push,TPL_0556,14:15,push,TPL_0560,22:30,push
U0018,5,Social Engagers,paid,D61,3,retention,5_early_retention,6,TPL_0557,13:15,push,TPL_0554,23:00,push,TPL_0559,12:30,push,TPL_0556,21:00,push,TPL_0555,13:45,push,TPL_0560,22:15,push
U0018,5,Social Engagers,paid,D62,4,retention,5_early_retention,6,TPL_0556,12:15,push,TPL_0553,21:30,push,TPL_0555,14:00,push,TPL_0552,23:00,push,TPL_0554,13:45,push,TPL_0560,23:30,push
U0018,5,Social Engagers,paid,D63,5,retention,5_early_retention,6,TPL_0552,12:30,push,TPL_0558,21:45,push,TPL_0556,13:00,push,TPL_0559,22:30,push,TPL_0555,14:45,push,TPL_0553,23:15,push
U0018,5,Social Engagers,paid,D64,6,retention,5_early_retention,6,TPL_0560,13:15,push,TPL_0552,23:30,push,TPL_0553,14:45,push,TPL_0559,22:45,push,TPL_0557,14:30,push,TPL_0551,22:15,push
U0019,0,Needs Attention,trial,D25,0,activation,1_activation,2,TPL_0069,12:30,push,TPL_0063,07:15,push,,,,,,,,,,,,
U0019,0,Needs Attention,trial,D26,1,habit_formation,1_activation,2,TPL_0098,13:45,push,TPL_0099,07:00,push,,,,,,,,,,,,
U0019,0,Needs Attention,trial,D27,2,habit_formation,2_habit_formation,2,TPL_0095,13:30,push,TPL_0099,06:45,push,,,,,,,,,,,,
U0019,0,Needs Attention,trial,D28,3,feature_discovery,2_habit_formation,2,TPL_0088,12:30,push,TPL_0084,07:30,push,,,,,,,,,,,,
U0019,0,Needs Attention,trial,D29,4,feature_discovery,2_habit_formation,2,TPL_0082,13:30,push,TPL_0088,08:00,push,,,,,,,,,,,,
U0019,0,Needs Attention,trial,D30,5,feature_discovery,3_feature_discovery,2,TPL_0083,14:15,push,TPL_0085,06:15,push,,,,,,,,,,,,
U0019,0,Needs Attention,trial,D31,6,conversion_readiness,3_feature_discovery,2,TPL_0076,14:45,push,TPL_0071,07:15,push,,,,,,,,,,,,
U0020,0,Needs Attention,paid,D25,0,retention,5_early_retention,2,TPL_0059,14:45,push,TPL_0053,08:45,push,,,,,,,,,,,,
U0020,0,Needs Attention,paid,D26,1,retention,5_early_retention,2,TPL_0055,13:00,push,TPL_0053,06:30,push,,,,,,,,,,,,
U0020,0,Needs Attention,paid,D27,2,retention,5_early_retention,2,TPL_0051,12:45,push,TPL_0055,08:15,push,,,,,,,,,,,,
U0020,0,Needs Attention,paid,D28,3,retention,5_early_retention,2,TPL_0053,13:30,push,TPL_0054,07:30,push,,,,,,,,,,,,
U0020,0,Needs Attention,paid,D29,4,retention,5_early_retention,2,TPL_0060,13:30,push,TPL_0052,07:45,push,,,,,,,,,,,,
U0020,0,Needs Attention,paid,D30,5,retention,5_early_retention,2,TPL_0051,13:30,push,TPL_0052,07:15,push,,,,,,,,,,,,
U0020,0,Needs Attention,paid,D31,6,retention,5_early_retention,2,TPL_0054,12:15,push,TPL_0055,07:00,push,,,,,,,,,,,,
U0021,0,Needs Attention,trial,D46,0,activation,1_activation,2,TPL_0062,14:15,push,TPL_0061,06:15,push,,,,,,,,,,,,
U0021,0,Needs Attention,trial,D47,1,habit_formation,1_activation,2,TPL_0093,14:45,push,TPL_0094,07:30,push,,,,,,,,,,,,
U0021,0,Needs Attention,trial,D48,2,habit_formation,2_habit_formation,2,TPL_0092,12:15,push,TPL_0094,07:15,push,,,,,,,,,,,,
U0021,0,Needs Attention,trial,D49,3,feature_discovery,2_habit_formation,2,TPL_0087,13:15,push,TPL_0084,07:00,push,,,,,,,,,,,,
U0021,0,Needs Attention,trial,D50,4,feature_discovery,2_habit_formation,2,TPL_0090,14:15,push,TPL_0086,07:00,push,,,,,,,,,,,,
U0021,0,Needs Attention,trial,D51,5,feature_discovery,3_feature_discovery,2,TPL_0082,12:30,push,TPL_0085,08:15,push,,,,,,,,,,,,
U0021,0,Needs Attention,trial,D52,6,conversion_readiness,3_feature_discovery,2,TPL_0073,14:45,push,TPL_0080,06:00,push,,,,,,,,,,,,
U0022,0,Needs Attention,trial,D31,0,activation,1_activation,2,TPL_0063,14:30,push,TPL_0064,07:45,push,,,,,,,,,,,,
U0022,0,Needs Attention,trial,D32,1,habit_formation,1_activation,2,TPL_0098,13:30,push,TPL_0092,06:00,push,,,,,,,,,,,,
U0022,0,Needs Attention,trial,D33,2,habit_formation,2_habit_formation,2,TPL_0096,13:45,push,TPL_0093,06:00,push,,,,,,,,,,,,
U0022,0,Needs Attention,trial,D34,3,feature_discovery,2_habit_formation,2,TPL_0089,13:45,push,TPL_0088,06:00,push,,,,,,,,,,,,
U0022,0,Needs Attention,trial,D35,4,feature_discovery,2_habit_formation,2,TPL_0082,12:15,push,TPL_0085,08:30,push,,,,,,,,,,,,
U0022,0,Needs Attention,trial,D36,5,feature_discovery,3_feature_discovery,2,TPL_0086,12:15,push,TPL_0089,06:45,push,,,,,,,,,,,,
U0022,0,Needs Attention,trial,D37,6,conversion_readiness,3_feature_discovery,2,TPL_0072,14:15,push,TPL_0074,08:45,push,,,,,,,,,,,,
U0023,2,Social Engagers,trial,D9,0,activation,1_activation,2,TPL_0264,22:45,push,TPL_0266,19:45,push,,,,,,,,,,,,
U0023,2,Social Engagers,trial,D10,1,habit_formation,1_activation,2,TPL_0298,22:00,push,TPL_0300,20:00,push,,,,,,,,,,,,
U0023,2,Social Engagers,trial,D11,2,habit_formation,2_habit_formation,2,TPL_0297,21:15,push,TPL_0298,19:00,push,,,,,,,,,,,,
U0023,2,Social Engagers,trial,D12,3,feature_discovery,2_habit_formation,2,TPL_0290,21:15,push,TPL_0281,18:00,push,,,,,,,,,,,,
U0023,2,Social Engagers,trial,D13,4,feature_discovery,2_habit_formation,2,TPL_0289,21:00,push,TPL_0284,19:45,push,,,,,,,,,,,,
U0023,2,Social Engagers,trial,D14,5,feature_discovery,3_feature_discovery,2,TPL_0288,23:45,push,TPL_0283,19:00,push,,,,,,,,,,,,
U0023,2,Social Engagers,trial,D15,6,conversion_readiness,3_feature_discovery,2,TPL_0278,21:30,push,TPL_0272,20:30,push,,,,,,,,,,,,
U0024,0,Needs Attention,paid,D15,0,retention,5_early_retention,2,TPL_0058,14:45,push,TPL_0052,06:15,push,,,,,,,,,,,,
U0024,0,Needs Attention,paid,D16,1,retention,5_early_retention,2,TPL_0052,13:15,push,TPL_0060,07:00,push,,,,,,,,,,,,
U0024,0,Needs Attention,paid,D17,2,retention,5_early_retention,2,TPL_0053,14:15,push,TPL_0057,08:15,push,,,,,,,,,,,,
U0024,0,Needs Attention,paid,D18,3,retention,5_early_retention,2,TPL_0051,13:15,push,TPL_0060,06:00,push,,,,,,,,,,,,
U0024,0,Needs Attention,paid,D19,4,retention,5_early_retention,2,TPL_0057,12:30,push,TPL_0053,08:30,push,,,,,,,,,,,,
U0024,0,Needs Attention,paid,D20,5,retention,5_early_retention,2,TPL_0059,13:00,push,TPL_0053,07:30,push,,,,,,,,,,,,
U0024,0,Needs Attention,paid,D21,6,retention,5_early_retention,2,TPL_0058,14:45,push,TPL_0054,07:45,push,,,,,,,,,,,,
U0025,0,Needs Attention,churned,D70,0,re_engagement,9_win_back,2,TPL_0002,13:00,push,TPL_0010,08:00,push,,,,,,,,,,,,
U0025,0,Needs Attention,churned,D71,1,re_engagement,9_win_back,2,TPL_0002,13:30,push,TPL_0004,08:30,push,,,,,,,,,,,,
U0025,0,Needs Attention,churned,D72,2,re_engagement,9_win_back,2,TPL_0004,12:00,push,TPL_0001,06:00,push,,,,,,,,,,,,
U0025,0,Needs Attention,churned,D73,3,re_engagement,10_re_activation,2,TPL_0009,14:30,push,TPL_0005,08:00,push,,,,,,,,,,,,
U0025,0,Needs Attention,churned,D74,4,re_engagement,10_re_activation,2,TPL_0004,12:45,push,TPL_0007,08:45,push,,,,,,,,,,,,
U0025,0,Needs Attention,churned,D75,5,re_engagement,10_re_activation,2,TPL_0005,13:15,push,TPL_0001,08:45,push,,,,,,,,,,,,
U0025,0,Needs Attention,churned,D76,6,re_engagement,10_re_activation,2,TPL_0008,14:45,push,TPL_0003,06:45,push,,,,,,,,,,,,
U0026,5,Social Engagers,trial,D16,0,activation,1_activation,6,TPL_0569,13:45,push,TPL_0563,22:30,push,TPL_0567,14:00,push,TPL_0565,21:30,push,TPL_0566,13:45,push,TPL_0568,22:45,push
U0026,5,Social Engagers,trial,D17,1,habit_formation,1_activation,6,TPL_0592,14:00,push,TPL_0591,22:00,push,TPL_0593,13:30,push,TPL_0599,22:00,push,TPL_0597,13:00,push,TPL_0595,23:45,push
U0026,5,Social Engagers,trial,D18,2,habit_formation,2_habit_formation,6,TPL_0600,13:00,push,TPL_0592,21:30,push,TPL_0591,14:45,push,TPL_0594,23:45,push,TPL_0598,12:15,push,TPL_0597,22:15,push
U0026,5,Social Engagers,trial,D19,3,feature_discovery,2_habit_formation,6,TPL_0585,13:45,push,TPL_0587,23:45,push,TPL_0586,12:00,push,TPL_0582,23:15,push,TPL_0588,14:15,push,TPL_0584,22:00,push
U0026,5,Social Engagers,trial,D20,4,feature_discovery,2_habit_formation,6,TPL_0587,14:45,push,TPL_0588,21:15,push,TPL_0585,12:45,push,TPL_0582,21:15,push,TPL_0586,13:30,push,TPL_0590,23:30,push
U0026,5,Social Engagers,trial,D21,5,feature_discovery,3_feature_discovery,6,TPL_0589,13:45,push,TPL_0583,22:15,push,TPL_0588,13:15,push,TPL_0582,22:15,push,TPL_0586,14:15,push,TPL_0585,21:30,push
U0026,5,Social Engagers,trial,D22,6,conversion_readiness,3_feature_discovery,6,TPL_0579,13:30,push,TPL_0574,23:30,push,TPL_0571,12:30,push,TPL_0575,23:30,push,TPL_0573,14:45,push,TPL_0576,21:45,push
U0027,0,Needs Attention,paid,D22,0,retention,5_early_retention,2,TPL_0060,14:45,push,TPL_0058,07:30,push,,,,,,,,,,,,
U0027,0,Needs Attention,paid,D23,1,retention,5_early_retention,2,TPL_0052,14:45,push,TPL_0055,07:30,push,,,,,,,,,,,,
U0027,0,Needs Attention,paid,D24,2,retention,5_early_retention,2,TPL_0054,12:15,push,TPL_0059,08:45,push,,,,,,,,,,,,
U0027,0,Needs Attention,paid,D25,3,retention,5_early_retention,2,TPL_0055,12:45,push,TPL_0054,06:30,push,,,,,,,,,,,,
U0027,0,Needs Attention,paid,D26,4,retention,5_early_retention,2,TPL_0053,14:45,push,TPL_0060,08:45,push,,,,,,,,,,,,
U0027,0,Needs Attention,paid,D27,5,retention,5_early_retention,2,TPL_0060,13:15,push,TPL_0058,07:00,push,,,,,,,,,,,,
U0027,0,Needs Attention,paid,D28,6,retention,5_early_retention,2,TPL_0055,12:30,push,TPL_0057,06:45,push,,,,,,,,,,,,
U0028,3,Segment 3,paid,D25,0,retention,5_early_retention,4,TPL_0352,12:45,push,TPL_0353,09:15,push,TPL_0351,13:15,push,TPL_0355,09:45,push,,,,,,
U0028,3,Segment 3,paid,D26,1,retention,5_early_retention,4,TPL_0357,13:30,push,TPL_0354,11:45,push,TPL_0359,14:00,push,TPL_0355,10:45,push,,,,,,
U0028,3,Segment 3,paid,D27,2,retention,5_early_retention,4,TPL_0359,13:45,push,TPL_0351,11:00,push,TPL_0360,14:00,push,TPL_0354,09:30,push,,,,,,
U0028,3,Segment 3,paid,D28,3,retention,5_early_retention,4,TPL_0360,12:00,push,TPL_0355,10:00,push,TPL_0351,14:00,push,TPL_0352,10:15,push,,,,,,
U0028,3,Segment 3,paid,D29,4,retention,5_early_retention,4,TPL_0356,14:30,push,TPL_0358,09:00,push,TPL_0352,13:00,push,TPL_0353,10:30,push,,,,,,
U0028,3,Segment 3,paid,D30,5,retention,5_early_retention,4,TPL_0355,13:45,push,TPL_0353,09:15,push,TPL_0352,14:45,push,TPL_0358,11:15,push,,,,,,
U0028,3,Segment 3,paid,D31,6,retention,5_early_retention,4,TPL_0358,12:15,push,TPL_0351,09:45,push,TPL_0357,14:15,push,TPL_0355,10:15,push,,,,,,
U0029,0,Needs Attention,trial,D84,0,activation,1_activation,2,TPL_0069,12:45,push,TPL_0066,08:30,push,,,,,,,,,,,,
U0029,0,Needs Attention,trial,D85,1,habit_formation,1_activation,2,TPL_0096,13:30,push,TPL_0095,08:00,push,,,,,,,,,,,,
U0029,0,Needs Attention,trial,D86,2,habit_formation,2_habit_formation,2,TPL_0098,13:30,push,TPL_0095,08:15,push,,,,,,,,,,,,
U0029,0,Needs Attention,trial,D87,3,feature_discovery,2_habit_formation,2,TPL_0089,12:45,push,TPL_0086,07:30,push,,,,,,,,,,,,
U0029,0,Needs Attention,trial,D88,4,feature_discovery,2_habit_formation,2,TPL_0087,14:45,push,TPL_0088,08:30,push,,,,,,,,,,,,
U0029,0,Needs Attention,trial,D89,5,feature_discovery,3_feature_discovery,2,TPL_0083,13:30,push,TPL_0084,06:45,push,,,,,,,,,,,,
U0029,0,Needs Attention,trial,D90,6,conversion_readiness,3_feature_discovery,2,TPL_0071,13:00,push,TPL_0077,06:45,push,,,,,,,,,,,,
U0030,5,Social Engagers,paid,D85,0,retention,5_early_retention,6,TPL_0553,14:30,push,TPL_0557,23:30,push,TPL_0554,14:30,push,TPL_0555,21:45,push,TPL_0552,13:00,push,TPL_0559,23:00,push
U0030,5,Social Engagers,paid,D86,1,retention,5_early_retention,6,TPL_0557,14:45,push,TPL_0551,22:15,push,TPL_0555,14:30,push,TPL_0556,21:15,push,TPL_0553,14:30,push,TPL_0554,23:15,push
U0030,5,Social Engagers,paid,D87,2,retention,5_early_retention,6,TPL_0552,14:00,push,TPL_0558,23:00,push,TPL_0553,13:45,push,TPL_0556,21:30,push,TPL_0557,14:15,push,TPL_0551,21:30,push
U0030,5,Social Engagers,paid,D88,3,retention,5_early_retention,6,TPL_0552,13:45,push,TPL_0554,21:15,push,TPL_0556,12:30,push,TPL_0557,23:30,push,TPL_0558,12:30,push,TPL_0551,22:30,push
U0030,5,Social Engagers,paid,D89,4,retention,5_early_retention,6,TPL_0554,14:30,push,TPL_0558,21:45,push,TPL_0560,12:15,push,TPL_0559,21:45,push,TPL_0555,14:30,push,TPL_0553,21:45,push
U0030,5,Social Engagers,paid,D90,5,retention,5_early_retention,6,TPL_0554,12:30,push,TPL_0557,23:00,push,TPL_0559,13:30,push,TPL_0558,23:30,push,TPL_0553,14:45,push,TPL_0556,23:30,push
U0030,5,Social Engagers,paid,D91,6,retention,5_early_retention,6,TPL_0552,12:15,push,TPL_0553,22:00,push,TPL_0560,14:30,push,TPL_0555,23:15,push,TPL_0556,14:00,push,TPL_0551,23:45,push
U0031,0,Needs Attention,trial,D6,0,activation,1_activation,2,TPL_0061,14:30,push,TPL_0068,08:45,push,,,,,,,,,,,,
U0031,0,Needs Attention,trial,D7,1,habit_formation,1_activation,2,TPL_0094,12:15,push,TPL_0096,06:00,push,,,,,,,,,,,,
U0031,0,Needs Attention,trial,D8,2,habit_formation,2_habit_formation,2,TPL_0100,13:45,push,TPL_0094,06:00,push,,,,,,,,,,,,
U0031,0,Needs Attention,trial,D9,3,feature_discovery,2_habit_formation,2,TPL_0088,12:15,push,TPL_0087,07:45,push,,,,,,,,,,,,
U0031,0,Needs Attention,trial,D10,4,feature_discovery,2_habit_formation,2,TPL_0082,13:45,push,TPL_0085,08:15,push,,,,,,,,,,,,
U0031,0,Needs Attention,trial,D11,5,feature_discovery,3_feature_discovery,2,TPL_0087,13:00,push,TPL_0089,07:45,push,,,,,,,,,,,,
U0031,0,Needs Attention,trial,D12,6,conversion_readiness,3_feature_discovery,2,TPL_0074,13:00,push,TPL_0077,08:30,push,,,,,,,,,,,,
U0032,0,Needs Attention,trial,D13,0,activation,1_activation,2,TPL_0065,12:45,push,TPL_0070,07:15,push,,,,,,,,,,,,
U0032,0,Needs Attention,trial,D14,1,habit_formation,1_activation,2,TPL_0096,13:00,push,TPL_0099,08:30,push,,,,,,,,,,,,
U0032,0,Needs Attention,trial,D15,2,habit_formation,2_habit_formation,2,TPL_0094,14:30,push,TPL_0095,06:45,push,,,,,,,,,,,,
U0032,0,Needs Attention,trial,D16,3,feature_discovery,2_habit_formation,2,TPL_0086,13:15,push,TPL_0084,06:45,push,,,,,,,,,,,,
U0032,0,Needs Attention,trial,D17,4,feature_discovery,2_habit_formation,2,TPL_0088,12:15,push,TPL_0089,08:00,push,,,,,,,,,,,,
U0032,0,Needs Attention,trial,D18,5,feature_discovery,3_feature_discovery,2,TPL_0089,12:30,push,TPL_0084,06:15,push,,,,,,,,,,,,
U0032,0,Needs Attention,trial,D19,6,conversion_readiness,3_feature_discovery,2,TPL_0079,14:15,push,TPL_0080,06:15,push,,,,,,,,,,,,
U0033,3,Segment 3,inactive,D78,0,activation,11_gentle_nudge,4,TPL_0313,14:15,push,TPL_0311,09:30,push,TPL_0315,12:00,push,TPL_0320,10:15,push,,,,,,
U0033,3,Segment 3,inactive,D79,1,activation,11_gentle_nudge,4,TPL_0316,12:30,push,TPL_0317,09:00,push,TPL_0318,14:00,push,TPL_0313,09:00,push,,,,,,
U0033,3,Segment 3,inactive,D80,2,activation,11_gentle_nudge,4,TPL_0311,13:15,push,TPL_0313,11:30,push,TPL_0320,12:15,push,TPL_0318,10:00,push,,,,,,
U0033,3,Segment 3,inactive,D81,3,activation,12_last_chance,4,TPL_0317,12:45,push,TPL_0311,11:00,push,TPL_0318,14:00,push,TPL_0316,10:45,push,,,,,,
U0033,3,Segment 3,inactive,D82,4,activation,12_last_chance,4,TPL_0315,13:00,push,TPL_0314,10:15,push,TPL_0313,14:00,push,TPL_0318,11:30,push,,,,,,
U0033,3,Segment 3,inactive,D83,5,activation,12_last_chance,4,TPL_0318,13:00,push,TPL_0317,09:45,push,TPL_0320,13:45,push,TPL_0312,11:00,push,,,,,,
U0033,3,Segment 3,inactive,D84,6,activation,12_last_chance,4,TPL_0316,13:45,push,TPL_0317,09:00,push,TPL_0312,13:15,push,TPL_0313,09:15,push,,,,,,
U0034,2,Social Engagers,inactive,D6,0,activation,11_gentle_nudge,2,TPL_0220,22:30,push,TPL_0218,19:30,push,,,,,,,,,,,,
U0034,2,Social Engagers,inactive,D7,1,activation,11_gentle_nudge,2,TPL_0219,22:45,push,TPL_0214,18:00,push,,,,,,,,,,,,
U0034,2,Social Engagers,inactive,D8,2,activation,11_gentle_nudge,2,TPL_0215,23:15,push,TPL_0219,19:45,push,,,,,,,,,,,,
U0034,2,Social Engagers,inactive,D9,3,activation,12_last_chance,2,TPL_0212,21:45,push,TPL_0217,19:45,push,,,,,,,,,,,,
U0034,2,Social Engagers,inactive,D10,4,activation,12_last_chance,2,TPL_0212,22:45,push,TPL_0214,20:00,push,,,,,,,,,,,,
U0034,2,Social Engagers,inactive,D11,5,activation,12_last_chance,2,TPL_0212,22:45,push,TPL_0213,19:30,push,,,,,,,,,,,,
U0034,2,Social Engagers,inactive,D12,6,activation,12_last_chance,2,TPL_0212,22:15,push,TPL_0213,20:45,push,,,,,,,,,,,,
U0035,0,Needs Attention,churned,D8,0,re_engagement,9_win_back,2,TPL_0001,12:00,push,TPL_0006,06:00,push,,,,,,,,,,,,
U0035,0,Needs Attention,churned,D9,1,re_engagement,9_win_back,2,TPL_0008,13:00,push,TPL_0001,08:30,push,,,,,,,,,,,,
U0035,0,Needs Attention,churned,D10,2,re_engagement,9_win_back,2,TPL_0007,12:00,push,TPL_0008,08:30,push,,,,,,,,,,,,
U0035,0,Needs Attention,churned,D11,3,re_engagement,10_re_activation,2,TPL_0005,14:00,push,TPL_0003,07:30,push,,,,,,,,,,,,
U0035,0,Needs Attention,churned,D12,4,re_engagement,10_re_activation,2,TPL_0010,14:45,push,TPL_0007,08:00,push,,,,,,,,,,,,
U0035,0,Needs Attention,churned,D13,5,re_engagement,10_re_activation,2,TPL_0009,13:30,push,TPL_0004,07:00,push,,,,,,,,,,,,
U0035,0,Needs Attention,churned,D14,6,re_engagement,10_re_activation,2,TPL_0005,14:15,push,TPL_0004,06:45,push,,,,,,,,,,,,
U0036,0,Needs Attention,trial,D47,0,activation,1_activation,2,TPL_0066,12:00,push,TPL_0068,07:30,push,,,,,,,,,,,,
U0036,0,Needs Attention,trial,D48,1,habit_formation,1_activation,2,TPL_0094,12:30,push,TPL_0100,08:15,push,,,,,,,,,,,,
U0036,0,Needs Attention,trial,D49,2,habit_formation,2_habit_formation,2,TPL_0100,13:00,push,TPL_0097,08:30,push,,,,,,,,,,,,
U0036,0,Needs Attention,trial,D50,3,feature_discovery,2_habit_formation,2,TPL_0087,12:15,push,TPL_0089,07:30,push,,,,,,,,,,,,
U0036,0,Needs Attention,trial,D51,4,feature_discovery,2_habit_formation,2,TPL_0088,13:30,push,TPL_0084,06:15,push,,,,,,,,,,,,
U0036,0,Needs Attention,trial,D52,5,feature_discovery,3_feature_discovery,2,TPL_0087,12:45,push,TPL_0088,06:15,push,,,,,,,,,,,,
U0036,0,Needs Attention,trial,D53,6,conversion_readiness,3_feature_discovery,2,TPL_0079,14:00,push,TPL_0080,06:15,push,,,,,,,,,,,,
U0037,5,Social Engagers,trial,D71,0,activation,1_activation,6,TPL_0567,13:45,push,TPL_0562,22:30,push,TPL_0570,12:30,push,TPL_0566,22:30,push,TPL_0561,14:00,push,TPL_0569,21:15,push
U0037,5,Social Engagers,trial,D72,1,habit_formation,1_activation,6,TPL_0598,12:00,push,TPL_0591,23:00,push,TPL_0593,13:45,push,TPL_0597,23:45,push,TPL_0594,13:45,push,TPL_0600,22:30,push
U0037,5,Social Engagers,trial,D73,2,habit_formation,2_habit_formation,6,TPL_0595,12:00,push,TPL_0592,22:45,push,TPL_0598,12:30,push,TPL_0600,23:45,push,TPL_0591,14:30,push,TPL_0599,21:15,push
U0037,5,Social Engagers,trial,D74,3,feature_discovery,2_habit_formation,6,TPL_0583,13:00,push,TPL_0587,21:15,push,TPL_0582,13:15,push,TPL_0585,21:30,push,TPL_0581,13:30,push,TPL_0584,21:00,push
U0037,5,Social Engagers,trial,D75,4,feature_discovery,2_habit_formation,6,TPL_0589,13:45,push,TPL_0582,21:15,push,TPL_0585,13:15,push,TPL_0590,23:30,push,TPL_0583,12:45,push,TPL_0584,23:00,push
U0037,5,Social Engagers,trial,D76,5,feature_discovery,3_feature_discovery,6,TPL_0587,13:00,push,TPL_0582,22:00,push,TPL_0586,13:45,push,TPL_0589,23:45,push,TPL_0584,14:45,push,TPL_0590,22:00,push
U0037,5,Social Engagers,trial,D77,6,conversion_readiness,3_feature_discovery,6,TPL_0575,13:00,push,TPL_0574,22:15,push,TPL_0576,14:45,push,TPL_0572,23:30,push,TPL_0579,12:45,push,TPL_0580,21:15,push
U0038,5,Social Engagers,paid,D58,0,retention,5_early_retention,6,TPL_0552,13:45,push,TPL_0555,23:00,push,TPL_0556,13:30,push,TPL_0558,23:30,push,TPL_0559,12:30,push,TPL_0554,21:00,push
U0038,5,Social Engagers,paid,D59,1,retention,5_early_retention,6,TPL_0556,14:00,push,TPL_0555,23:15,push,TPL_0554,13:30,push,TPL_0551,23:15,push,TPL_0557,12:00,push,TPL_0558,21:30,push
U0038,5,Social Engagers,paid,D60,2,retention,5_early_retention,6,TPL_0551,12:15,push,TPL_0555,23:15,push,TPL_0557,14:00,push,TPL_0560,21:45,push,TPL_0559,13:45,push,TPL_0554,23:30,push
U0038,5,Social Engagers,paid,D61,3,retention,5_early_retention,6,TPL_0559,14:30,push,TPL_0553,21:45,push,TPL_0560,12:45,push,TPL_0552,22:30,push,TPL_0555,13:00,push,TPL_0554,22:00,push
U0038,5,Social Engagers,paid,D62,4,retention,5_early_retention,6,TPL_0554,13:45,push,TPL_0552,22:00,push,TPL_0557,12:30,push,TPL_0559,22:00,push,TPL_0555,14:00,push,TPL_0553,23:45,push
U0038,5,Social Engagers,paid,D63,5,retention,5_early_retention,6,TPL_0556,13:00,push,TPL_0554,22:15,push,TPL_0553,13:45,push,TPL_0558,23:15,push,TPL_0555,12:45,push,TPL_0559,21:30,push
U0038,5,Social Engagers,paid,D64,6,retention,5_early_retention,6,TPL_0557,14:00,push,TPL_0559,23:15,push,TPL_0560,12:15,push,TPL_0554,23:45,push,TPL_0558,13:15,push,TPL_0553,22:30,push
U0039,0,Needs Attention,paid,D86,0,retention,5_early_retention,2,TPL_0051,13:45,push,TPL_0060,07:30,push,,,,,,,,,,,,
U0039,0,Needs Attention,paid,D87,1,retention,5_early_retention,2,TPL_0058,14:00,push,TPL_0052,08:30,push,,,,,,,,,,,,
U0039,0,Needs Attention,paid,D88,2,retention,5_early_retention,2,TPL_0054,12:30,push,TPL_0052,06:45,push,,,,,,,,,,,,
U0039,0,Needs Attention,paid,D89,3,retention,5_early_retention,2,TPL_0053,13:30,push,TPL_0059,08:15,push,,,,,,,,,,,,
U0039,0,Needs Attention,paid,D90,4,retention,5_early_retention,2,TPL_0054,13:00,push,TPL_0058,08:15,push,,,,,,,,,,,,
U0039,0,Needs Attention,paid,D91,5,retention,5_early_retention,2,TPL_0058,13:30,push,TPL_0051,08:45,push,,,,,,,,,,,,
U0039,0,Needs Attention,paid,D92,6,retention,5_early_retention,2,TPL_0053,12:00,push,TPL_0051,07:45,push,,,,,,,,,,,,
U0040,2,Social Engagers,trial,D81,0,activation,1_activation,2,TPL_0267,23:30,push,TPL_0268,18:00,push,,,,,,,,,,,,
U0040,2,Social Engagers,trial,D82,1,habit_formation,1_activation,2,TPL_0291,23:45,push,TPL_0296,20:30,push,,,,,,,,,,,,
U0040,2,Social Engagers,trial,D83,2,habit_formation,2_habit_formation,2,TPL_0298,21:30,push,TPL_0291,19:15,push,,,,,,,,,,,,
U0040,2,Social Engagers,trial,D84,3,feature_discovery,2_habit_formation,2,TPL_0290,21:30,push,TPL_0281,19:15,push,,,,,,,,,,,,
U0040,2,Social Engagers,trial,D85,4,feature_discovery,2_habit_formation,2,TPL_0286,21:15,push,TPL_0285,18:00,push,,,,,,,,,,,,
U0040,2,Social Engagers,trial,D86,5,feature_discovery,3_feature_discovery,2,TPL_0286,22:00,push,TPL_0281,20:00,push,,,,,,,,,,,,
U0040,2,Social Engagers,trial,D87,6,conversion_readiness,3_feature_discovery,2,TPL_0274,23:30,push,TPL_0277,20:15,push,,,,,,,,,,,,
U0041,0,Needs Attention,paid,D38,0,retention,5_early_retention,2,TPL_0058,14:45,push,TPL_0051,06:15,push,,,,,,,,,,,,
U0041,0,Needs Attention,paid,D39,1,retention,5_early_retention,2,TPL_0053,12:15,push,TPL_0055,08:45,push,,,,,,,,,,,,
U0041,0,Needs Attention,paid,D40,2,retention,5_early_retention,2,TPL_0059,12:45,push,TPL_0051,07:15,push,,,,,,,,,,,,
U0041,0,Needs Attention,paid,D41,3,retention,5_early_retention,2,TPL_0055,13:30,push,TPL_0058,08:45,push,,,,,,,,,,,,
U0041,0,Needs Attention,paid,D42,4,retention,5_early_retention,2,TPL_0051,12:15,push,TPL_0057,07:45,push,,,,,,,,,,,,
U0041,0,Needs Attention,paid,D43,5,retention,5_early_retention,2,TPL_0058,12:30,push,TPL_0054,08:45,push,,,,,,,,,,,,
U0041,0,Needs Attention,paid,D44,6,retention,5_early_retention,2,TPL_0059,13:30,push,TPL_0051,07:45,push,,,,,,,,,,,,
U0042,5,Social Engagers,trial,D17,0,activation,1_activation,6,TPL_0565,12:15,push,TPL_0563,23:15,push,TPL_0566,13:00,push,TPL_0562,23:45,push,TPL_0569,13:00,push,TPL_0570,23:00,push
U0042,5,Social Engagers,trial,D18,1,habit_formation,1_activation,6,TPL_0597,13:00,push,TPL_0599,21:30,push,TPL_0598,13:15,push,TPL_0593,22:00,push,TPL_0592,12:45,push,TPL_0591,22:00,push
U0042,5,Social Engagers,trial,D19,2,habit_formation,2_habit_formation,6,TPL_0595,13:00,push,TPL_0591,22:30,push,TPL_0598,12:45,push,TPL_0597,21:30,push,TPL_0592,12:00,push,TPL_0594,22:00,push
U0042,5,Social Engagers,trial,D20,3,feature_discovery,2_habit_formation,6,TPL_0584,14:30,push,TPL_0582,21:15,push,TPL_0587,12:30,push,TPL_0590,22:15,push,TPL_0589,14:45,push,TPL_0588,22:00,push
U0042,5,Social Engagers,trial,D21,4,feature_discovery,2_habit_formation,6,TPL_0581,12:00,push,TPL_0585,22:15,push,TPL_0590,12:45,push,TPL_0583,21:30,push,TPL_0582,12:30,push,TPL_0588,21:00,push
U0042,5,Social Engagers,trial,D22,5,feature_discovery,3_feature_discovery,6,TPL_0583,12:45,push,TPL_0585,23:45,push,TPL_0589,12:00,push,TPL_0588,22:00,push,TPL_0581,14:15,push,TPL_0586,23:15,push
U0042,5,Social Engagers,trial,D23,6,conversion_readiness,3_feature_discovery,6,TPL_0574,13:45,push,TPL_0578,21:30,push,TPL_0576,12:45,push,TPL_0571,21:00,push,TPL_0579,14:30,push,TPL_0580,21:00,push
U0043,2,Social Engagers,inactive,D58,0,activation,11_gentle_nudge,2,TPL_0214,22:45,push,TPL_0219,18:45,push,,,,,,,,,,,,
U0043,2,Social Engagers,inactive,D59,1,activation,11_gentle_nudge,2,TPL_0217,22:30,push,TPL_0213,20:00,push,,,,,,,,,,,,
U0043,2,Social Engagers,inactive,D60,2,activation,11_gentle_nudge,2,TPL_0217,22:00,push,TPL_0214,19:15,push,,,,,,,,,,,,
U0043,2,Social Engagers,inactive,D61,3,activation,12_last_chance,2,TPL_0219,23:00,push,TPL_0213,20:30,push,,,,,,,,,,,,
U0043,2,Social Engagers,inactive,D62,4,activation,12_last_chance,2,TPL_0215,21:00,push,TPL_0217,19:30,push,,,,,,,,,,,,
U0043,2,Social Engagers,inactive,D63,5,activation,12_last_chance,2,TPL_0213,23:15,push,TPL_0218,20:45,push,,,,,,,,,,,,
U0043,2,Social Engagers,inactive,D64,6,activation,12_last_chance,2,TPL_0214,23:45,push,TPL_0220,20:15,push,,,,,,,,,,,,
U0044,0,Needs Attention,trial,D16,0,activation,1_activation,2,TPL_0061,12:00,push,TPL_0062,08:45,push,,,,,,,,,,,,
U0044,0,Needs Attention,trial,D17,1,habit_formation,1_activation,2,TPL_0092,12:30,push,TPL_0096,06:00,push,,,,,,,,,,,,
U0044,0,Needs Attention,trial,D18,2,habit_formation,2_habit_formation,2,TPL_0093,12:00,push,TPL_0097,07:30,push,,,,,,,,,,,,
U0044,0,Needs Attention,trial,D19,3,feature_discovery,2_habit_formation,2,TPL_0088,14:45,push,TPL_0087,08:45,push,,,,,,,,,,,,
U0044,0,Needs Attention,trial,D20,4,feature_discovery,2_habit_formation,2,TPL_0089,13:00,push,TPL_0090,08:15,push,,,,,,,,,,,,
U0044,0,Needs Attention,trial,D21,5,feature_discovery,3_feature_discovery,2,TPL_0084,13:30,push,TPL_0089,06:30,push,,,,,,,,,,,,
U0044,0,Needs Attention,trial,D22,6,conversion_readiness,3_feature_discovery,2,TPL_0079,13:00,push,TPL_0074,07:45,push,,,,,,,,,,,,
U0045,2,Social Engagers,paid,D13,0,retention,5_early_retention,2,TPL_0253,22:45,push,TPL_0252,19:30,push,,,,,,,,,,,,
U0045,2,Social Engagers,paid,D14,1,retention,5_early_retention,2,TPL_0260,21:45,push,TPL_0258,20:45,push,,,,,,,,,,,,
U0045,2,Social Engagers,paid,D15,2,retention,5_early_retention,2,TPL_0259,22:30,push,TPL_0254,18:45,push,,,,,,,,,,,,
U0045,2,Social Engagers,paid,D16,3,retention,5_early_retention,2,TPL_0253,21:45,push,TPL_0257,20:15,push,,,,,,,,,,,,
U0045,2,Social Engagers,paid,D17,4,retention,5_early_retention,2,TPL_0255,23:30,push,TPL_0258,19:00,push,,,,,,,,,,,,
U0045,2,Social Engagers,paid,D18,5,retention,5_early_retention,2,TPL_0253,21:30,push,TPL_0260,20:30,push,,,,,,,,,,,,
U0045,2,Social Engagers,paid,D19,6,retention,5_early_retention,2,TPL_0255,22:45,push,TPL_0252,20:45,push,,,,,,,,,,,,
U0046,3,Segment 3,trial,D30,0,activation,1_activation,4,TPL_0369,12:45,push,TPL_0362,10:45,push,TPL_0367,12:30,push,TPL_0366,11:45,push,,,,,,
U0046,3,Segment 3,trial,D31,1,habit_formation,1_activation,4,TPL_0397,13:00,push,TPL_0393,09:45,push,TPL_0400,13:15,push,TPL_0392,09:15,push,,,,,,
U0046,3,Segment 3,trial,D32,2,habit_formation,2_habit_formation,4,TPL_0398,14:45,push,TPL_0391,09:15,push,TPL_0392,12:15,push,TPL_0399,11:30,push,,,,,,
U0046,3,Segment 3,trial,D33,3,feature_discovery,2_habit_formation,4,TPL_0382,13:45,push,TPL_0384,11:00,push,TPL_0387,14:15,push,TPL_0388,11:45,push,,,,,,
U0046,3,Segment 3,trial,D34,4,feature_discovery,2_habit_formation,4,TPL_0387,13:30,push,TPL_0382,10:00,push,TPL_0386,14:15,push,TPL_0384,11:30,push,,,,,,
U0046,3,Segment 3,trial,D35,5,feature_discovery,3_feature_discovery,4,TPL_0390,13:30,push,TPL_0385,11:30,push,TPL_0384,12:00,push,TPL_0382,09:15,push,,,,,,
U0046,3,Segment 3,trial,D36,6,conversion_readiness,3_feature_discovery,4,TPL_0372,13:45,push,TPL_0379,11:00,push,TPL_0375,13:30,push,TPL_0376,11:45,push,,,,,,
U0047,0,Needs Attention,paid,D23,0,retention,5_early_retention,2,TPL_0060,12:30,push,TPL_0059,08:45,push,,,,,,,,,,,,
U0047,0,Needs Attention,paid,D24,1,retention,5_early_retention,2,TPL_0057,12:00,push,TPL_0060,06:00,push,,,,,,,,,,,,
U0047,0,Needs Attention,paid,D25,2,retention,5_early_retention,2,TPL_0058,13:15,push,TPL_0059,08:45,push,,,,,,,,,,,,
U0047,0,Needs Attention,paid,D26,3,retention,5_early_retention,2,TPL_0059,12:30,push,TPL_0051,08:30,push,,,,,,,,,,,,
U0047,0,Needs Attention,paid,D27,4,retention,5_early_retention,2,TPL_0051,14:00,push,TPL_0055,08:30,push,,,,,,,,,,,,
U0047,0,Needs Attention,paid,D28,5,retention,5_early_retention,2,TPL_0051,13:15,push,TPL_0059,08:15,push,,,,,,,,,,,,
U0047,0,Needs Attention,paid,D29,6,retention,5_early_retention,2,TPL_0052,13:15,push,TPL_0054,06:15,push,,,,,,,,,,,,
U0048,0,Needs Attention,paid,D59,0,retention,5_early_retention,2,TPL_0051,12:15,push,TPL_0053,07:00,push,,,,,,,,,,,,
U0048,0,Needs Attention,paid,D60,1,retention,5_early_retention,2,TPL_0054,13:30,push,TPL_0055,07:15,push,,,,,,,,,,,,
U0048,0,Needs Attention,paid,D61,2,retention,5_early_retention,2,TPL_0054,14:00,push,TPL_0059,06:30,push,,,,,,,,,,,,
U0048,0,Needs Attention,paid,D62,3,retention,5_early_retention,2,TPL_0051,13:45,push,TPL_0055,08:45,push,,,,,,,,,,,,
U0048,0,Needs Attention,paid,D63,4,retention,5_early_retention,2,TPL_0058,13:00,push,TPL_0055,06:30,push,,,,,,,,,,,,
U0048,0,Needs Attention,paid,D64,5,retention,5_early_retention,2,TPL_0053,14:00,push,TPL_0052,07:45,push,,,,,,,,,,,,
U0048,0,Needs Attention,paid,D65,6,retention,5_early_retention,2,TPL_0060,14:30,push,TPL_0058,06:15,push,,,,,,,,,,,,
U0049,0,Needs Attention,trial,D44,0,activation,1_activation,2,TPL_0062,12:45,push,TPL_0063,08:00,push,,,,,,,,,,,,
U0049,0,Needs Attention,trial,D45,1,habit_formation,1_activation,2,TPL_0092,12:15,push,TPL_0093,07:15,push,,,,,,,,,,,,
U0049,0,Needs Attention,trial,D46,2,habit_formation,2_habit_formation,2,TPL_0095,12:30,push,TPL_0096,08:15,push,,,,,,,,,,,,
U0049,0,Needs Attention,trial,D47,3,feature_discovery,2_habit_formation,2,TPL_0089,13:30,push,TPL_0085,06:30,push,,,,,,,,,,,,
U0049,0,Needs Attention,trial,D48,4,feature_discovery,2_habit_formation,2,TPL_0085,12:30,push,TPL_0084,06:30,push,,,,,,,,,,,,
U0049,0,Needs Attention,trial,D49,5,feature_discovery,3_feature_discovery,2,TPL_0088,14:00,push,TPL_0085,08:15,push,,,,,,,,,,,,
U0049,0,Needs Attention,trial,D50,6,conversion_readiness,3_feature_discovery,2,TPL_0074,14:15,push,TPL_0073,06:30,push,,,,,,,,,,,,
U0050,1,At-Risk Users,inactive,D2,0,activation,11_gentle_nudge,2,TPL_0117,11:00,push,TPL_0119,12:00,push,,,,,,,,,,,,
U0050,1,At-Risk Users,inactive,D3,1,activation,11_gentle_nudge,2,TPL_0117,09:30,push,TPL_0120,14:15,push,,,,,,,,,,,,
U0050,1,At-Risk Users,inactive,D4,2,activation,11_gentle_nudge,2,TPL_0119,11:45,push,TPL_0112,14:00,push,,,,,,,,,,,,
U0050,1,At-Risk Users,inactive,D5,3,activation,12_last_chance,2,TPL_0115,10:30,push,TPL_0113,14:30,push,,,,,,,,,,,,
U0050,1,At-Risk Users,inactive,D6,4,activation,12_last_chance,2,TPL_0118,10:15,push,TPL_0112,14:45,push,,,,,,,,,,,,
U0050,1,At-Risk Users,inactive,D7,5,activation,12_last_chance,2,TPL_0114,10:45,push,TPL_0113,12:00,push,,,,,,,,,,,,
U0050,1,At-Risk Users,inactive,D8,6,activation,12_last_chance,2,TPL_0120,09:45,push,TPL_0113,13:45,push,,,,,,,,,,,,
U0051,2,Social Engagers,churned,D36,0,re_engagement,9_win_back,2,TPL_0208,22:15,push,TPL_0205,19:15,push,,,,,,,,,,,,
U0051,2,Social Engagers,churned,D37,1,re_engagement,9_win_back,2,TPL_0202,22:30,push,TPL_0209,20:30,push,,,,,,,,,,,,
U0051,2,Social Engagers,churned,D38,2,re_engagement,9_win_back,2,TPL_0208,22:15,push,TPL_0203,19:00,push,,,,,,,,,,,,
U0051,2,Social Engagers,churned,D39,3,re_engagement,10_re_activation,2,TPL_0203,22:15,push,TPL_0204,19:00,push,,,,,,,,,,,,
U0051,2,Social Engagers,churned,D40,4,re_engagement,10_re_activation,2,TPL_0209,22:45,push,TPL_0206,18:15,push,,,,,,,,,,,,
U0051,2,Social Engagers,churned,D41,5,re_engagement,10_re_activation,2,TPL_0203,21:00,push,TPL_0210,19:45,push,,,,,,,,,,,,
U0051,2,Social Engagers,churned,D42,6,re_engagement,10_re_activation,2,TPL_0205,23:45,push,TPL_0208,18:15,push,,,,,,,,,,,,
U0052,3,Segment 3,inactive,D42,0,activation,11_gentle_nudge,4,TPL_0318,13:30,push,TPL_0319,09:15,push,TPL_0312,13:45,push,TPL_0316,10:30,push,,,,,,
U0052,3,Segment 3,inactive,D43,1,activation,11_gentle_nudge,4,TPL_0315,13:00,push,TPL_0317,09:45,push,TPL_0312,14:45,push,TPL_0311,09:15,push,,,,,,
U0052,3,Segment 3,inactive,D44,2,activation,11_gentle_nudge,4,TPL_0313,14:30,push,TPL_0320,09:00,push,TPL_0319,13:45,push,TPL_0315,11:45,push,,,,,,
U0052,3,Segment 3,inactive,D45,3,activation,12_last_chance,4,TPL_0318,13:00,push,TPL_0314,09:45,push,TPL_0319,12:30,push,TPL_0311,11:30,push,,,,,,
U0052,3,Segment 3,inactive,D46,4,activation,12_last_chance,4,TPL_0311,13:30,push,TPL_0315,09:45,push,TPL_0317,12:15,push,TPL_0319,10:30,push,,,,,,
U0052,3,Segment 3,inactive,D47,5,activation,12_last_chance,4,TPL_0317,12:45,push,TPL_0312,11:45,push,TPL_0319,14:30,push,TPL_0318,11:00,push,,,,,,
U0052,3,Segment 3,inactive,D48,6,activation,12_last_chance,4,TPL_0316,12:00,push,TPL_0318,10:30,push,TPL_0313,13:30,push,TPL_0311,09:15,push,,,,,,
U0053,2,Social Engagers,churned,D39,0,re_engagement,9_win_back,2,TPL_0201,23:45,push,TPL_0206,20:00,push,,,,,,,,,,,,
U0053,2,Social Engagers,churned,D40,1,re_engagement,9_win_back,2,TPL_0205,21:00,push,TPL_0203,18:30,push,,,,,,,,,,,,
U0053,2,Social Engagers,churned,D41,2,re_engagement,9_win_back,2,TPL_0210,22:45,push,TPL_0209,18:15,push,,,,,,,,,,,,
U0053,2,Social Engagers,churned,D42,3,re_engagement,10_re_activation,2,TPL_0206,22:30,push,TPL_0209,18:45,push,,,,,,,,,,,,
U0053,2,Social Engagers,churned,D43,4,re_engagement,10_re_activation,2,TPL_0207,23:30,push,TPL_0210,20:30,push,,,,,,,,,,,,
U0053,2,Social Engagers,churned,D44,5,re_engagement,10_re_activation,2,TPL_0204,23:45,push,TPL_0206,20:30,push,,,,,,,,,,,,
U0053,2,Social Engagers,churned,D45,6,re_engagement,10_re_activation,2,TPL_0208,22:00,push,TPL_0206,19:30,push,,,,,,,,,,,,
U0054,0,Needs Attention,paid,D89,0,retention,5_early_retention,2,TPL_0052,14:00,push,TPL_0057,07:30,push,,,,,,,,,,,,
U0054,0,Needs Attention,paid,D90,1,retention,5_early_retention,2,TPL_0058,14:00,push,TPL_0060,08:45,push,,,,,,,,,,,,
U0054,0,Needs Attention,paid,D91,2,retention,5_early_retention,2,TPL_0052,13:15,push,TPL_0051,08:00,push,,,,,,,,,,,,
U0054,0,Needs Attention,paid,D92,3,retention,5_early_retention,2,TPL_0053,14:45,push,TPL_0052,06:45,push,,,,,,,,,,,,
U0054,0,Needs Attention,paid,D93,4,retention,5_early_retention,2,TPL_0059,12:15,push,TPL_0052,06:00,push,,,,,,,,,,,,
U0054,0,Needs Attention,paid,D94,5,retention,5_early_retention,2,TPL_0051,12:00,push,TPL_0054,07:30,push,,,,,,,,,,,,
U0054,0,Needs Attention,paid,D95,6,retention,5_early_retention,2,TPL_0058,13:15,push,TPL_0055,07:15,push,,,,,,,,,,,,
U0055,3,Segment 3,inactive,D54,0,activation,11_gentle_nudge,4,TPL_0314,13:45,push,TPL_0315,11:00,push,TPL_0312,14:15,push,TPL_0317,11:15,push,,,,,,
U0055,3,Segment 3,inactive,D55,1,activation,11_gentle_nudge,4,TPL_0316,14:30,push,TPL_0318,11:45,push,TPL_0313,14:45,push,TPL_0317,10:15,push,,,,,,
U0055,3,Segment 3,inactive,D56,2,activation,11_gentle_nudge,4,TPL_0315,13:30,push,TPL_0319,11:30,push,TPL_0314,14:30,push,TPL_0318,11:45,push,,,,,,
U0055,3,Segment 3,inactive,D57,3,activation,12_last_chance,4,TPL_0318,12:15,push,TPL_0313,10:30,push,TPL_0319,12:30,push,TPL_0315,10:15,push,,,,,,
U0055,3,Segment 3,inactive,D58,4,activation,12_last_chance,4,TPL_0319,14:45,push,TPL_0313,10:45,push,TPL_0317,13:30,push,TPL_0315,10:00,push,,,,,,
U0055,3,Segment 3,inactive,D59,5,activation,12_last_chance,4,TPL_0319,14:45,push,TPL_0317,10:30,push,TPL_0316,12:30,push,TPL_0318,09:30,push,,,,,,
U0055,3,Segment 3,inactive,D60,6,activation,12_last_chance,4,TPL_0313,14:00,push,TPL_0320,10:45,push,TPL_0312,14:30,push,TPL_0311,11:45,push,,,,,,
U0056,3,Segment 3,trial,D86,0,activation,1_activation,4,TPL_0367,12:15,push,TPL_0363,11:30,push,TPL_0365,14:30,push,TPL_0369,09:00,push,,,,,,
U0056,3,Segment 3,trial,D87,1,habit_formation,1_activation,4,TPL_0397,14:15,push,TPL_0395,09:00,push,TPL_0392,14:15,push,TPL_0393,11:15,push,,,,,,
U0056,3,Segment 3,trial,D88,2,habit_formation,2_habit_formation,4,TPL_0394,12:00,push,TPL_0397,10:30,push,TPL_0398,14:45,push,TPL_0391,09:15,push,,,,,,
U0056,3,Segment 3,trial,D89,3,feature_discovery,2_habit_formation,4,TPL_0383,12:15,push,TPL_0388,10:45,push,TPL_0385,13:15,push,TPL_0382,10:30,push,,,,,,
U0056,3,Segment 3,trial,D90,4,feature_discovery,2_habit_formation,4,TPL_0390,13:00,push,TPL_0381,09:15,push,TPL_0388,14:00,push,TPL_0385,09:45,push,,,,,,
U0056,3,Segment 3,trial,D91,5,feature_discovery,3_feature_discovery,4,TPL_0383,12:00,push,TPL_0386,10:45,push,TPL_0389,12:30,push,TPL_0384,09:00,push,,,,,,
U0056,3,Segment 3,trial,D92,6,conversion_readiness,3_feature_discovery,4,TPL_0380,13:00,push,TPL_0373,10:30,push,TPL_0376,13:45,push,TPL_0372,09:45,push,,,,,,
U0057,2,Social Engagers,trial,D38,0,activation,1_activation,2,TPL_0263,22:15,push,TPL_0266,18:30,push,,,,,,,,,,,,
U0057,2,Social Engagers,trial,D39,1,habit_formation,1_activation,2,TPL_0295,21:45,push,TPL_0296,20:30,push,,,,,,,,,,,,
U0057,2,Social Engagers,trial,D40,2,habit_formation,2_habit_formation,2,TPL_0292,23:15,push,TPL_0293,18:30,push,,,,,,,,,,,,
U0057,2,Social Engagers,trial,D41,3,feature_discovery,2_habit_formation,2,TPL_0290,22:15,push,TPL_0287,18:45,push,,,,,,,,,,,,
U0057,2,Social Engagers,trial,D42,4,feature_discovery,2_habit_formation,2,TPL_0283,22:30,push,TPL_0289,18:45,push,,,,,,,,,,,,
U0057,2,Social Engagers,trial,D43,5,feature_discovery,3_feature_discovery,2,TPL_0290,23:00,push,TPL_0289,18:15,push,,,,,,,,,,,,
U0057,2,Social Engagers,trial,D44,6,conversion_readiness,3_feature_discovery,2,TPL_0275,22:30,push,TPL_0278,18:00,push,,,,,,,,,,,,
U0058,5,Social Engagers,trial,D14,0,activation,1_activation,6,TPL_0569,13:45,push,TPL_0566,21:45,push,TPL_0562,13:30,push,TPL_0563,22:00,push,TPL_0568,13:30,push,TPL_0564,23:15,push
U0058,5,Social Engagers,trial,D15,1,habit_formation,1_activation,6,TPL_0593,12:00,push,TPL_0599,22:30,push,TPL_0595,12:45,push,TPL_0594,23:30,push,TPL_0591,14:00,push,TPL_0592,23:30,push
U0058,5,Social Engagers,trial,D16,2,habit_formation,2_habit_formation,6,TPL_0593,13:15,push,TPL_0591,21:15,push,TPL_0600,13:15,push,TPL_0592,22:30,push,TPL_0597,13:45,push,TPL_0595,23:15,push
U0058,5,Social Engagers,trial,D17,3,feature_discovery,2_habit_formation,6,TPL_0589,12:00,push,TPL_0582,23:45,push,TPL_0588,14:30,push,TPL_0590,21:00,push,TPL_0583,12:15,push,TPL_0587,23:15,push
U0058,5,Social Engagers,trial,D18,4,feature_discovery,2_habit_formation,6,TPL_0584,12:30,push,TPL_0588,23:45,push,TPL_0582,12:15,push,TPL_0583,23:45,push,TPL_0585,12:45,push,TPL_0586,21:45,push
U0058,5,Social Engagers,trial,D19,5,feature_discovery,3_feature_discovery,6,TPL_0589,12:45,push,TPL_0583,22:00,push,TPL_0586,14:45,push,TPL_0581,23:30,push,TPL_0584,14:00,push,TPL_0590,22:30,push
U0058,5,Social Engagers,trial,D20,6,conversion_readiness,3_feature_discovery,6,TPL_0575,12:15,push,TPL_0580,23:00,push,TPL_0578,12:45,push,TPL_0574,22:00,push,TPL_0577,14:00,push,TPL_0572,21:45,push
U0059,1,At-Risk Users,trial,D3,0,activation,1_activation,2,TPL_0167,09:30,push,TPL_0165,13:15,push,,,,,,,,,,,,
U0059,1,At-Risk Users,trial,D4,1,habit_formation,1_activation,2,TPL_0197,09:45,push,TPL_0195,13:45,push,,,,,,,,,,,,
U0059,1,At-Risk Users,trial,D5,2,habit_formation,2_habit_formation,2,TPL_0192,10:45,push,TPL_0200,13:00,push,,,,,,,,,,,,
U0059,1,At-Risk Users,trial,D6,3,feature_discovery,2_habit_formation,2,TPL_0184,11:15,push,TPL_0189,14:30,push,,,,,,,,,,,,
U0059,1,At-Risk Users,trial,D7,4,feature_discovery,2_habit_formation,2,TPL_0185,09:15,push,TPL_0187,14:45,push,,,,,,,,,,,,
U0059,1,At-Risk Users,trial,D8,5,feature_discovery,3_feature_discovery,2,TPL_0181,11:15,push,TPL_0185,14:15,push,,,,,,,,,,,,
U0059,1,At-Risk Users,trial,D9,6,conversion_readiness,3_feature_discovery,2,TPL_0179,09:00,push,TPL_0175,13:45,push,,,,,,,,,,,,
U0060,5,Social Engagers,trial,D85,0,activation,1_activation,6,TPL_0567,14:45,push,TPL_0565,23:45,push,TPL_0569,12:15,push,TPL_0566,22:30,push,TPL_0562,12:30,push,TPL_0570,21:00,push
U0060,5,Social Engagers,trial,D86,1,habit_formation,1_activation,6,TPL_0599,12:45,push,TPL_0598,23:00,push,TPL_0591,12:15,push,TPL_0600,21:00,push,TPL_0594,14:00,push,TPL_0595,22:00,push
U0060,5,Social Engagers,trial,D87,2,habit_formation,2_habit_formation,6,TPL_0598,12:00,push,TPL_0597,22:45,push,TPL_0594,12:15,push,TPL_0591,21:15,push,TPL_0592,14:30,push,TPL_0599,21:30,push
U0060,5,Social Engagers,trial,D88,3,feature_discovery,2_habit_formation,6,TPL_0584,14:30,push,TPL_0588,21:30,push,TPL_0583,12:15,push,TPL_0589,22:30,push,TPL_0585,13:00,push,TPL_0586,23:15,push
U0060,5,Social Engagers,trial,D89,4,feature_discovery,2_habit_formation,6,TPL_0588,14:45,push,TPL_0582,23:45,push,TPL_0584,12:30,push,TPL_0587,23:45,push,TPL_0589,14:30,push,TPL_0583,23:45,push
U0060,5,Social Engagers,trial,D90,5,feature_discovery,3_feature_discovery,6,TPL_0582,13:15,push,TPL_0589,22:45,push,TPL_0581,12:45,push,TPL_0590,21:15,push,TPL_0583,13:15,push,TPL_0588,22:00,push
U0060,5,Social Engagers,trial,D91,6,conversion_readiness,3_feature_discovery,6,TPL_0571,14:45,push,TPL_0575,22:15,push,TPL_0577,13:15,push,TPL_0576,22:15,push,TPL_0574,13:00,push,TPL_0578,22:30,push
U0061,0,Needs Attention,trial,D24,0,activation,1_activation,2,TPL_0061,12:15,push,TPL_0062,06:30,push,,,,,,,,,,,,
U0061,0,Needs Attention,trial,D25,1,habit_formation,1_activation,2,TPL_0095,13:00,push,TPL_0096,06:15,push,,,,,,,,,,,,
U0061,0,Needs Attention,trial,D26,2,habit_formation,2_habit_formation,2,TPL_0100,14:15,push,TPL_0098,07:15,push,,,,,,,,,,,,
U0061,0,Needs Attention,trial,D27,3,feature_discovery,2_habit_formation,2,TPL_0083,13:30,push,TPL_0087,06:15,push,,,,,,,,,,,,
U0061,0,Needs Attention,trial,D28,4,feature_discovery,2_habit_formation,2,TPL_0086,12:00,push,TPL_0083,08:45,push,,,,,,,,,,,,
U0061,0,Needs Attention,trial,D29,5,feature_discovery,3_feature_discovery,2,TPL_0083,12:15,push,TPL_0090,07:15,push,,,,,,,,,,,,
U0061,0,Needs Attention,trial,D30,6,conversion_readiness,3_feature_discovery,2,TPL_0074,14:30,push,TPL_0079,07:45,push,,,,,,,,,,,,
U0062,3,Segment 3,churned,D12,0,re_engagement,9_win_back,4,TPL_0309,13:30,push,TPL_0310,10:30,push,TPL_0307,13:45,push,TPL_0306,10:00,push,,,,,,
U0062,3,Segment 3,churned,D13,1,re_engagement,9_win_back,4,TPL_0302,14:45,push,TPL_0301,10:15,push,TPL_0309,13:30,push,TPL_0310,10:00,push,,,,,,
U0062,3,Segment 3,churned,D14,2,re_engagement,9_win_back,4,TPL_0305,14:15,push,TPL_0309,11:15,push,TPL_0310,12:30,push,TPL_0308,11:45,push,,,,,,
U0062,3,Segment 3,churned,D15,3,re_engagement,10_re_activation,4,TPL_0307,13:15,push,TPL_0302,09:30,push,TPL_0309,12:45,push,TPL_0301,11:15,push,,,,,,
U0062,3,Segment 3,churned,D16,4,re_engagement,10_re_activation,4,TPL_0309,13:30,push,TPL_0304,10:45,push,TPL_0306,14:45,push,TPL_0303,10:15,push,,,,,,
U0062,3,Segment 3,churned,D17,5,re_engagement,10_re_activation,4,TPL_0309,14:30,push,TPL_0302,09:15,push,TPL_0308,14:45,push,TPL_0304,09:00,push,,,,,,
U0062,3,Segment 3,churned,D18,6,re_engagement,10_re_activation,4,TPL_0305,14:00,push,TPL_0308,09:00,push,TPL_0301,12:45,push,TPL_0309,09:15,push,,,,,,
U0063,2,Social Engagers,trial,D81,0,activation,1_activation,2,TPL_0265,21:15,push,TPL_0268,18:15,push,,,,,,,,,,,,
U0063,2,Social Engagers,trial,D82,1,habit_formation,1_activation,2,TPL_0299,23:45,push,TPL_0295,19:00,push,,,,,,,,,,,,
U0063,2,Social Engagers,trial,D83,2,habit_formation,2_habit_formation,2,TPL_0295,23:45,push,TPL_0292,20:45,push,,,,,,,,,,,,
U0063,2,Social Engagers,trial,D84,3,feature_discovery,2_habit_formation,2,TPL_0288,21:00,push,TPL_0282,20:45,push,,,,,,,,,,,,
U0063,2,Social Engagers,trial,D85,4,feature_discovery,2_habit_formation,2,TPL_0290,21:00,push,TPL_0289,20:30,push,,,,,,,,,,,,
U0063,2,Social Engagers,trial,D86,5,feature_discovery,3_feature_discovery,2,TPL_0284,23:30,push,TPL_0287,18:45,push,,,,,,,,,,,,
U0063,2,Social Engagers,trial,D87,6,conversion_readiness,3_feature_discovery,2,TPL_0280,21:00,push,TPL_0278,18:15,push,,,,,,,,,,,,
U0064,2,Social Engagers,trial,D32,0,activation,1_activation,2,TPL_0267,21:15,push,TPL_0265,20:30,push,,,,,,,,,,,,
U0064,2,Social Engagers,trial,D33,1,habit_formation,1_activation,2,TPL_0300,22:30,push,TPL_0299,19:00,push,,,,,,,,,,,,
U0064,2,Social Engagers,trial,D34,2,habit_formation,2_habit_formation,2,TPL_0300,22:45,push,TPL_0299,19:15,push,,,,,,,,,,,,
U0064,2,Social Engagers,trial,D35,3,feature_discovery,2_habit_formation,2,TPL_0285,23:15,push,TPL_0287,19:00,push,,,,,,,,,,,,
U0064,2,Social Engagers,trial,D36,4,feature_discovery,2_habit_formation,2,TPL_0286,23:00,push,TPL_0283,18:45,push,,,,,,,,,,,,
U0064,2,Social Engagers,trial,D37,5,feature_discovery,3_feature_discovery,2,TPL_0290,22:45,push,TPL_0281,20:45,push,,,,,,,,,,,,
U0064,2,Social Engagers,trial,D38,6,conversion_readiness,3_feature_discovery,2,TPL_0273,21:00,push,TPL_0276,20:15,push,,,,,,,,,,,,
U0065,0,Needs Attention,paid,D15,0,retention,5_early_retention,2,TPL_0059,12:45,push,TPL_0055,07:30,push,,,,,,,,,,,,
U0065,0,Needs Attention,paid,D16,1,retention,5_early_retention,2,TPL_0051,14:00,push,TPL_0058,08:00,push,,,,,,,,,,,,
U0065,0,Needs Attention,paid,D17,2,retention,5_early_retention,2,TPL_0058,12:15,push,TPL_0053,08:45,push,,,,,,,,,,,,
U0065,0,Needs Attention,paid,D18,3,retention,5_early_retention,2,TPL_0052,13:00,push,TPL_0057,06:30,push,,,,,,,,,,,,
U0065,0,Needs Attention,paid,D19,4,retention,5_early_retention,2,TPL_0057,14:00,push,TPL_0054,06:30,push,,,,,,,,,,,,
U0065,0,Needs Attention,paid,D20,5,retention,5_early_retention,2,TPL_0053,12:15,push,TPL_0054,08:15,push,,,,,,,,,,,,
U0065,0,Needs Attention,paid,D21,6,retention,5_early_retention,2,TPL_0051,14:45,push,TPL_0055,06:30,push,,,,,,,,,,,,
U0066,0,Needs Attention,trial,D41,0,activation,1_activation,2,TPL_0062,12:15,push,TPL_0066,08:45,push,,,,,,,,,,,,
U0066,0,Needs Attention,trial,D42,1,habit_formation,1_activation,2,TPL_0096,14:30,push,TPL_0095,07:15,push,,,,,,,,,,,,
U0066,0,Needs Attention,trial,D43,2,habit_formation,2_habit_formation,2,TPL_0092,14:00,push,TPL_0098,08:30,push,,,,,,,,,,,,
U0066,0,Needs Attention,trial,D44,3,feature_discovery,2_habit_formation,2,TPL_0086,12:00,push,TPL_0088,07:15,push,,,,,,,,,,,,
U0066,0,Needs Attention,trial,D45,4,feature_discovery,2_habit_formation,2,TPL_0085,12:30,push,TPL_0084,08:45,push,,,,,,,,,,,,
U0066,0,Needs Attention,trial,D46,5,feature_discovery,3_feature_discovery,2,TPL_0083,13:00,push,TPL_0088,08:30,push,,,,,,,,,,,,
U0066,0,Needs Attention,trial,D47,6,conversion_readiness,3_feature_discovery,2,TPL_0071,13:45,push,TPL_0078,06:30,push,,,,,,,,,,,,
U0067,2,Social Engagers,churned,D65,0,re_engagement,9_win_back,2,TPL_0206,23:45,push,TPL_0201,19:15,push,,,,,,,,,,,,
U0067,2,Social Engagers,churned,D66,1,re_engagement,9_win_back,2,TPL_0208,23:45,push,TPL_0204,18:30,push,,,,,,,,,,,,
U0067,2,Social Engagers,churned,D67,2,re_engagement,9_win_back,2,TPL_0208,21:00,push,TPL_0205,18:30,push,,,,,,,,,,,,
U0067,2,Social Engagers,churned,D68,3,re_engagement,10_re_activation,2,TPL_0207,21:45,push,TPL_0205,20:15,push,,,,,,,,,,,,
U0067,2,Social Engagers,churned,D69,4,re_engagement,10_re_activation,2,TPL_0201,23:45,push,TPL_0209,19:30,push,,,,,,,,,,,,
U0067,2,Social Engagers,churned,D70,5,re_engagement,10_re_activation,2,TPL_0206,21:00,push,TPL_0204,18:30,push,,,,,,,,,,,,
U0067,2,Social Engagers,churned,D71,6,re_engagement,10_re_activation,2,TPL_0206,22:30,push,TPL_0202,19:00,push,,,,,,,,,,,,
U0068,2,Social Engagers,trial,D54,0,activation,1_activation,2,TPL_0266,21:00,push,TPL_0269,18:45,push,,,,,,,,,,,,
U0068,2,Social Engagers,trial,D55,1,habit_formation,1_activation,2,TPL_0300,22:45,push,TPL_0294,18:00,push,,,,,,,,,,,,
U0068,2,Social Engagers,trial,D56,2,habit_formation,2_habit_formation,2,TPL_0299,21:30,push,TPL_0298,20:00,push,,,,,,,,,,,,
U0068,2,Social Engagers,trial,D57,3,feature_discovery,2_habit_formation,2,TPL_0286,23:30,push,TPL_0289,19:00,push,,,,,,,,,,,,
U0068,2,Social Engagers,trial,D58,4,feature_discovery,2_habit_formation,2,TPL_0285,22:45,push,TPL_0284,19:00,push,,,,,,,,,,,,
U0068,2,Social Engagers,trial,D59,5,feature_discovery,3_feature_discovery,2,TPL_0282,23:15,push,TPL_0283,20:15,push,,,,,,,,,,,,
U0068,2,Social Engagers,trial,D60,6,conversion_readiness,3_feature_discovery,2,TPL_0276,23:45,push,TPL_0280,18:15,push,,,,,,,,,,,,
U0069,2,Social Engagers,inactive,D41,0,activation,11_gentle_nudge,2,TPL_0214,22:30,push,TPL_0217,19:45,push,,,,,,,,,,,,
U0069,2,Social Engagers,inactive,D42,1,activation,11_gentle_nudge,2,TPL_0213,21:00,push,TPL_0217,18:45,push,,,,,,,,,,,,
U0069,2,Social Engagers,inactive,D43,2,activation,11_gentle_nudge,2,TPL_0217,22:45,push,TPL_0219,19:45,push,,,,,,,,,,,,
U0069,2,Social Engagers,inactive,D44,3,activation,12_last_chance,2,TPL_0214,21:30,push,TPL_0219,19:15,push,,,,,,,,,,,,
U0069,2,Social Engagers,inactive,D45,4,activation,12_last_chance,2,TPL_0212,23:45,push,TPL_0217,20:15,push,,,,,,,,,,,,
U0069,2,Social Engagers,inactive,D46,5,activation,12_last_chance,2,TPL_0215,22:00,push,TPL_0214,18:30,push,,,,,,,,,,,,
U0069,2,Social Engagers,inactive,D47,6,activation,12_last_chance,2,TPL_0214,21:45,push,TPL_0215,19:45,push,,,,,,,,,,,,
U0070,2,Social Engagers,churned,D33,0,re_engagement,9_win_back,2,TPL_0204,22:45,push,TPL_0210,19:45,push,,,,,,,,,,,,
U0070,2,Social Engagers,churned,D34,1,re_engagement,9_win_back,2,TPL_0202,23:15,push,TPL_0205,19:30,push,,,,,,,,,,,,
U0070,2,Social Engagers,churned,D35,2,re_engagement,9_win_back,2,TPL_0201,23:15,push,TPL_0208,19:30,push,,,,,,,,,,,,
U0070,2,Social Engagers,churned,D36,3,re_engagement,10_re_activation,2,TPL_0206,21:45,push,TPL_0204,19:30,push,,,,,,,,,,,,
U0070,2,Social Engagers,churned,D37,4,re_engagement,10_re_activation,2,TPL_0209,23:45,push,TPL_0205,20:15,push,,,,,,,,,,,,
U0070,2,Social Engagers,churned,D38,5,re_engagement,10_re_activation,2,TPL_0210,22:45,push,TPL_0208,19:45,push,,,,,,,,,,,,
U0070,2,Social Engagers,churned,D39,6,re_engagement,10_re_activation,2,TPL_0207,22:00,push,TPL_0209,20:15,push,,,,,,,,,,,,
U0071,0,Needs Attention,trial,D29,0,activation,1_activation,2,TPL_0066,14:15,push,TPL_0065,08:00,push,,,,,,,,,,,,
U0071,0,Needs Attention,trial,D30,1,habit_formation,1_activation,2,TPL_0096,14:45,push,TPL_0094,08:15,push,,,,,,,,,,,,
U0071,0,Needs Attention,trial,D31,2,habit_formation,2_habit_formation,2,TPL_0094,13:30,push,TPL_0092,08:00,push,,,,,,,,,,,,
U0071,0,Needs Attention,trial,D32,3,feature_discovery,2_habit_formation,2,TPL_0088,13:45,push,TPL_0084,06:30,push,,,,,,,,,,,,
U0071,0,Needs Attention,trial,D33,4,feature_discovery,2_habit_formation,2,TPL_0088,12:30,push,TPL_0086,08:15,push,,,,,,,,,,,,
U0071,0,Needs Attention,trial,D34,5,feature_discovery,3_feature_discovery,2,TPL_0087,14:45,push,TPL_0083,07:00,push,,,,,,,,,,,,
U0071,0,Needs Attention,trial,D35,6,conversion_readiness,3_feature_discovery,2,TPL_0073,13:45,push,TPL_0074,08:45,push,,,,,,,,,,,,
U0072,0,Needs Attention,trial,D12,0,activation,1_activation,2,TPL_0069,14:45,push,TPL_0064,08:00,push,,,,,,,,,,,,
U0072,0,Needs Attention,trial,D13,1,habit_formation,1_activation,2,TPL_0096,13:00,push,TPL_0094,06:15,push,,,,,,,,,,,,
U0072,0,Needs Attention,trial,D14,2,habit_formation,2_habit_formation,2,TPL_0100,14:30,push,TPL_0097,06:00,push,,,,,,,,,,,,
U0072,0,Needs Attention,trial,D15,3,feature_discovery,2_habit_formation,2,TPL_0087,14:45,push,TPL_0090,07:45,push,,,,,,,,,,,,
U0072,0,Needs Attention,trial,D16,4,feature_discovery,2_habit_formation,2,TPL_0087,12:00,push,TPL_0086,06:30,push,,,,,,,,,,,,
U0072,0,Needs Attention,trial,D17,5,feature_discovery,3_feature_discovery,2,TPL_0084,12:15,push,TPL_0082,07:30,push,,,,,,,,,,,,
U0072,0,Needs Attention,trial,D18,6,conversion_readiness,3_feature_discovery,2,TPL_0079,13:45,push,TPL_0072,08:15,push,,,,,,,,,,,,
U0073,0,Needs Attention,churned,D12,0,re_engagement,9_win_back,2,TPL_0010,13:00,push,TPL_0005,07:00,push,,,,,,,,,,,,
U0073,0,Needs Attention,churned,D13,1,re_engagement,9_win_back,2,TPL_0009,13:45,push,TPL_0006,06:00,push,,,,,,,,,,,,
U0073,0,Needs Attention,churned,D14,2,re_engagement,9_win_back,2,TPL_0004,14:15,push,TPL_0010,07:30,push,,,,,,,,,,,,
U0073,0,Needs Attention,churned,D15,3,re_engagement,10_re_activation,2,TPL_0005,13:45,push,TPL_0007,06:45,push,,,,,,,,,,,,
U0073,0,Needs Attention,churned,D16,4,re_engagement,10_re_activation,2,TPL_0005,13:45,push,TPL_0004,06:45,push,,,,,,,,,,,,
U0073,0,Needs Attention,churned,D17,5,re_engagement,10_re_activation,2,TPL_0002,14:45,push,TPL_0006,07:00,push,,,,,,,,,,,,
U0073,0,Needs Attention,churned,D18,6,re_engagement,10_re_activation,2,TPL_0009,13:00,push,TPL_0007,08:00,push,,,,,,,,,,,,
U0074,0,Needs Attention,paid,D17,0,retention,5_early_retention,2,TPL_0053,12:30,push,TPL_0058,08:00,push,,,,,,,,,,,,
U0074,0,Needs Attention,paid,D18,1,retention,5_early_retention,2,TPL_0054,14:15,push,TPL_0055,08:15,push,,,,,,,,,,,,
U0074,0,Needs Attention,paid,D19,2,retention,5_early_retention,2,TPL_0051,14:15,push,TPL_0057,08:15,push,,,,,,,,,,,,
U0074,0,Needs Attention,paid,D20,3,retention,5_early_retention,2,TPL_0057,13:45,push,TPL_0051,07:15,push,,,,,,,,,,,,
U0074,0,Needs Attention,paid,D21,4,retention,5_early_retention,2,TPL_0054,13:15,push,TPL_0052,06:45,push,,,,,,,,,,,,
U0074,0,Needs Attention,paid,D22,5,retention,5_early_retention,2,TPL_0052,13:00,push,TPL_0060,08:15,push,,,,,,,,,,,,
U0074,0,Needs Attention,paid,D23,6,retention,5_early_retention,2,TPL_0060,13:45,push,TPL_0057,07:00,push,,,,,,,,,,,,
U0075,2,Social Engagers,paid,D31,0,retention,5_early_retention,2,TPL_0251,23:15,push,TPL_0253,18:30,push,,,,,,,,,,,,
U0075,2,Social Engagers,paid,D32,1,retention,5_early_retention,2,TPL_0251,23:00,push,TPL_0257,20:00,push,,,,,,,,,,,,
U0075,2,Social Engagers,paid,D33,2,retention,5_early_retention,2,TPL_0254,23:15,push,TPL_0255,19:30,push,,,,,,,,,,,,
U0075,2,Social Engagers,paid,D34,3,retention,5_early_retention,2,TPL_0253,21:45,push,TPL_0252,18:30,push,,,,,,,,,,,,
U0075,2,Social Engagers,paid,D35,4,retention,5_early_retention,2,TPL_0258,23:45,push,TPL_0255,20:30,push,,,,,,,,,,,,
U0075,2,Social Engagers,paid,D36,5,retention,5_early_retention,2,TPL_0254,23:45,push,TPL_0258,20:45,push,,,,,,,,,,,,
U0075,2,Social Engagers,paid,D37,6,retention,5_early_retention,2,TPL_0257,23:00,push,TPL_0254,19:30,push,,,,,,,,,,,,
U0076,0,Needs Attention,churned,D38,0,re_engagement,9_win_back,2,TPL_0004,13:15,push,TPL_0003,08:30,push,,,,,,,,,,,,
U0076,0,Needs Attention,churned,D39,1,re_engagement,9_win_back,2,TPL_0001,14:00,push,TPL_0010,08:15,push,,,,,,,,,,,,
U0076,0,Needs Attention,churned,D40,2,re_engagement,9_win_back,2,TPL_0001,13:00,push,TPL_0005,06:30,push,,,,,,,,,,,,
U0076,0,Needs Attention,churned,D41,3,re_engagement,10_re_activation,2,TPL_0010,12:15,push,TPL_0009,07:15,push,,,,,,,,,,,,
U0076,0,Needs Attention,churned,D42,4,re_engagement,10_re_activation,2,TPL_0006,14:45,push,TPL_0002,07:15,push,,,,,,,,,,,,
U0076,0,Needs Attention,churned,D43,5,re_engagement,10_re_activation,2,TPL_0010,14:45,push,TPL_0008,07:15,push,,,,,,,,,,,,
U0076,0,Needs Attention,churned,D44,6,re_engagement,10_re_activation,2,TPL_0006,13:15,push,TPL_0009,08:15,push,,,,,,,,,,,,
U0077,0,Needs Attention,trial,D45,0,activation,1_activation,2,TPL_0066,13:30,push,TPL_0065,06:15,push,,,,,,,,,,,,
U0077,0,Needs Attention,trial,D46,1,habit_formation,1_activation,2,TPL_0096,13:45,push,TPL_0092,08:00,push,,,,,,,,,,,,
U0077,0,Needs Attention,trial,D47,2,habit_formation,2_habit_formation,2,TPL_0098,13:00,push,TPL_0100,07:15,push,,,,,,,,,,,,
U0077,0,Needs Attention,trial,D48,3,feature_discovery,2_habit_formation,2,TPL_0083,12:45,push,TPL_0084,08:45,push,,,,,,,,,,,,
U0077,0,Needs Attention,trial,D49,4,feature_discovery,2_habit_formation,2,TPL_0085,13:45,push,TPL_0082,07:45,push,,,,,,,,,,,,
U0077,0,Needs Attention,trial,D50,5,feature_discovery,3_feature_discovery,2,TPL_0082,13:15,push,TPL_0085,06:00,push,,,,,,,,,,,,
U0077,0,Needs Attention,trial,D51,6,conversion_readiness,3_feature_discovery,2,TPL_0080,12:30,push,TPL_0075,06:30,push,,,,,,,,,,,,
U0078,0,Needs Attention,trial,D28,0,activation,1_activation,2,TPL_0064,12:30,push,TPL_0063,06:45,push,,,,,,,,,,,,
U0078,0,Needs Attention,trial,D29,1,habit_formation,1_activation,2,TPL_0097,14:45,push,TPL_0099,08:00,push,,,,,,,,,,,,
U0078,0,Needs Attention,trial,D30,2,habit_formation,2_habit_formation,2,TPL_0095,14:00,push,TPL_0098,07:30,push,,,,,,,,,,,,
U0078,0,Needs Attention,trial,D31,3,feature_discovery,2_habit_formation,2,TPL_0089,14:00,push,TPL_0088,08:45,push,,,,,,,,,,,,
U0078,0,Needs Attention,trial,D32,4,feature_discovery,2_habit_formation,2,TPL_0090,14:15,push,TPL_0086,07:00,push,,,,,,,,,,,,
U0078,0,Needs Attention,trial,D33,5,feature_discovery,3_feature_discovery,2,TPL_0087,14:15,push,TPL_0082,07:00,push,,,,,,,,,,,,
U0078,0,Needs Attention,trial,D34,6,conversion_readiness,3_feature_discovery,2,TPL_0075,13:30,push,TPL_0076,07:00,push,,,,,,,,,,,,
U0079,3,Segment 3,trial,D61,0,activation,1_activation,4,TPL_0366,13:00,push,TPL_0370,09:15,push,TPL_0361,14:30,push,TPL_0365,11:45,push,,,,,,
U0079,3,Segment 3,trial,D62,1,habit_formation,1_activation,4,TPL_0395,12:15,push,TPL_0399,09:15,push,TPL_0398,12:30,push,TPL_0391,11:30,push,,,,,,
U0079,3,Segment 3,trial,D63,2,habit_formation,2_habit_formation,4,TPL_0397,14:15,push,TPL_0400,10:30,push,TPL_0391,13:30,push,TPL_0392,11:00,push,,,,,,
U0079,3,Segment 3,trial,D64,3,feature_discovery,2_habit_formation,4,TPL_0384,12:45,push,TPL_0383,09:30,push,TPL_0381,14:15,push,TPL_0386,11:15,push,,,,,,
U0079,3,Segment 3,trial,D65,4,feature_discovery,2_habit_formation,4,TPL_0383,12:15,push,TPL_0390,11:30,push,TPL_0387,12:45,push,TPL_0384,10:15,push,,,,,,
U0079,3,Segment 3,trial,D66,5,feature_discovery,3_feature_discovery,4,TPL_0383,14:30,push,TPL_0381,11:45,push,TPL_0382,13:45,push,TPL_0389,09:00,push,,,,,,
U0079,3,Segment 3,trial,D67,6,conversion_readiness,3_feature_discovery,4,TPL_0373,13:30,push,TPL_0377,11:30,push,TPL_0374,13:45,push,TPL_0372,10:00,push,,,,,,
U0080,0,Needs Attention,churned,D61,0,re_engagement,9_win_back,2,TPL_0004,14:00,push,TPL_0008,08:45,push,,,,,,,,,,,,
U0080,0,Needs Attention,churned,D62,1,re_engagement,9_win_back,2,TPL_0001,14:30,push,TPL_0003,06:45,push,,,,,,,,,,,,
U0080,0,Needs Attention,churned,D63,2,re_engagement,9_win_back,2,TPL_0009,12:45,push,TPL_0003,06:45,push,,,,,,,,,,,,
U0080,0,Needs Attention,churned,D64,3,re_engagement,10_re_activation,2,TPL_0007,13:30,push,TPL_0004,07:30,push,,,,,,,,,,,,
U0080,0,Needs Attention,churned,D65,4,re_engagement,10_re_activation,2,TPL_0002,14:15,push,TPL_0008,08:45,push,,,,,,,,,,,,
U0080,0,Needs Attention,churned,D66,5,re_engagement,10_re_activation,2,TPL_0004,13:00,push,TPL_0006,06:00,push,,,,,,,,,,,,
U0080,0,Needs Attention,churned,D67,6,re_engagement,10_re_activation,2,TPL_0008,14:45,push,TPL_0009,06:00,push,,,,,,,,,,,,
U0081,0,Needs Attention,paid,D56,0,retention,5_early_retention,2,TPL_0060,12:45,push,TPL_0054,07:00,push,,,,,,,,,,,,
U0081,0,Needs Attention,paid,D57,1,retention,5_early_retention,2,TPL_0051,13:15,push,TPL_0054,08:15,push,,,,,,,,,,,,
U0081,0,Needs Attention,paid,D58,2,retention,5_early_retention,2,TPL_0055,14:30,push,TPL_0059,06:30,push,,,,,,,,,,,,
U0081,0,Needs Attention,paid,D59,3,retention,5_early_retention,2,TPL_0051,12:30,push,TPL_0058,07:00,push,,,,,,,,,,,,
U0081,0,Needs Attention,paid,D60,4,retention,5_early_retention,2,TPL_0057,13:15,push,TPL_0058,06:45,push,,,,,,,,,,,,
U0081,0,Needs Attention,paid,D61,5,retention,5_early_retention,2,TPL_0058,14:30,push,TPL_0052,08:15,push,,,,,,,,,,,,
U0081,0,Needs Attention,paid,D62,6,retention,5_early_retention,2,TPL_0051,13:00,push,TPL_0054,08:00,push,,,,,,,,,,,,
U0082,5,Social Engagers,trial,D15,0,activation,1_activation,6,TPL_0565,12:15,push,TPL_0564,22:00,push,TPL_0569,12:15,push,TPL_0566,23:45,push,TPL_0567,12:00,push,TPL_0563,23:30,push
U0082,5,Social Engagers,trial,D16,1,habit_formation,1_activation,6,TPL_0594,12:45,push,TPL_0591,23:15,push,TPL_0597,13:00,push,TPL_0599,21:45,push,TPL_0600,12:00,push,TPL_0592,21:30,push
U0082,5,Social Engagers,trial,D17,2,habit_formation,2_habit_formation,6,TPL_0598,13:30,push,TPL_0597,21:45,push,TPL_0591,12:15,push,TPL_0595,21:00,push,TPL_0594,14:15,push,TPL_0600,22:30,push
U0082,5,Social Engagers,trial,D18,3,feature_discovery,2_habit_formation,6,TPL_0583,14:15,push,TPL_0585,23:15,push,TPL_0584,13:45,push,TPL_0582,21:00,push,TPL_0587,12:15,push,TPL_0581,21:45,push
U0082,5,Social Engagers,trial,D19,4,feature_discovery,2_habit_formation,6,TPL_0583,13:45,push,TPL_0585,22:15,push,TPL_0587,12:30,push,TPL_0582,23:00,push,TPL_0586,12:30,push,TPL_0581,23:00,push
U0082,5,Social Engagers,trial,D20,5,feature_discovery,3_feature_discovery,6,TPL_0586,14:30,push,TPL_0590,21:15,push,TPL_0582,14:45,push,TPL_0583,22:00,push,TPL_0584,12:45,push,TPL_0588,22:00,push
U0082,5,Social Engagers,trial,D21,6,conversion_readiness,3_feature_discovery,6,TPL_0578,12:45,push,TPL_0580,23:00,push,TPL_0571,14:00,push,TPL_0573,22:30,push,TPL_0577,12:45,push,TPL_0576,23:45,push
U0083,0,Needs Attention,trial,D55,0,activation,1_activation,2,TPL_0063,13:15,push,TPL_0068,07:00,push,,,,,,,,,,,,
U0083,0,Needs Attention,trial,D56,1,habit_formation,1_activation,2,TPL_0093,12:00,push,TPL_0095,06:30,push,,,,,,,,,,,,
U0083,0,Needs Attention,trial,D57,2,habit_formation,2_habit_formation,2,TPL_0099,12:00,push,TPL_0098,06:45,push,,,,,,,,,,,,
U0083,0,Needs Attention,trial,D58,3,feature_discovery,2_habit_formation,2,TPL_0087,14:30,push,TPL_0085,08:45,push,,,,,,,,,,,,
U0083,0,Needs Attention,trial,D59,4,feature_discovery,2_habit_formation,2,TPL_0082,13:45,push,TPL_0088,06:15,push,,,,,,,,,,,,
U0083,0,Needs Attention,trial,D60,5,feature_discovery,3_feature_discovery,2,TPL_0088,13:00,push,TPL_0082,07:00,push,,,,,,,,,,,,
U0083,0,Needs Attention,trial,D61,6,conversion_readiness,3_feature_discovery,2,TPL_0074,14:15,push,TPL_0078,06:30,push,,,,,,,,,,,,
U0084,0,Needs Attention,trial,D9,0,activation,1_activation,2,TPL_0065,13:00,push,TPL_0066,07:45,push,,,,,,,,,,,,
U0084,0,Needs Attention,trial,D10,1,habit_formation,1_activation,2,TPL_0093,14:15,push,TPL_0097,06:15,push,,,,,,,,,,,,
U0084,0,Needs Attention,trial,D11,2,habit_formation,2_habit_formation,2,TPL_0093,12:45,push,TPL_0095,06:45,push,,,,,,,,,,,,
U0084,0,Needs Attention,trial,D12,3,feature_discovery,2_habit_formation,2,TPL_0090,14:00,push,TPL_0082,07:15,push,,,,,,,,,,,,
U0084,0,Needs Attention,trial,D13,4,feature_discovery,2_habit_formation,2,TPL_0085,12:00,push,TPL_0083,08:15,push,,,,,,,,,,,,
U0084,0,Needs Attention,trial,D14,5,feature_discovery,3_feature_discovery,2,TPL_0082,14:00,push,TPL_0085,06:45,push,,,,,,,,,,,,
U0084,0,Needs Attention,trial,D15,6,conversion_readiness,3_feature_discovery,2,TPL_0077,13:30,push,TPL_0080,06:30,push,,,,,,,,,,,,
U0085,0,Needs Attention,trial,D29,0,activation,1_activation,2,TPL_0061,12:30,push,TPL_0070,08:00,push,,,,,,,,,,,,
U0085,0,Needs Attention,trial,D30,1,habit_formation,1_activation,2,TPL_0099,12:30,push,TPL_0093,07:30,push,,,,,,,,,,,,
U0085,0,Needs Attention,trial,D31,2,habit_formation,2_habit_formation,2,TPL_0098,14:00,push,TPL_0092,07:00,push,,,,,,,,,,,,
U0085,0,Needs Attention,trial,D32,3,feature_discovery,2_habit_formation,2,TPL_0085,13:45,push,TPL_0082,08:30,push,,,,,,,,,,,,
U0085,0,Needs Attention,trial,D33,4,feature_discovery,2_habit_formation,2,TPL_0088,12:45,push,TPL_0083,08:15,push,,,,,,,,,,,,
U0085,0,Needs Attention,trial,D34,5,feature_discovery,3_feature_discovery,2,TPL_0087,13:15,push,TPL_0083,07:00,push,,,,,,,,,,,,
U0085,0,Needs Attention,trial,D35,6,conversion_readiness,3_feature_discovery,2,TPL_0075,14:00,push,TPL_0074,06:00,push,,,,,,,,,,,,
U0086,3,Segment 3,paid,D24,0,retention,5_early_retention,4,TPL_0358,12:00,push,TPL_0360,09:00,push,TPL_0354,13:30,push,TPL_0351,10:15,push,,,,,,
U0086,3,Segment 3,paid,D25,1,retention,5_early_retention,4,TPL_0352,12:00,push,TPL_0356,11:45,push,TPL_0358,12:30,push,TPL_0354,09:45,push,,,,,,
U0086,3,Segment 3,paid,D26,2,retention,5_early_retention,4,TPL_0359,14:30,push,TPL_0354,10:00,push,TPL_0351,14:30,push,TPL_0357,09:00,push,,,,,,
U0086,3,Segment 3,paid,D27,3,retention,5_early_retention,4,TPL_0352,12:15,push,TPL_0354,11:00,push,TPL_0356,13:00,push,TPL_0359,10:30,push,,,,,,
U0086,3,Segment 3,paid,D28,4,retention,5_early_retention,4,TPL_0351,13:30,push,TPL_0359,09:45,push,TPL_0352,12:30,push,TPL_0354,09:30,push,,,,,,
U0086,3,Segment 3,paid,D29,5,retention,5_early_retention,4,TPL_0352,14:30,push,TPL_0359,11:15,push,TPL_0356,13:30,push,TPL_0353,11:45,push,,,,,,
U0086,3,Segment 3,paid,D30,6,retention,5_early_retention,4,TPL_0357,12:15,push,TPL_0360,09:00,push,TPL_0352,13:00,push,TPL_0351,09:30,push,,,,,,
U0087,0,Needs Attention,paid,D83,0,retention,5_early_retention,2,TPL_0053,14:00,push,TPL_0051,07:00,push,,,,,,,,,,,,
U0087,0,Needs Attention,paid,D84,1,retention,5_early_retention,2,TPL_0051,14:45,push,TPL_0060,08:30,push,,,,,,,,,,,,
U0087,0,Needs Attention,paid,D85,2,retention,5_early_retention,2,TPL_0051,12:15,push,TPL_0060,08:15,push,,,,,,,,,,,,
U0087,0,Needs Attention,paid,D86,3,retention,5_early_retention,2,TPL_0057,13:45,push,TPL_0055,06:15,push,,,,,,,,,,,,
U0087,0,Needs Attention,paid,D87,4,retention,5_early_retention,2,TPL_0060,14:30,push,TPL_0059,06:00,push,,,,,,,,,,,,
U0087,0,Needs Attention,paid,D88,5,retention,5_early_retention,2,TPL_0051,12:45,push,TPL_0057,08:30,push,,,,,,,,,,,,
U0087,0,Needs Attention,paid,D89,6,retention,5_early_retention,2,TPL_0053,13:00,push,TPL_0051,08:00,push,,,,,,,,,,,,
U0088,1,At-Risk Users,churned,D4,0,re_engagement,9_win_back,2,TPL_0106,11:15,push,TPL_0101,14:45,push,,,,,,,,,,,,
U0088,1,At-Risk Users,churned,D5,1,re_engagement,9_win_back,2,TPL_0105,09:00,push,TPL_0107,13:15,push,,,,,,,,,,,,
U0088,1,At-Risk Users,churned,D6,2,re_engagement,9_win_back,2,TPL_0103,09:30,push,TPL_0105,13:30,push,,,,,,,,,,,,
U0088,1,At-Risk Users,churned,D7,3,re_engagement,10_re_activation,2,TPL_0110,10:30,push,TPL_0102,13:45,push,,,,,,,,,,,,
U0088,1,At-Risk Users,churned,D8,4,re_engagement,10_re_activation,2,TPL_0108,10:15,push,TPL_0109,12:15,push,,,,,,,,,,,,
U0088,1,At-Risk Users,churned,D9,5,re_engagement,10_re_activation,2,TPL_0103,09:00,push,TPL_0102,12:00,push,,,,,,,,,,,,
U0088,1,At-Risk Users,churned,D10,6,re_engagement,10_re_activation,2,TPL_0110,09:45,push,TPL_0108,13:30,push,,,,,,,,,,,,
U0089,0,Needs Attention,paid,D64,0,retention,5_early_retention,2,TPL_0051,13:00,push,TPL_0055,08:30,push,,,,,,,,,,,,
U0089,0,Needs Attention,paid,D65,1,retention,5_early_retention,2,TPL_0055,12:45,push,TPL_0058,07:45,push,,,,,,,,,,,,
U0089,0,Needs Attention,paid,D66,2,retention,5_early_retention,2,TPL_0057,13:00,push,TPL_0058,06:15,push,,,,,,,,,,,,
U0089,0,Needs Attention,paid,D67,3,retention,5_early_retention,2,TPL_0052,14:30,push,TPL_0051,08:00,push,,,,,,,,,,,,
U0089,0,Needs Attention,paid,D68,4,retention,5_early_retention,2,TPL_0053,12:30,push,TPL_0060,06:00,push,,,,,,,,,,,,
U0089,0,Needs Attention,paid,D69,5,retention,5_early_retention,2,TPL_0052,14:15,push,TPL_0059,07:45,push,,,,,,,,,,,,
U0089,0,Needs Attention,paid,D70,6,retention,5_early_retention,2,TPL_0059,14:00,push,TPL_0052,08:30,push,,,,,,,,,,,,
U0090,3,Segment 3,trial,D48,0,activation,1_activation,4,TPL_0366,13:15,push,TPL_0362,09:45,push,TPL_0363,13:15,push,TPL_0369,09:45,push,,,,,,
U0090,3,Segment 3,trial,D49,1,habit_formation,1_activation,4,TPL_0397,12:15,push,TPL_0399,09:00,push,TPL_0394,12:15,push,TPL_0395,09:15,push,,,,,,
U0090,3,Segment 3,trial,D50,2,habit_formation,2_habit_formation,4,TPL_0400,13:30,push,TPL_0393,11:00,push,TPL_0394,14:30,push,TPL_0397,09:00,push,,,,,,
U0090,3,Segment 3,trial,D51,3,feature_discovery,2_habit_formation,4,TPL_0383,12:15,push,TPL_0384,11:45,push,TPL_0381,12:00,push,TPL_0382,10:00,push,,,,,,
U0090,3,Segment 3,trial,D52,4,feature_discovery,2_habit_formation,4,TPL_0384,12:45,push,TPL_0385,09:15,push,TPL_0387,14:45,push,TPL_0388,11:45,push,,,,,,
U0090,3,Segment 3,trial,D53,5,feature_discovery,3_feature_discovery,4,TPL_0388,13:00,push,TPL_0387,10:45,push,TPL_0389,12:30,push,TPL_0385,09:15,push,,,,,,
U0090,3,Segment 3,trial,D54,6,conversion_readiness,3_feature_discovery,4,TPL_0374,13:30,push,TPL_0378,10:15,push,TPL_0373,12:15,push,TPL_0371,11:30,push,,,,,,
U0091,1,At-Risk Users,paid,D2,0,retention,5_early_retention,2,TPL_0159,10:45,push,TPL_0157,14:45,push,,,,,,,,,,,,
U0091,1,At-Risk Users,paid,D3,1,retention,5_early_retention,2,TPL_0153,09:00,push,TPL_0151,13:45,push,,,,,,,,,,,,
U0091,1,At-Risk Users,paid,D4,2,retention,5_early_retention,2,TPL_0154,09:45,push,TPL_0156,12:15,push,,,,,,,,,,,,
U0091,1,At-Risk Users,paid,D5,3,retention,5_early_retention,2,TPL_0155,11:00,push,TPL_0157,13:30,push,,,,,,,,,,,,
U0091,1,At-Risk Users,paid,D6,4,retention,5_early_retention,2,TPL_0159,10:45,push,TPL_0158,13:30,push,,,,,,,,,,,,
U0091,1,At-Risk Users,paid,D7,5,retention,5_early_retention,2,TPL_0156,10:30,push,TPL_0157,12:00,push,,,,,,,,,,,,
U0091,1,At-Risk Users,paid,D8,6,retention,5_early_retention,2,TPL_0158,10:15,push,TPL_0154,12:30,push,,,,,,,,,,,,
U0092,0,Needs Attention,churned,D44,0,re_engagement,9_win_back,2,TPL_0004,12:45,push,TPL_0006,08:30,push,,,,,,,,,,,,
U0092,0,Needs Attention,churned,D45,1,re_engagement,9_win_back,2,TPL_0009,14:15,push,TPL_0004,06:00,push,,,,,,,,,,,,
U0092,0,Needs Attention,churned,D46,2,re_engagement,9_win_back,2,TPL_0003,12:15,push,TPL_0010,07:00,push,,,,,,,,,,,,
U0092,0,Needs Attention,churned,D47,3,re_engagement,10_re_activation,2,TPL_0008,12:45,push,TPL_0006,07:15,push,,,,,,,,,,,,
U0092,0,Needs Attention,churned,D48,4,re_engagement,10_re_activation,2,TPL_0010,12:15,push,TPL_0007,08:30,push,,,,,,,,,,,,
U0092,0,Needs Attention,churned,D49,5,re_engagement,10_re_activation,2,TPL_0003,14:30,push,TPL_0009,08:00,push,,,,,,,,,,,,
U0092,0,Needs Attention,churned,D50,6,re_engagement,10_re_activation,2,TPL_0004,14:30,push,TPL_0003,08:15,push,,,,,,,,,,,,
U0093,2,Social Engagers,paid,D13,0,retention,5_early_retention,2,TPL_0255,23:15,push,TPL_0256,19:30,push,,,,,,,,,,,,
U0093,2,Social Engagers,paid,D14,1,retention,5_early_retention,2,TPL_0253,21:45,push,TPL_0258,18:00,push,,,,,,,,,,,,
U0093,2,Social Engagers,paid,D15,2,retention,5_early_retention,2,TPL_0256,21:15,push,TPL_0253,20:15,push,,,,,,,,,,,,
U0093,2,Social Engagers,paid,D16,3,retention,5_early_retention,2,TPL_0256,21:45,push,TPL_0255,18:30,push,,,,,,,,,,,,
U0093,2,Social Engagers,paid,D17,4,retention,5_early_retention,2,TPL_0259,23:15,push,TPL_0254,18:30,push,,,,,,,,,,,,
U0093,2,Social Engagers,paid,D18,5,retention,5_early_retention,2,TPL_0256,23:15,push,TPL_0258,19:00,push,,,,,,,,,,,,
U0093,2,Social Engagers,paid,D19,6,retention,5_early_retention,2,TPL_0254,21:15,push,TPL_0256,20:15,push,,,,,,,,,,,,
U0094,3,Segment 3,churned,D29,0,re_engagement,9_win_back,4,TPL_0303,12:30,push,TPL_0306,09:30,push,TPL_0301,14:45,push,TPL_0309,11:00,push,,,,,,
U0094,3,Segment 3,churned,D30,1,re_engagement,9_win_back,4,TPL_0304,13:30,push,TPL_0302,10:15,push,TPL_0306,12:45,push,TPL_0310,11:45,push,,,,,,
U0094,3,Segment 3,churned,D31,2,re_engagement,9_win_back,4,TPL_0304,14:30,push,TPL_0310,09:30,push,TPL_0302,12:15,push,TPL_0307,10:30,push,,,,,,
U0094,3,Segment 3,churned,D32,3,re_engagement,10_re_activation,4,TPL_0306,14:30,push,TPL_0303,09:15,push,TPL_0302,14:00,push,TPL_0308,11:45,push,,,,,,
U0094,3,Segment 3,churned,D33,4,re_engagement,10_re_activation,4,TPL_0310,14:00,push,TPL_0306,09:30,push,TPL_0307,14:15,push,TPL_0305,11:00,push,,,,,,
U0094,3,Segment 3,churned,D34,5,re_engagement,10_re_activation,4,TPL_0303,13:15,push,TPL_0302,10:00,push,TPL_0307,12:30,push,TPL_0304,10:15,push,,,,,,
U0094,3,Segment 3,churned,D35,6,re_engagement,10_re_activation,4,TPL_0306,14:00,push,TPL_0304,11:30,push,TPL_0303,13:00,push,TPL_0309,10:15,push,,,,,,
U0095,3,Segment 3,paid,D67,0,retention,5_early_retention,4,TPL_0351,12:00,push,TPL_0352,10:30,push,TPL_0354,12:00,push,TPL_0355,09:45,push,,,,,,
U0095,3,Segment 3,paid,D68,1,retention,5_early_retention,4,TPL_0358,13:45,push,TPL_0357,09:45,push,TPL_0354,13:45,push,TPL_0351,10:45,push,,,,,,
U0095,3,Segment 3,paid,D69,2,retention,5_early_retention,4,TPL_0359,12:45,push,TPL_0357,11:15,push,TPL_0358,12:45,push,TPL_0354,09:00,push,,,,,,
U0095,3,Segment 3,paid,D70,3,retention,5_early_retention,4,TPL_0356,13:00,push,TPL_0355,10:30,push,TPL_0352,12:00,push,TPL_0358,10:15,push,,,,,,
U0095,3,Segment 3,paid,D71,4,retention,5_early_retention,4,TPL_0351,13:15,push,TPL_0354,11:00,push,TPL_0359,14:00,push,TPL_0355,10:45,push,,,,,,
U0095,3,Segment 3,paid,D72,5,retention,5_early_retention,4,TPL_0356,14:00,push,TPL_0355,10:15,push,TPL_0353,14:45,push,TPL_0358,09:00,push,,,,,,
U0095,3,Segment 3,paid,D73,6,retention,5_early_retention,4,TPL_0358,12:30,push,TPL_0351,09:15,push,TPL_0355,13:30,push,TPL_0352,11:30,push,,,,,,
U0096,0,Needs Attention,paid,D17,0,retention,5_early_retention,2,TPL_0053,13:15,push,TPL_0059,06:00,push,,,,,,,,,,,,
U0096,0,Needs Attention,paid,D18,1,retention,5_early_retention,2,TPL_0057,13:45,push,TPL_0059,06:00,push,,,,,,,,,,,,
U0096,0,Needs Attention,paid,D19,2,retention,5_early_retention,2,TPL_0059,13:00,push,TPL_0058,07:00,push,,,,,,,,,,,,
U0096,0,Needs Attention,paid,D20,3,retention,5_early_retention,2,TPL_0060,13:45,push,TPL_0053,06:00,push,,,,,,,,,,,,
U0096,0,Needs Attention,paid,D21,4,retention,5_early_retention,2,TPL_0054,12:15,push,TPL_0059,06:30,push,,,,,,,,,,,,
U0096,0,Needs Attention,paid,D22,5,retention,5_early_retention,2,TPL_0060,12:45,push,TPL_0053,06:30,push,,,,,,,,,,,,
U0096,0,Needs Attention,paid,D23,6,retention,5_early_retention,2,TPL_0058,13:45,push,TPL_0053,07:30,push,,,,,,,,,,,,
U0097,5,Social Engagers,paid,D61,0,retention,5_early_retention,6,TPL_0560,12:45,push,TPL_0559,21:30,push,TPL_0557,13:30,push,TPL_0555,21:45,push,TPL_0558,12:30,push,TPL_0551,22:45,push
U0097,5,Social Engagers,paid,D62,1,retention,5_early_retention,6,TPL_0554,13:15,push,TPL_0551,22:00,push,TPL_0559,12:00,push,TPL_0555,21:30,push,TPL_0560,14:45,push,TPL_0556,23:15,push
U0097,5,Social Engagers,paid,D63,2,retention,5_early_retention,6,TPL_0552,14:00,push,TPL_0556,22:45,push,TPL_0555,14:45,push,TPL_0554,23:15,push,TPL_0558,13:30,push,TPL_0560,21:45,push
U0097,5,Social Engagers,paid,D64,3,retention,5_early_retention,6,TPL_0551,14:00,push,TPL_0559,23:15,push,TPL_0555,12:45,push,TPL_0558,21:15,push,TPL_0554,12:15,push,TPL_0560,21:00,push
U0097,5,Social Engagers,paid,D65,4,retention,5_early_retention,6,TPL_0555,13:00,push,TPL_0551,23:45,push,TPL_0556,12:15,push,TPL_0554,23:30,push,TPL_0553,13:00,push,TPL_0560,21:45,push
U0097,5,Social Engagers,paid,D66,5,retention,5_early_retention,6,TPL_0560,14:45,push,TPL_0553,23:30,push,TPL_0556,13:45,push,TPL_0552,21:45,push,TPL_0554,12:45,push,TPL_0555,21:15,push
U0097,5,Social Engagers,paid,D67,6,retention,5_early_retention,6,TPL_0554,14:00,push,TPL_0556,21:00,push,TPL_0552,13:30,push,TPL_0557,22:30,push,TPL_0560,13:45,push,TPL_0558,23:45,push
U0098,0,Needs Attention,trial,D36,0,activation,1_activation,2,TPL_0065,12:15,push,TPL_0064,07:45,push,,,,,,,,,,,,
U0098,0,Needs Attention,trial,D37,1,habit_formation,1_activation,2,TPL_0098,12:45,push,TPL_0097,06:45,push,,,,,,,,,,,,
U0098,0,Needs Attention,trial,D38,2,habit_formation,2_habit_formation,2,TPL_0098,13:15,push,TPL_0095,06:45,push,,,,,,,,,,,,
U0098,0,Needs Attention,trial,D39,3,feature_discovery,2_habit_formation,2,TPL_0085,13:30,push,TPL_0083,06:30,push,,,,,,,,,,,,
U0098,0,Needs Attention,trial,D40,4,feature_discovery,2_habit_formation,2,TPL_0083,13:30,push,TPL_0088,07:45,push,,,,,,,,,,,,
U0098,0,Needs Attention,trial,D41,5,feature_discovery,3_feature_discovery,2,TPL_0084,14:00,push,TPL_0087,06:15,push,,,,,,,,,,,,
U0098,0,Needs Attention,trial,D42,6,conversion_readiness,3_feature_discovery,2,TPL_0077,13:45,push,TPL_0071,07:30,push,,,,,,,,,,,,
U0099,5,Social Engagers,trial,D24,0,activation,1_activation,6,TPL_0566,14:45,push,TPL_0565,23:00,push,TPL_0569,12:45,push,TPL_0562,21:45,push,TPL_0567,14:45,push,TPL_0563,23:30,push
U0099,5,Social Engagers,trial,D25,1,habit_formation,1_activation,6,TPL_0599,12:15,push,TPL_0594,21:30,push,TPL_0598,14:45,push,TPL_0600,21:00,push,TPL_0595,12:15,push,TPL_0593,21:00,push
U0099,5,Social Engagers,trial,D26,2,habit_formation,2_habit_formation,6,TPL_0599,12:00,push,TPL_0595,22:00,push,TPL_0592,13:15,push,TPL_0594,22:30,push,TPL_0597,13:45,push,TPL_0598,23:00,push
U0099,5,Social Engagers,trial,D27,3,feature_discovery,2_habit_formation,6,TPL_0582,14:00,push,TPL_0588,21:30,push,TPL_0585,13:45,push,TPL_0590,21:45,push,TPL_0589,14:30,push,TPL_0587,22:15,push
U0099,5,Social Engagers,trial,D28,4,feature_discovery,2_habit_formation,6,TPL_0587,13:00,push,TPL_0585,22:00,push,TPL_0588,13:00,push,TPL_0586,21:15,push,TPL_0583,12:15,push,TPL_0582,23:15,push
U0099,5,Social Engagers,trial,D29,5,feature_discovery,3_feature_discovery,6,TPL_0590,13:45,push,TPL_0585,23:00,push,TPL_0583,14:00,push,TPL_0586,22:15,push,TPL_0587,14:15,push,TPL_0588,23:00,push
U0099,5,Social Engagers,trial,D30,6,conversion_readiness,3_feature_discovery,6,TPL_0572,12:30,push,TPL_0577,23:30,push,TPL_0574,14:30,push,TPL_0580,22:45,push,TPL_0579,13:45,push,TPL_0571,22:15,push
