user_id,lifecycle_stage,days_since_signup,age_band_region,sessions_last_7d,exercises_completed_7d,streak_current,coins_balance,feature_ai_tutor_used,feature_leaderboard_viewed,preferred_hour,notif_open_rate_30d,motivation_score
U0000,trial,46,20-30_Tier2,4,4,1,845,False,False,19,0.18766200780732797,0.34928646752736187
U0001,inactive,11,20-30_Tier2,5,13,4,668,True,False,10,0.2364043972637375,0.6132476196559711
U0002,paid,61,30-40_Tier1,1,7,4,722,True,False,8,0.44299603203883514,0.45444655173552895
U0003,paid,79,20-30_Tier2,2,8,3,932,False,True,15,0.22276922315567882,0.5348476507703976
U0004,trial,87,30-40_Tier1,3,8,6,788,False,False,16,0.585576413579197,0.9139827224931543
U0005,trial,82,20-30_Tier2,5,9,3,727,True,True,22,0.07120406397351385,0.7668213036895379
U0006,trial,7,20-30_Tier3,7,10,1,217,True,True,13,0.28652359056913046,0.7956858158073875
U0007,churned,20,20-30_Tier2,4,14,1,744,True,False,14,0.3331787665492899,0.8644070905973219
U0008,paid,80,20-30_Tier2,4,3,4,375,True,False,13,0.5078533247285345,0.6063323105390752
U0009,paid,86,20-30_Tier3,5,4,3,11,False,False,7,0.2386303869696159,0.767169176749313
U0010,trial,79,30-40_Tier1,5,8,1,431,True,False,9,0.1109026251458377,0.5904787585209621
U0011,inactive,69,30-40_Tier1,4,9,1,82,True,False,21,0.47414721597063386,0.7940181030738691
U0012,churned,71,20-30_Tier2,5,13,1,430,True,False,14,0.4281311792904049,0.7485654266942988
U0013,trial,24,20-30_Tier3,6,5,2,624,True,True,14,0.1836711514746553,0.9413654068886544
U0014,trial,81,30-40_Tier1,5,8,3,477,True,True,10,0.18553585512518553,0.9566294415737768
U0015,trial,88,20-30_Tier2,7,4,1,782,True,False,8,0.03346194594763211,0.7203504789656504
U0016,trial,11,20-30_Tier3,8,8,2,706,True,False,19,0.2201302670606994,0.7348956886208986
U0017,paid,14,30-40_Tier1,4,5,2,368,True,True,20,0.09326814172031195,0.7806534636895458
U0018,paid,58,30-40_Tier1,5,12,4,652,True,True,11,0.5833111736851406,0.6747201194602628
U0019,trial,25,20-30_Tier3,6,6,2,954,True,False,21,0.1979366101040829,0.7057155560091074
U0020,paid,25,20-30_Tier3,9,9,3,968,False,False,15,0.28150152123476235,0.2934637152268376
U0021,trial,46,20-30_Tier3,6,8,3,635,True,False,19,0.205620577656419,0.9564831473637485
U0022,trial,31,20-30_Tier3,0,12,2,140,True,False,17,0.3846673036777925,0.6760479773877459
U0023,trial,9,20-30_Tier2,4,11,3,719,True,True,14,0.4511991534158772,0.8970388373475024
U0024,paid,15,20-30_Tier3,2,6,2,626,False,False,17,0.3578211269549348,0.36078245169133943
U0025,churned,70,30-40_Tier1,6,7,2,717,False,False,18,0.032353031878604784,0.7980156738996644
U0026,trial,16,30-40_Tier1,9,3,1,455,True,True,18,0.3625719841632235,0.5758198840088509
U0027,paid,22,20-30_Tier2,0,10,5,501,False,False,22,0.5573058768050456,0.5470758511373077
U0028,paid,25,30-40_Tier1,3,4,8,402,True,False,7,0.5791416773629234,0.8045750499764576
U0029,trial,84,30-40_Tier1,0,9,4,952,True,False,14,0.22826520076594284,0.7939362749418536
U0030,paid,85,20-30_Tier3,8,13,1,287,True,True,13,0.38940906808866443,0.7072951247647496
U0031,trial,6,30-40_Tier1,2,13,5,354,True,False,12,0.23739102067556292,0.6555600831584513
U0032,trial,13,20-30_Tier2,4,11,4,342,True,False,10,0.2581237633790456,0.7703497108792225
U0033,inactive,78,20-30_Tier3,4,11,1,148,False,False,8,0.42744929445040525,0.5100051877973579
U0034,inactive,6,20-30_Tier3,5,6,5,209,False,True,18,0.11344137322638494,0.7443499720509745
U0035,churned,8,20-30_Tier2,4,4,1,111,True,False,11,0.1186247365420165,0.9666562666057258
U0036,trial,47,20-30_Tier3,3,11,3,653,True,False,16,0.18990291824335778,0.5990064882752366
U0037,trial,71,20-30_Tier3,2,6,3,975,True,True,9,0.4516054610774837,0.7074153605847979
U0038,paid,58,20-30_Tier2,8,3,5,535,True,True,8,0.3415555129030218,0.7115615486745824
U0039,paid,86,20-30_Tier3,4,15,2,48,False,False,9,0.2659197054792317,0.7683098300880159
U0040,trial,81,20-30_Tier2,5,4,1,799,False,True,8,0.13428319672160238,0.6790351797456539
U0041,paid,38,20-30_Tier2,5,14,1,330,False,False,18,0.03844827536449802,0.5441795817208978
U0042,trial,17,30-40_Tier1,7,7,0,364,False,True,20,0.5109146522645701,0.7162367780544312
U0043,inactive,58,30-40_Tier1,5,7,5,10,True,True,17,0.11146494746494243,0.6501375678428545
U0044,trial,16,20-30_Tier3,8,11,5,187,True,False,20,0.23656956801437495,0.9072222261674843
U0045,paid,13,20-30_Tier3,5,5,2,508,True,True,16,0.4244631137073393,0.7402985406564059
U0046,trial,30,20-30_Tier2,4,8,3,579,True,False,16,0.4897061587472041,0.46900885734892117
U0047,paid,23,20-30_Tier3,6,7,3,444,False,False,18,0.2460775110089526,0.8835028990590003
U0048,paid,59,20-30_Tier2,5,3,1,89,True,False,17,0.07187890366730502,0.7665894689042833
U0049,trial,44,20-30_Tier2,1,7,2,621,True,False,11,0.08782075517146393,0.7922675838657339
U0050,inactive,2,20-30_Tier3,7,8,3,900,False,False,8,0.17168731193066855,0.6512556621166585
U0051,churned,36,20-30_Tier2,4,6,7,675,False,True,21,0.11443425443010845,0.6626185171024234
U0052,inactive,42,30-40_Tier1,4,5,4,992,True,False,14,0.5693867680798831,0.7157379079487358
U0053,churned,39,20-30_Tier3,4,8,2,447,False,True,19,0.2736752039274416,0.6873554676736172
U0054,paid,89,30-40_Tier1,6,5,2,717,True,False,8,0.2087856157271372,0.7468834600395713
U0055,inactive,54,20-30_Tier3,6,9,1,31,True,False,8,0.5569035494957952,0.9250250192537167
U0056,trial,86,20-30_Tier2,4,6,2,326,True,False,12,0.35098178676958164,0.5390335475254624
U0057,trial,38,20-30_Tier3,5,9,4,73,True,True,8,0.254863136429424,0.6049445025241389
U0058,trial,14,30-40_Tier1,4,12,1,250,False,True,6,0.5409278441911992,0.8550322590340838
U0059,trial,3,20-30_Tier2,4,12,7,449,True,False,17,0.3836190429446922,0.9041225076089322
U0060,trial,85,20-30_Tier3,8,5,1,905,False,True,11,0.48929196175179773,0.7723553476571815
U0061,trial,24,20-30_Tier3,4,8,4,354,False,False,12,0.227871144385118,0.7145755120134267
U0062,churned,12,20-30_Tier3,7,6,2,532,True,False,7,0.537931324803409,0.7991441397981112
U0063,trial,81,30-40_Tier1,7,4,1,295,False,True,20,0.07183987597378885,0.930830705974464
U0064,trial,32,30-40_Tier1,9,6,7,297,True,True,20,0.17755308239141449,0.9801079799344569
U0065,paid,15,20-30_Tier3,6,8,5,327,True,False,15,0.098088130194481,0.5495108140080585
U0066,trial,41,20-30_Tier2,5,5,4,301,False,False,22,0.15462567719045942,0.9074423189224755
U0067,churned,65,20-30_Tier2,10,7,4,511,False,True,20,0.02155169817852896,0.6454997682253958
U0068,trial,54,30-40_Tier1,8,9,3,337,True,True,11,0.26087056850397633,0.8478287367788103
U0069,inactive,41,20-30_Tier2,5,7,5,584,False,True,14,0.16207834355024603,0.687482399940031
U0070,churned,33,30-40_Tier1,6,12,2,373,True,True,16,0.2303837412174877,0.8458229185781097
U0071,trial,29,20-30_Tier3,1,10,3,552,False,False,20,0.3243113060943545,0.7434122470084663
U0072,trial,12,30-40_Tier1,10,13,5,93,True,False,8,0.08292628496156011,0.7816633358204242
U0073,churned,12,30-40_Tier1,10,4,5,131,True,False,6,0.2789503514031127,0.7828532394658325
U0074,paid,17,20-30_Tier3,3,10,3,610,True,False,22,0.24801797689932123,0.7288856494122427
U0075,paid,31,20-30_Tier2,6,8,2,909,True,True,16,0.3871108537701758,0.7608761581238622
U0076,churned,38,30-40_Tier1,8,6,0,909,True,False,16,0.08660196858602535,0.3275961291828197
U0077,trial,45,30-40_Tier1,1,6,3,52,False,False,12,0.2896699660951495,0.7639407144283251
U0078,trial,28,20-30_Tier3,7,12,2,495,True,False,6,0.1634691693627058,0.6309090609490726
U0079,trial,61,20-30_Tier2,6,13,0,228,True,False,17,0.5720088469990291,0.6781483410863908
U0080,churned,61,30-40_Tier1,5,11,1,639,True,False,9,0.2087511899553053,0.5239930247420559
U0081,paid,56,20-30_Tier3,5,11,1,211,True,False,13,0.04068691627114329,0.6465634896391907
U0082,trial,15,30-40_Tier1,8,5,2,796,False,True,20,0.6358500905091231,0.8800410228330732
U0083,trial,55,20-30_Tier3,2,8,3,790,False,False,16,0.16224648364799873,0.7277360324662007
U0084,trial,9,20-30_Tier2,5,9,1,503,False,False,13,0.37351876009683044,0.8963268197230847
U0085,trial,29,20-30_Tier2,5,15,2,494,True,False,17,0.06431358534984212,0.8460413481309136
U0086,paid,24,20-30_Tier2,3,12,5,852,True,False,8,0.5761400175900357,0.7513710170476326
U0087,paid,83,20-30_Tier2,5,7,6,670,True,False,9,0.17094378680783973,0.5601523485684311
U0088,churned,4,30-40_Tier1,4,9,5,863,False,False,17,0.18123772168104976,0.7069434727973719
U0089,paid,64,30-40_Tier1,3,7,6,232,False,False,13,0.3344678401080706,0.5927167742617161
U0090,trial,48,20-30_Tier2,8,7,1,70,True,False,15,0.3335488717725418,0.5213674545901005
U0091,paid,2,20-30_Tier2,4,3,1,716,True,False,6,0.4479178809045054,0.7654960475057255
U0092,churned,44,20-30_Tier2,4,9,7,188,False,False,18,0.23489615704254507,0.6782523184535282
U0093,paid,13,30-40_Tier1,2,10,2,662,False,True,12,0.15210999147561835,0.3432916271231706
U0094,churned,29,20-30_Tier2,5,10,2,7,False,False,8,0.5062232504595878,0.6063528504459891
U0095,paid,67,20-30_Tier2,6,11,3,331,True,False,21,0.5225628182759965,0.835802094755672
U0096,paid,17,20-30_Tier2,4,6,4,611,False,False,17,0.37638271671009416,0.6128898331142631
U0097,paid,61,20-30_Tier3,4,5,4,15,True,True,10,0.4761997572971516,0.8675130970536873
U0098,trial,36,20-30_Tier2,1,4,2,665,False,False,13,0.49632230172586267,0.34779705750101125
U0099,trial,24,20-30_Tier3,3,6,1,668,False,True,17,0.7127414265296306,0.5699439549798703
U0100,trial,47,20-30_Tier3,5,11,3,92,False,False,8,0.28833546203568544,0.8767124008418956
U0101,paid,64,20-30_Tier2,4,10,2,261,False,True,21,0.05212354377688137,0.6875822416996644
U0102,trial,52,20-30_Tier3,5,15,4,548,True,False,15,0.16041534381421682,0.683326448073632
U0103,paid,78,20-30_Tier2,7,9,5,160,True,True,22,0.10053318931426612,0.7134796630877098
U0104,inactive,72,30-40_Tier1,8,4,1,350,True,True,15,0.2174499568287979,0.662512582863677
U0105,trial,14,30-40_Tier1,4,11,7,173,True,False,8,0.22371028715605212,0.6527548329517215
U0106,paid,48,30-40_Tier1,6,11,3,316,True,True,7,0.48252765549509263,0.644141407165592
U0107,churned,87,30-40_Tier1,2,9,1,936,True,False,19,0.372897437415432,0.6050881468274816
U0108,trial,67,20-30_Tier3,7,11,8,17,False,False,14,0.11662870220189706,0.8966552827435808
U0109,trial,11,20-30_Tier2,3,9,2,485,True,False,22,0.15711141579611027,0.6705989440033046
U0110,trial,58,20-30_Tier2,9,4,3,366,False,True,9,0.06555790098330892,0.7372989807572494
U0111,trial,36,20-30_Tier2,3,11,3,350,False,False,20,0.2370053964534055,0.9542538997028556
U0112,inactive,60,30-40_Tier1,5,3,6,527,True,True,18,0.24912655687476093,0.7950687212415612
U0113,churned,42,30-40_Tier1,3,8,2,871,True,False,14,0.1826929270131495,0.762296476347867
U0114,paid,69,20-30_Tier2,7,8,4,434,True,False,9,0.4415713706117097,0.6341072642713532
U0115,churned,38,30-40_Tier1,3,4,1,932,False,True,13,0.24697119815776308,0.8204256962509402
U0116,churned,55,20-30_Tier2,6,3,4,269,True,False,20,0.05705810095244107,0.8457427453819819
U0117,trial,62,20-30_Tier2,6,4,2,870,True,True,19,0.2223956530921493,0.9975571490349467
U0118,churned,45,20-30_Tier2,3,6,3,67,False,False,8,0.6108096429951307,0.9650546909456572
U0119,paid,87,20-30_Tier2,2,8,7,29,True,False,22,0.48994205169000676,0.8758397805564264
U0120,churned,10,20-30_Tier2,4,9,4,315,False,False,13,0.20148487076601254,0.8039869944517608
U0121,churned,61,20-30_Tier2,8,5,4,820,True,False,19,0.07934867562411628,0.8122805016737829
U0122,trial,76,20-30_Tier2,5,8,5,736,False,False,18,0.2686502775306358,0.7760070699222049
U0123,trial,24,30-40_Tier1,10,7,0,163,False,False,20,0.415686351399328,0.4522697853555078
U0124,trial,70,20-30_Tier2,4,9,3,925,False,False,16,0.4483844168936572,0.8726838658162864
U0125,paid,51,20-30_Tier2,1,6,1,319,True,False,20,0.32941590694532885,0.47290144182617183
U0126,churned,3,30-40_Tier1,4,5,5,13,True,False,17,0.22036678819254674,0.7398766697719813
U0127,churned,58,30-40_Tier1,7,1,1,278,False,False,14,0.2170328006444042,0.8246564232800159
U0128,trial,71,30-40_Tier1,7,9,4,431,True,True,20,0.3741934462199451,0.6918967715277432
U0129,paid,19,20-30_Tier2,6,8,4,667,True,True,6,0.23794254423654085,0.946998390055455
U0130,paid,62,20-30_Tier3,7,3,1,633,False,True,17,0.19253001909717027,0.7458025770984614
U0131,trial,53,20-30_Tier3,7,7,7,262,True,False,11,0.20387116915310677,0.6569627166590585
U0132,trial,73,30-40_Tier1,2,9,4,681,True,True,6,0.2457116093234707,0.8165734008413359
U0133,trial,56,20-30_Tier3,2,6,1,521,False,False,18,0.12762367446689046,0.7494006526687516
U0134,inactive,89,30-40_Tier1,9,5,1,963,True,False,11,0.5643420366825486,0.8871631513262328
U0135,trial,40,20-30_Tier2,1,5,1,171,True,False,22,0.5765356250560953,0.8840541582506022
U0136,paid,2,20-30_Tier3,5,9,5,357,False,False,18,0.19156211412125873,0.8106114185306202
U0137,paid,5,20-30_Tier2,7,8,3,12,False,True,14,0.033579985301879264,0.6287178509876068
U0138,trial,4,20-30_Tier3,3,9,1,724,True,False,13,0.06534447594376479,0.821901220417469
U0139,inactive,4,20-30_Tier2,8,6,4,672,False,False,20,0.5838993351156919,0.857553530647839
U0140,inactive,53,20-30_Tier3,6,7,7,231,False,False,7,0.12660309689868074,0.6682667391704782
U0141,trial,46,20-30_Tier2,7,6,1,475,True,False,7,0.2559898216455436,0.6761787809800437
U0142,paid,86,20-30_Tier2,5,8,3,470,True,True,16,0.15491546233787154,0.7266287619268023
U0143,trial,48,20-30_Tier3,3,10,2,159,True,False,6,0.6489752044196535,0.7567497678512207
U0144,trial,8,20-30_Tier2,9,14,1,638,False,True,12,0.18423266113200001,0.9010882643608173
U0145,trial,19,20-30_Tier2,5,11,3,559,False,False,22,0.2168216813187928,0.6876149945875533
U0146,paid,60,20-30_Tier2,8,15,2,260,True,True,21,0.3630072822166008,0.4865640598837234
U0147,paid,34,20-30_Tier3,12,6,4,572,False,False,12,0.17784114934417622,0.585731354725261
U0148,trial,49,20-30_Tier3,5,10,1,633,False,True,12,0.1339009292236586,0.8546732043381339
U0149,trial,81,20-30_Tier2,6,4,3,601,True,False,7,0.21945328314480064,0.606001237821563
U0150,inactive,61,20-30_Tier2,2,5,1,358,False,True,10,0.6881288658106165,0.7720764433423668
U0151,trial,16,20-30_Tier3,2,7,1,254,True,False,19,0.2193442939409221,0.7858158482839502
U0152,trial,87,20-30_Tier3,8,11,3,601,False,False,13,0.2831076928036172,0.7348156015956523
U0153,paid,2,20-30_Tier2,3,5,2,514,True,True,17,0.30363051273424707,0.8120022599184842
U0154,inactive,31,20-30_Tier2,5,8,7,279,False,True,12,0.18463985724470508,0.8036309260099918
U0155,trial,12,20-30_Tier2,3,9,6,116,False,False,11,0.07098374069961343,0.9376347501041375
U0156,paid,88,30-40_Tier1,5,15,1,609,True,True,18,0.31297135412465654,0.8248151225805611
U0157,churned,72,20-30_Tier3,3,6,2,161,False,False,17,0.07723071395842221,0.655258395326736
U0158,trial,67,30-40_Tier1,4,6,2,851,False,False,22,0.28993742986483206,0.5932224406580745
U0159,paid,13,20-30_Tier3,5,7,2,886,False,True,21,0.5413709677819522,0.7389270288981941
U0160,trial,10,20-30_Tier3,6,6,1,989,True,True,6,0.4510165220584793,0.8678985997992127
U0161,paid,55,20-30_Tier3,6,4,2,297,True,False,12,0.42876187338684624,0.5148350785365755
U0162,paid,66,20-30_Tier3,8,3,2,915,False,True,8,0.15058506744824499,0.8324509670628184
U0163,paid,28,20-30_Tier3,7,8,2,296,False,True,11,0.09653998348181288,0.6448577819681376
U0164,trial,8,20-30_Tier3,6,8,2,593,False,True,8,0.044515537941646706,0.7467334128212862
U0165,churned,66,20-30_Tier3,8,4,2,357,False,True,8,0.1651827461521231,0.7360881982203913
U0166,trial,24,30-40_Tier1,9,5,0,659,True,True,13,0.47124772044615504,0.6458613029240993
U0167,trial,75,20-30_Tier2,6,11,1,517,True,False,19,0.34882770970690086,0.5194791184711705
U0168,trial,41,20-30_Tier2,7,7,4,377,True,False,14,0.5336525576572954,0.32847148238752943
U0169,paid,8,30-40_Tier1,8,10,3,696,False,False,10,0.1407847884987113,0.6437625720156572
U0170,paid,78,30-40_Tier1,2,9,3,425,False,True,20,0.10398427128260382,0.20805694639029168
U0171,trial,39,30-40_Tier1,3,8,5,763,False,True,22,0.03190975917477248,0.8962091206730679
U0172,paid,24,30-40_Tier1,2,8,4,536,True,False,15,0.20584236322518704,0.7772124858158215
U0173,trial,4,20-30_Tier3,4,11,0,552,False,False,13,0.08034601465054993,0.9195419065319012
U0174,paid,10,20-30_Tier2,7,12,3,168,False,True,11,0.3900179433122525,0.8621170852022467
U0175,trial,58,20-30_Tier3,7,8,2,514,False,False,22,0.126806596800123,0.3046962265924339
U0176,paid,87,20-30_Tier2,9,8,3,363,True,False,9,0.29892540549886776,0.6913334100951429
U0177,trial,78,20-30_Tier2,6,6,6,682,False,False,20,0.2309109298802323,0.7749827376588762
U0178,inactive,37,30-40_Tier1,2,13,2,429,False,True,15,0.0573597740471743,0.5244948649422181
U0179,trial,71,20-30_Tier3,4,4,4,568,False,False,18,0.13984774307844358,0.8148830844979091
U0180,trial,4,30-40_Tier1,9,12,5,82,False,False,6,0.4031525867708886,0.6383077492453966
U0181,trial,47,20-30_Tier3,3,4,6,329,False,False,14,0.1885635297822993,0.5386552516472704
U0182,inactive,89,20-30_Tier2,3,12,2,690,True,False,10,0.05333913884972402,0.49184712550751036
U0183,churned,17,30-40_Tier1,9,9,3,132,True,True,16,0.08671165492272451,0.6685773230868008
U0184,trial,69,30-40_Tier1,3,10,1,597,False,False,9,0.2629632544986155,0.5349093682651448
U0185,paid,36,20-30_Tier2,7,10,5,456,True,False,21,0.24449363295369894,0.6887803235643923
U0186,churned,59,20-30_Tier2,7,8,6,352,True,False,13,0.1969255573569822,0.8623884769841278
U0187,paid,47,20-30_Tier2,3,6,4,782,True,False,7,0.2864225639827745,0.6978985283477498
U0188,paid,76,30-40_Tier1,4,11,3,343,True,False,22,0.11684600478923367,0.5538412931460878
U0189,trial,27,20-30_Tier3,1,8,4,93,False,True,15,0.33669889636647765,0.765502920471421
U0190,trial,68,30-40_Tier1,3,8,8,381,True,True,18,0.42718939483164603,0.9130913561701727
U0191,churned,76,20-30_Tier3,5,10,2,867,False,False,20,0.4669523272259842,0.8206795941563679
U0192,inactive,80,30-40_Tier1,5,9,5,761,False,True,14,0.13299470510497202,0.6859085982386113
U0193,paid,39,30-40_Tier1,6,8,2,294,True,True,13,0.3253436681143907,0.4417880047520537
U0194,trial,44,20-30_Tier2,1,3,4,197,True,False,11,0.12578239905093175,0.5861792119099516
U0195,trial,61,20-30_Tier3,6,9,4,78,False,False,9,0.5022692348035857,0.5901473204472109
U0196,paid,57,30-40_Tier1,6,10,2,677,False,True,8,0.38956373286016277,0.809719607310798
U0197,churned,66,30-40_Tier1,1,6,3,550,True,False,9,0.05763354867245901,0.6068435486028981
U0198,churned,55,20-30_Tier2,3,6,5,819,True,True,18,0.24200960711500186,0.8039901200983388
U0199,churned,39,20-30_Tier2,6,6,2,213,True,True,16,0.37596158050865897,0.8563808110449371
U0200,paid,39,20-30_Tier3,8,7,3,642,True,True,13,0.36232778547079625,0.5990091186150797
U0201,trial,76,30-40_Tier1,8,11,1,668,True,True,19,0.13809805725248323,0.45685596891892294
U0202,trial,32,20-30_Tier3,8,7,5,988,False,False,19,0.0991086689452135,0.6454523278773496
U0203,churned,5,30-40_Tier1,8,8,1,893,False,False,21,0.24653026636686007,0.4883305830990399
U0204,paid,87,20-30_Tier3,2,7,3,158,False,False,19,0.3026219316832306,0.7293072074146238
U0205,trial,18,20-30_Tier2,6,9,2,833,True,True,6,0.10141555869158934,0.557680676146819
U0206,trial,79,30-40_Tier1,4,3,5,738,False,False,7,0.09455539519008505,0.8211229015165374
U0207,paid,39,20-30_Tier3,8,4,6,556,True,True,6,0.41382217521335884,0.6424498447653316
U0208,trial,58,20-30_Tier2,11,14,1,200,True,True,16,0.1272086524236803,0.4604936049466555
U0209,trial,58,20-30_Tier2,2,12,6,21,False,False,11,0.7070457790498695,0.6365630941910451
U0210,paid,47,20-30_Tier3,5,12,2,338,False,False,20,0.4003944135176894,0.8257315732864541
U0211,paid,40,30-40_Tier1,10,4,4,241,True,True,17,0.13502921323061917,0.9064734907001627
U0212,paid,12,30-40_Tier1,4,9,2,740,False,True,10,0.25493745918001076,0.7680379905433332
U0213,trial,44,20-30_Tier2,8,9,4,905,False,False,17,0.19638054888717116,0.8602025977582358
U0214,paid,88,30-40_Tier1,4,9,2,237,True,False,19,0.2078194489759764,0.9492496079524554
U0215,trial,52,30-40_Tier1,3,5,2,148,False,False,19,0.1690754633020037,0.8939337124776173
U0216,trial,41,30-40_Tier1,6,12,3,784,False,False,10,0.688140361387845,0.697081713284657
U0217,paid,62,20-30_Tier2,7,11,3,578,False,False,8,0.2849980294591981,0.8232368587173103
U0218,paid,26,20-30_Tier3,4,3,4,6,True,True,11,0.07781901140950326,0.5699873075406771
U0219,churned,37,30-40_Tier1,7,1,1,232,True,False,14,0.050162864698687824,0.5590825653533175
U0220,paid,59,20-30_Tier2,4,9,1,868,True,True,12,0.3999735154983595,0.5567870996262195
U0221,paid,6,20-30_Tier2,3,9,2,803,True,True,7,0.6934859914642743,0.6561023077969039
U0222,trial,4,20-30_Tier3,4,6,1,767,False,False,15,0.5290429842024932,0.7923440883373516
U0223,trial,44,30-40_Tier1,6,12,3,578,True,False,17,0.3411216715683323,0.4611198397380991
U0224,trial,57,30-40_Tier1,6,10,2,761,False,True,7,0.13055968203670915,0.7428578838540972
U0225,trial,30,20-30_Tier3,8,8,2,76,True,False,18,0.18007964792098066,0.899339798116149
U0226,inactive,22,20-30_Tier3,7,8,2,488,False,False,13,0.15084115760387845,0.2771088487374493
U0227,trial,41,20-30_Tier2,2,7,0,925,True,True,12,0.28492710751706274,0.7155537992803809
U0228,churned,9,20-30_Tier2,6,10,4,86,True,True,8,0.3437454130321139,0.8402891214861823
U0229,paid,31,20-30_Tier3,4,11,5,763,False,True,13,0.5791346767134432,0.9074679024062078
U0230,churned,52,30-40_Tier1,2,7,5,966,True,True,6,0.0557785167673853,0.7822227115643884
U0231,paid,29,20-30_Tier2,9,8,5,221,True,False,20,0.19647170943258646,0.819076006223953
U0232,paid,38,20-30_Tier2,5,13,3,412,True,False,6,0.13510522388791646,0.7949205665982494
U0233,paid,30,30-40_Tier1,3,9,2,583,True,False,17,0.24725700993787608,0.7071886378564083
U0234,trial,81,20-30_Tier2,2,2,3,201,False,True,16,0.3101347535795589,0.4884426529627531
U0235,paid,1,30-40_Tier1,6,6,3,928,False,True,21,0.5054206141760417,0.6544581746748017
U0236,trial,77,30-40_Tier1,3,3,5,570,True,True,9,0.31981653874818233,0.8490855007720645
U0237,trial,76,30-40_Tier1,6,5,1,275,True,True,7,0.3214118319955005,0.8995028375440618
U0238,paid,11,20-30_Tier3,5,12,1,220,False,True,8,0.5809185533834732,0.6255412528788136
U0239,trial,38,20-30_Tier3,2,7,3,156,False,False,9,0.36159555902360807,0.6509272682697019
U0240,inactive,65,20-30_Tier3,7,8,0,180,False,True,17,0.2253383467890622,0.6299667858987775
U0241,inactive,12,30-40_Tier1,6,5,2,724,False,False,6,0.1751728628997093,0.7615438359371195
U0242,inactive,45,30-40_Tier1,5,9,2,128,True,False,8,0.1116704402066321,0.45877019012772596
U0243,trial,26,20-30_Tier3,8,8,1,242,True,False,9,0.4020514492452256,0.6016977709386293
U0244,trial,16,20-30_Tier2,3,11,5,929,True,True,11,0.256289203913247,0.5367974415113704
U0245,inactive,59,30-40_Tier1,5,5,1,171,True,False,22,0.2092620427391952,0.5976370022932203
U0246,paid,63,20-30_Tier2,5,7,4,502,False,False,13,0.3297059399833402,0.6790453599925624
U0247,inactive,87,20-30_Tier2,4,7,1,479,False,True,21,0.42890419357593407,0.8780732132990885
U0248,inactive,34,30-40_Tier1,3,3,5,876,False,False,11,0.3396365116875378,0.8134551903087384
U0249,churned,69,30-40_Tier1,3,10,3,269,True,False,13,0.3277459839507115,0.6423647114689869
U0250,trial,82,20-30_Tier2,5,7,3,420,False,False,9,0.18276713153961588,0.6960822908292926
U0251,trial,29,20-30_Tier2,5,5,1,162,True,True,14,0.5374568536682014,0.6898435439670746
U0252,churned,70,20-30_Tier3,6,7,4,954,True,False,13,0.17146217544311265,0.5351497830739088
U0253,trial,73,20-30_Tier3,6,5,4,23,True,False,6,0.2776808599385581,0.856729202919538
U0254,trial,62,30-40_Tier1,6,7,5,496,False,False,9,0.3119581029509333,0.5568304816370936
U0255,paid,27,20-30_Tier3,6,11,0,192,True,False,15,0.5025743071736591,0.8507386334175634
U0256,inactive,59,20-30_Tier3,7,4,4,877,False,False,13,0.22093625984387635,0.8366949463722393
U0257,paid,78,20-30_Tier3,2,10,1,389,True,True,8,0.434434078762168,0.8221898308842193
U0258,paid,36,20-30_Tier3,5,9,4,496,True,False,17,0.09327682141242855,0.590745719942126
U0259,trial,21,20-30_Tier2,3,10,4,963,False,False,14,0.042549409854660686,0.53035092239914
U0260,paid,67,30-40_Tier1,1,10,1,805,True,True,8,0.3974759638664002,0.459661384305403
U0261,inactive,19,20-30_Tier3,8,7,3,128,True,True,9,0.2770967092103167,0.9023916983616712
U0262,trial,67,20-30_Tier2,0,5,1,552,True,False,11,0.08851970633534449,0.7652653580284847
U0263,paid,63,20-30_Tier2,4,7,2,542,False,False,14,0.22923820504911063,0.9476646384130689
U0264,churned,16,20-30_Tier2,3,5,3,35,True,True,7,0.35362943618994935,0.6214279344428908
U0265,paid,11,20-30_Tier3,3,3,1,456,True,True,7,0.07224433363260248,0.9725111664575539
U0266,paid,21,20-30_Tier3,2,3,2,360,True,False,8,0.29045547397823046,0.8853135748526336
U0267,paid,16,30-40_Tier1,3,9,1,764,True,False,8,0.4954978429590188,0.7801530051784867
U0268,trial,9,20-30_Tier3,8,10,2,949,True,True,11,0.5444528564047615,0.8533649695189711
U0269,trial,64,20-30_Tier3,6,8,5,876,False,False,6,0.39217582024425485,0.7816976017571664
U0270,churned,21,20-30_Tier2,4,6,0,214,False,True,20,0.3103778334720336,0.9260322785062012
U0271,churned,89,30-40_Tier1,6,5,3,286,True,True,16,0.576595099472038,0.7618246467564743
U0272,churned,81,20-30_Tier3,5,7,2,767,False,False,15,0.5489120654765259,0.7088124507218898
U0273,inactive,49,20-30_Tier3,1,7,2,924,False,True,9,0.041265681290520925,0.6257639860723323
U0274,paid,13,20-30_Tier2,3,8,3,368,False,False,19,0.24607150385204965,0.8527888131564716
U0275,paid,63,20-30_Tier2,3,9,2,468,True,True,7,0.08599346818784989,0.8659514887002209
U0276,churned,46,20-30_Tier3,3,11,3,898,True,False,18,0.08630730141813045,0.5213222922426594
U0277,paid,28,30-40_Tier1,9,6,0,185,False,True,21,0.3492138318186651,0.8047209551052795
U0278,paid,75,30-40_Tier1,2,8,1,473,True,True,17,0.4415961444395165,0.6903009057994585
U0279,churned,35,20-30_Tier2,3,9,7,60,True,False,10,0.3147108631706032,0.7031100203555521
U0280,churned,51,20-30_Tier2,5,7,2,261,False,False,8,0.15917630072361844,0.41251820729987043
U0281,trial,75,20-30_Tier3,4,6,3,787,True,False,7,0.4056762595848086,0.8580218489831878
U0282,trial,6,20-30_Tier2,3,8,1,110,True,False,22,0.157909100880344,0.6194373507858986
U0283,trial,28,20-30_Tier3,3,9,1,828,True,False,16,0.20034930793475092,0.7080773627632041
U0284,paid,10,30-40_Tier1,0,8,3,941,False,False,6,0.143895600417539,0.5332202605250321
U0285,trial,32,30-40_Tier1,2,13,5,140,True,False,13,0.6281331120596145,0.7084323885279826
U0286,paid,5,20-30_Tier3,7,9,1,744,False,False,16,0.323689864555447,0.36663022816013063
U0287,paid,78,20-30_Tier2,4,9,0,534,False,False,13,0.19824200359382782,0.770417568794475
U0288,trial,31,30-40_Tier1,3,11,3,78,True,False,22,0.025338238866333476,0.6331243455196891
U0289,paid,50,20-30_Tier2,11,7,6,493,True,True,11,0.07754472692797844,0.9172022642344546
U0290,trial,74,30-40_Tier1,2,7,5,30,True,False,12,0.27112750638955224,0.9153088397339246
U0291,trial,57,20-30_Tier3,6,6,4,515,False,True,18,0.326502979627243,0.8430229742925902
U0292,churned,86,20-30_Tier3,11,6,3,508,True,True,12,0.2969552337412989,0.5928610591913025
U0293,trial,25,20-30_Tier3,3,12,7,970,False,False,16,0.3293408144773902,0.7089036196417642
U0294,trial,45,30-40_Tier1,5,8,2,629,True,False,15,0.47679016928347506,0.6708409948594469
U0295,paid,28,20-30_Tier2,6,8,4,65,True,False,13,0.6432043426928435,0.28373574578501043
U0296,churned,3,20-30_Tier2,4,3,2,509,True,False,15,0.08835021518246679,0.892095019570586
U0297,trial,80,20-30_Tier2,3,11,4,911,False,True,16,0.02479077912293696,0.6481173714273613
U0298,paid,12,30-40_Tier1,10,9,4,370,True,False,22,0.07806098912374755,0.7987488569505744
U0299,trial,38,30-40_Tier1,2,12,3,286,True,False,16,0.5595708123933323,0.6849663216651403
U0300,trial,14,30-40_Tier1,4,8,6,175,False,True,21,0.1691313121189021,0.7455543132701332
U0301,paid,28,30-40_Tier1,7,5,2,122,True,True,10,0.03524677015744674,0.8843454976589513
U0302,paid,28,30-40_Tier1,6,6,7,230,True,False,15,0.11764695001639279,0.6801536813964332
U0303,paid,74,20-30_Tier2,7,5,0,554,False,False,10,0.09442685340042033,0.4570964948981177
U0304,paid,31,30-40_Tier1,5,7,0,3,False,False,14,0.27536530071545295,0.8317804133516224
U0305,inactive,1,30-40_Tier1,7,10,4,701,True,False,8,0.19879169163990756,0.7601394804067386
U0306,paid,46,20-30_Tier2,1,6,6,815,True,False,8,0.39836749047798764,0.8402529936594424
U0307,trial,77,30-40_Tier1,6,6,5,411,False,True,15,0.28684296145971416,0.79652827897855
U0308,churned,83,20-30_Tier2,5,8,1,249,True,False,12,0.15467152994074668,0.7436721017382221
U0309,trial,21,20-30_Tier2,15,7,2,655,False,True,7,0.06441425593118243,0.7696328124404239
U0310,paid,74,20-30_Tier3,6,9,3,486,True,True,13,0.7341041956973052,0.9392353086183682
U0311,trial,26,20-30_Tier3,3,3,6,344,True,False,17,0.25949238940549935,0.5492478970816512
U0312,trial,66,20-30_Tier3,2,7,5,893,True,False,14,0.07030776105763248,0.8825121563244941
U0313,inactive,80,20-30_Tier3,5,11,3,332,True,False,16,0.14723248823845683,0.6255209074756203
U0314,churned,55,30-40_Tier1,7,13,4,452,False,False,22,0.3337001414744214,0.8785156234644146
U0315,paid,20,20-30_Tier3,3,6,4,157,True,True,18,0.46655832454678553,0.4373202704530438
U0316,paid,46,20-30_Tier2,3,4,2,576,True,True,6,0.21198237839965464,0.7764090227065562
U0317,trial,79,30-40_Tier1,4,9,1,836,False,True,6,0.17941364262654766,0.9255959711459476
U0318,trial,58,20-30_Tier3,2,5,5,269,True,False,13,0.25466539355066875,0.7971222999899237
U0319,trial,83,20-30_Tier2,3,7,1,586,False,False,18,0.5196460925287367,0.3719529021406127
U0320,paid,5,30-40_Tier1,5,7,2,417,False,False,11,0.07258960719422392,0.8552261866852281
U0321,paid,18,30-40_Tier1,7,11,4,439,False,True,8,0.17777383080594292,0.8630731028379593
U0322,paid,56,20-30_Tier3,5,8,1,28,False,False,21,0.5852120272662628,0.6836621088149649
U0323,trial,68,30-40_Tier1,7,6,5,977,True,False,15,0.2837603289983038,0.8736233090442812
U0324,inactive,2,20-30_Tier2,2,7,3,334,False,False,12,0.05823395205395682,0.7684903142898458
U0325,paid,0,30-40_Tier1,6,5,4,237,False,False,8,0.4958736537779732,0.4990070511287606
U0326,paid,57,20-30_Tier2,4,5,2,152,False,False,19,0.3121816586934401,0.7311182839423755
U0327,paid,37,30-40_Tier1,2,7,3,605,True,True,21,0.34865739162729364,0.7788917710181532
U0328,paid,14,20-30_Tier3,6,6,2,748,False,True,9,0.3444347450449802,0.6850757129729046
U0329,trial,33,20-30_Tier2,3,10,2,833,False,True,18,0.4191715850833364,0.8664843712023885
U0330,trial,60,30-40_Tier1,3,8,5,114,False,True,6,0.357020339635904,0.7429618030276643
U0331,churned,34,30-40_Tier1,4,10,1,807,True,True,10,0.37505473939205886,0.590169563055437
U0332,trial,63,30-40_Tier1,4,5,2,730,True,True,17,0.3310958824097494,0.43492142873711864
U0333,trial,24,20-30_Tier2,5,7,4,757,False,True,16,0.09213818364117442,0.5790907147239458
U0334,trial,23,20-30_Tier2,4,9,3,398,True,False,14,0.5147318308632299,0.6061541870419386
U0335,trial,11,20-30_Tier2,6,5,1,31,True,False,12,0.15016767889845828,0.992921609833191
U0336,churned,17,20-30_Tier3,4,9,2,531,False,False,19,0.09405914829177006,0.5707111558491864
U0337,paid,14,20-30_Tier3,7,7,2,52,True,True,8,0.2058409688565571,0.9096650598523579
U0338,paid,79,20-30_Tier2,9,6,0,717,True,True,21,0.022789456416070424,0.8882621773733379
U0339,trial,26,30-40_Tier1,3,12,3,730,True,True,12,0.3112309347789419,0.5655149020887752
U0340,paid,71,20-30_Tier3,4,11,5,194,True,False,6,0.3128159195411887,0.803206747791331
U0341,paid,59,20-30_Tier2,3,5,3,304,True,False,11,0.49685798323671343,0.6637247046122202
U0342,trial,45,30-40_Tier1,4,5,6,706,True,True,11,0.21866026833955013,0.8030280281990687
U0343,paid,88,20-30_Tier3,5,5,2,972,True,False,15,0.28522166234373864,0.9408146653143181
U0344,trial,16,30-40_Tier1,2,8,2,344,False,True,17,0.24589727735114564,0.8853349265404996
U0345,paid,52,30-40_Tier1,5,5,0,81,False,False,11,0.1316833079070564,0.7211669576125032
U0346,paid,7,30-40_Tier1,10,10,4,0,True,True,19,0.2510195759457849,0.5626397256963749
U0347,trial,78,30-40_Tier1,5,12,3,166,True,True,8,0.38767703347174925,0.6123406876293206
U0348,trial,26,20-30_Tier3,5,7,5,316,True,False,15,0.13423058740555865,0.7923949090743576
U0349,paid,45,20-30_Tier3,7,8,3,182,False,False,14,0.06962752393471838,0.7334112007832759
U0350,paid,49,20-30_Tier3,5,11,1,964,False,False,20,0.13728711847081274,0.68835151224929
U0351,churned,70,20-30_Tier2,7,10,3,897,True,False,14,0.11271584965049238,0.887422234423564
U0352,paid,2,20-30_Tier3,3,8,3,861,True,True,13,0.14273987607175206,0.7826257739177604
U0353,trial,63,30-40_Tier1,3,11,5,272,False,False,9,0.14887919688208984,0.7280325196260637
U0354,trial,43,20-30_Tier3,6,9,2,668,False,False,10,0.29475620231709787,0.861699500470572
U0355,paid,52,30-40_Tier1,4,11,6,372,True,False,19,0.12317155785572749,0.7012553173811855
U0356,trial,23,20-30_Tier2,4,10,6,361,False,False,11,0.2402672183344091,0.792661626710189
U0357,paid,59,30-40_Tier1,2,5,5,899,False,False,10,0.3682751561582947,0.9794461947451628
U0358,inactive,2,30-40_Tier1,2,13,2,200,False,False,16,0.023368750790665832,0.726208227377224
U0359,paid,19,30-40_Tier1,3,6,2,191,True,False,10,0.18011360270436338,0.7338056934675726
U0360,trial,45,20-30_Tier2,4,9,4,340,False,False,13,0.5664889120985684,0.5672139014640338
U0361,paid,14,20-30_Tier3,6,4,0,298,True,False,10,0.1499939249438512,0.8642588241996153
U0362,paid,24,20-30_Tier3,4,10,3,505,False,False,16,0.2706373220947268,0.8815510687804589
U0363,paid,77,20-30_Tier2,5,5,1,587,True,False,18,0.025490148607446275,0.5400680516040045
U0364,inactive,70,30-40_Tier1,4,9,3,139,True,True,11,0.7772038153303038,0.7794774581958698
U0365,trial,16,20-30_Tier3,5,7,4,305,False,True,10,0.23343278431372538,0.9163553110606758
U0366,inactive,83,20-30_Tier2,8,11,3,195,True,False,15,0.2880905187303399,0.7076347695006632
U0367,inactive,8,20-30_Tier3,4,7,1,60,True,True,21,0.13151449788654365,0.6211910372198953
U0368,trial,37,20-30_Tier2,2,6,2,987,True,False,19,0.20336721781112077,0.7941038798576753
U0369,trial,47,30-40_Tier1,2,12,2,968,True,False,20,0.4351742808785431,0.8004690258431033
U0370,trial,59,20-30_Tier3,3,9,2,359,True,False,8,0.13613536529060424,0.8502438538559398
U0371,trial,62,20-30_Tier2,6,7,1,306,False,False,8,0.27467025034379716,0.6326413083539252
U0372,trial,85,20-30_Tier3,4,8,2,479,True,False,17,0.32844966008609866,0.9511332137920747
U0373,paid,1,20-30_Tier3,3,7,1,332,True,False,20,0.21155765247562308,0.6972505943264444
U0374,trial,87,20-30_Tier3,4,8,2,865,True,True,16,0.26964040954807106,0.5941150323402097
U0375,trial,71,20-30_Tier3,3,8,1,82,True,False,15,0.326684866100914,0.6651599860347552
U0376,churned,10,20-30_Tier2,8,5,4,333,True,False,20,0.10461351066147076,0.9207161966682167
U0377,trial,63,30-40_Tier1,4,6,0,516,True,True,19,0.2053703857797413,0.7771660309736016
U0378,churned,76,20-30_Tier2,8,7,5,730,True,False,11,0.3280106987241625,0.582210684065961
U0379,trial,80,20-30_Tier2,4,9,1,923,True,False,19,0.46490241545472816,0.8758683694835426
U0380,trial,71,20-30_Tier2,4,4,4,765,False,False,21,0.4303508763826815,0.804045499957777
U0381,paid,20,30-40_Tier1,1,8,3,473,False,True,7,0.03340664215970085,0.8292468565204938
U0382,paid,17,20-30_Tier3,3,5,1,393,True,False,10,0.33307756039287345,0.9262196887767606
U0383,churned,63,20-30_Tier3,8,11,4,599,True,True,16,0.5092731238073426,0.676390044472633
U0384,paid,81,20-30_Tier3,6,8,3,720,False,False,16,0.24303411654593654,0.43252234558462344
U0385,churned,37,30-40_Tier1,6,6,1,691,True,False,13,0.32904823766353763,0.9046291671385635
U0386,trial,31,20-30_Tier3,9,10,2,719,False,False,17,0.22689223785562637,0.8735205101304826
U0387,trial,10,30-40_Tier1,4,10,1,784,True,False,14,0.29097372934805227,0.39610884249276757
U0388,churned,44,20-30_Tier3,3,4,3,576,True,True,8,0.34832273907405414,0.6499800381683323
U0389,churned,88,20-30_Tier3,8,13,3,379,False,True,11,0.42143064146136994,0.5783791727075529
U0390,inactive,32,20-30_Tier2,3,11,2,20,False,True,6,0.3373244970682752,0.5659203397833542
U0391,paid,40,30-40_Tier1,2,12,4,949,True,False,22,0.24578695283477298,0.5002134823735075
U0392,trial,7,20-30_Tier2,2,7,4,878,True,False,8,0.36719191789536026,0.8939038685106523
U0393,churned,10,20-30_Tier2,7,12,1,176,True,True,7,0.1308533571918099,0.6349720654658799
U0394,trial,85,20-30_Tier2,5,9,2,362,False,True,9,0.3079057346460925,0.6206651061090529
U0395,inactive,50,30-40_Tier1,6,18,3,21,False,False,6,0.21090699158226298,0.8602608384809983
U0396,churned,87,30-40_Tier1,5,5,3,836,True,False,15,0.44517666140868734,0.8942492431181441
U0397,paid,40,20-30_Tier3,9,5,3,959,True,True,10,0.102634650549897,0.6794358969231905
U0398,churned,16,20-30_Tier2,4,10,2,547,True,True,10,0.17018708967398505,0.6055069153678417
U0399,churned,75,20-30_Tier3,5,10,1,249,True,True,14,0.6404931018003064,0.6944671313175064
U0400,trial,45,20-30_Tier2,7,10,2,660,True,True,19,0.26808778611608786,0.5159690172319809
U0401,inactive,31,30-40_Tier1,3,6,5,951,False,True,18,0.5263229430571376,0.598554872708835
U0402,paid,78,30-40_Tier1,8,9,6,72,True,True,18,0.25441668161759123,0.7927603912626654
U0403,churned,79,30-40_Tier1,5,11,2,90,True,False,6,0.5606016185976544,0.8674143895326198
U0404,trial,53,20-30_Tier2,5,4,4,175,False,False,22,0.455881678081148,0.8945403369124785
U0405,churned,85,30-40_Tier1,2,3,4,125,True,True,13,0.4355196815874369,0.47167540639320427
U0406,trial,19,20-30_Tier2,8,6,1,203,True,False,8,0.367669516794216,0.7780284493117597
U0407,trial,32,20-30_Tier3,9,9,5,913,True,False,22,0.3225450754152738,0.5697963231315164
U0408,inactive,73,20-30_Tier2,3,10,4,245,True,False,17,0.2672723728505612,0.7588610390057589
U0409,trial,39,20-30_Tier3,4,7,0,610,False,True,19,0.325565231670747,0.5462914993287873
U0410,trial,31,20-30_Tier2,4,5,3,270,False,False,16,0.5338158713652984,0.8682570694030741
U0411,inactive,1,20-30_Tier3,4,9,6,43,True,False,21,0.41490123470290635,0.7785051569076505
U0412,inactive,32,30-40_Tier1,9,9,0,733,True,True,9,0.31545996053809544,0.9223035355351894
U0413,paid,76,20-30_Tier3,5,11,4,940,True,False,12,0.43331077268562457,0.599576809605385
U0414,paid,29,30-40_Tier1,6,7,1,608,True,False,16,0.24965188545909697,0.8566220069995407
U0415,paid,32,30-40_Tier1,7,8,3,547,True,False,21,0.1758472677446958,0.7228176391715077
U0416,trial,76,20-30_Tier3,11,12,2,167,True,True,21,0.1359936565913526,0.5740301311608773
U0417,trial,25,20-30_Tier2,10,4,0,434,True,True,8,0.4076653418198122,0.5414767754476616
U0418,paid,21,20-30_Tier2,7,4,5,29,True,False,14,0.3214326261805599,0.8678671626603254
U0419,churned,65,20-30_Tier2,4,10,2,793,False,True,13,0.2820109232072602,0.7706679553325654
U0420,churned,37,20-30_Tier2,5,7,4,596,False,False,12,0.07921996828247767,0.9220945144264985
U0421,churned,89,20-30_Tier2,4,9,2,356,False,True,22,0.24979442934507814,0.6654584840263333
U0422,trial,45,30-40_Tier1,5,5,4,490,True,False,16,0.32526143827661813,0.8596471119450854
U0423,paid,14,20-30_Tier2,6,13,3,632,False,False,9,0.14817269196293192,0.48792546740155035
U0424,trial,43,30-40_Tier1,6,10,4,798,False,True,9,0.42097465416109797,0.507011722750099
U0425,paid,48,30-40_Tier1,0,9,1,247,False,False,10,0.07901891783393851,0.4143388987080719
U0426,paid,74,30-40_Tier1,4,8,0,695,True,False,13,0.0804063506566468,0.8148272473032512
U0427,churned,60,20-30_Tier3,4,10,8,252,False,True,15,0.2805694368148667,0.7728393368706402
U0428,trial,66,20-30_Tier3,7,9,3,956,True,True,22,0.08265628326612952,0.7169083117209453
U0429,trial,5,30-40_Tier1,9,5,3,784,False,True,11,0.16561161121408327,0.5285430773907025
U0430,trial,8,20-30_Tier3,3,13,4,720,True,True,14,0.13407339849846134,0.5376427029236688
U0431,churned,5,20-30_Tier2,3,5,2,865,False,False,15,0.28281278915789865,0.7898266394817028
U0432,paid,72,20-30_Tier2,4,21,2,381,False,False,13,0.044095497234737574,0.6024675960909546
U0433,trial,31,30-40_Tier1,3,3,3,535,True,True,20,0.1920562202309613,0.959304809092422
U0434,trial,40,20-30_Tier2,5,5,1,633,True,True,10,0.45800616378938536,0.4438371238239411
U0435,paid,75,30-40_Tier1,7,7,3,736,True,True,6,0.5326061676151987,0.6123868418382848
U0436,trial,7,30-40_Tier1,2,6,5,899,True,False,7,0.10753192680503194,0.857098450581784
U0437,churned,71,20-30_Tier2,8,6,4,904,True,True,15,0.08330041013163901,0.9202093764150169
U0438,paid,49,20-30_Tier3,5,5,8,897,True,False,11,0.2787014090449745,0.7784443529074947
U0439,trial,61,20-30_Tier2,6,5,4,418,False,True,16,0.17384060332877602,0.6183724785101222
U0440,trial,83,20-30_Tier2,4,7,3,122,True,False,21,0.03219752116947498,0.5558145285503812
U0441,inactive,61,30-40_Tier1,5,7,1,293,False,True,13,0.19638120608441667,0.8618304717320603
U0442,trial,6,30-40_Tier1,9,14,2,684,False,False,9,0.40671661471645115,0.9194040776375855
U0443,trial,74,30-40_Tier1,3,11,5,142,False,False,16,0.07802160126404542,0.4544415691196867
U0444,churned,83,30-40_Tier1,4,7,2,937,False,False,15,0.26806389721094376,0.6849276801730463
U0445,inactive,79,20-30_Tier3,5,7,6,898,True,False,21,0.41102801369020736,0.9292985101172377
U0446,inactive,3,20-30_Tier3,4,6,3,510,False,False,17,0.3296349347028035,0.8622729780605957
U0447,churned,5,20-30_Tier3,3,6,5,926,True,False,8,0.3981336333938475,0.8080248860133294
U0448,trial,57,30-40_Tier1,9,8,2,947,False,False,16,0.4419370500676894,0.6194296768398544
U0449,trial,21,30-40_Tier1,4,6,2,680,False,False,21,0.16479678085714156,0.6004940533059582
U0450,churned,25,30-40_Tier1,5,10,5,56,False,False,8,0.4215746578230853,0.8159573042875802
U0451,paid,2,20-30_Tier3,4,6,5,41,True,False,15,0.27716658814643924,0.38036490005408763
U0452,paid,40,30-40_Tier1,5,13,4,820,True,True,21,0.09026089221636006,0.7451112677286055
U0453,inactive,59,20-30_Tier2,5,5,4,630,False,False,12,0.3900260701849354,0.7067050289862854
U0454,trial,13,20-30_Tier2,9,11,0,120,False,False,20,0.5282817312338072,0.8309470553455576
U0455,paid,74,30-40_Tier1,5,7,3,823,True,True,20,0.18184490790257854,0.58751761476401
U0456,trial,81,20-30_Tier2,8,7,4,762,False,False,15,0.3279693358511139,0.8164978596165288
U0457,paid,11,20-30_Tier2,5,1,4,342,True,True,8,0.5200599299834395,0.5285287323766478
U0458,trial,86,20-30_Tier3,2,14,4,331,False,False,11,0.36435506496879466,0.481620922532234
U0459,trial,11,30-40_Tier1,3,3,4,455,False,False,10,0.26492371926833946,0.8593863906770857
U0460,trial,12,30-40_Tier1,2,7,0,436,True,True,21,0.1345579153842902,0.7544554631370829
U0461,paid,24,20-30_Tier3,5,7,6,340,True,False,18,0.39492557297495284,0.8155873035157251
U0462,paid,44,20-30_Tier2,3,14,4,340,False,True,8,0.11911990777660333,0.9487668617921097
U0463,paid,18,20-30_Tier2,3,9,1,415,True,True,20,0.08039029562458257,0.7796723131510616
U0464,inactive,54,30-40_Tier1,6,6,2,848,True,True,11,0.4166892485186686,0.8878417125166868
U0465,trial,44,20-30_Tier2,6,7,2,181,False,False,9,0.20221085859780177,0.8000697370907109
U0466,trial,7,20-30_Tier3,6,10,1,676,False,False,20,0.11101931833465582,0.8243282621446123
U0467,churned,52,20-30_Tier3,5,8,3,983,True,True,14,0.24386931400489262,0.7879616861310026
U0468,trial,54,30-40_Tier1,4,9,5,263,True,False,9,0.036634364614981464,0.7787282442068619
U0469,inactive,31,20-30_Tier3,2,12,3,209,True,True,21,0.20850832019290633,0.9555883446805655
U0470,trial,50,20-30_Tier3,6,9,5,522,False,False,10,0.191258363509934,0.6184676897019645
U0471,inactive,43,30-40_Tier1,5,6,0,181,True,True,18,0.3120604137451832,0.9178559295598051
U0472,trial,81,20-30_Tier3,4,10,6,443,False,True,11,0.5155389840218327,0.5721473903429954
U0473,churned,69,20-30_Tier3,4,11,2,250,False,True,17,0.24435735536850592,0.7770981751160763
U0474,paid,17,20-30_Tier3,4,4,4,137,True,False,20,0.3087550918573229,0.5212789959305761
U0475,inactive,82,20-30_Tier2,7,5,3,217,True,False,14,0.329671563091605,0.7775384626970783
U0476,trial,21,30-40_Tier1,4,9,1,750,False,False,12,0.21866786233298066,0.5376440987666139
U0477,paid,36,30-40_Tier1,5,9,2,453,True,True,19,0.13447362609112923,0.9711242862868352
U0478,inactive,55,30-40_Tier1,4,8,4,882,False,False,21,0.20540430970776863,0.3720066440485622
U0479,paid,58,20-30_Tier2,3,11,4,848,False,False,9,0.16772437543333057,0.8679141813919022
U0480,paid,2,20-30_Tier2,6,6,4,86,False,True,17,0.11188465419372677,0.897074696785081
U0481,paid,27,30-40_Tier1,7,6,7,809,True,True,13,0.2104548116618902,0.3921792096740435
U0482,paid,73,20-30_Tier2,8,6,6,292,True,True,22,0.49352356725104185,0.5419459024927741
U0483,paid,34,30-40_Tier1,3,5,1,91,False,False,8,0.3181077324412309,0.8114068076931018
U0484,paid,60,20-30_Tier2,3,14,6,207,False,False,9,0.2526448840443171,0.29485389636902165
U0485,inactive,53,20-30_Tier3,6,10,2,203,True,False,15,0.24106021724247714,0.3873959371943626
U0486,trial,62,20-30_Tier3,3,9,4,185,True,True,21,0.2455081955193409,0.356033127597734
U0487,trial,78,30-40_Tier1,3,7,6,84,True,True,7,0.09402049114322998,0.760777190261309
U0488,inactive,6,20-30_Tier2,3,5,2,826,False,False,17,0.1675177498022193,0.7937558825991982
U0489,churned,75,20-30_Tier2,4,7,1,663,True,True,21,0.5254662408321993,0.8504353299074822
U0490,paid,48,20-30_Tier3,4,7,4,155,False,False,15,0.2838337529409274,0.7948701113540979
U0491,paid,84,20-30_Tier3,1,4,3,292,False,False,10,0.4848665693057165,0.6696797577274256
U0492,trial,30,20-30_Tier2,5,6,2,532,False,True,17,0.5962277006440839,0.7573343230476591
U0493,trial,57,20-30_Tier2,10,8,2,160,False,False,8,0.1580734674083695,0.7336494649472698
U0494,paid,60,20-30_Tier2,4,6,6,385,False,False,17,0.3899227757726791,0.937727939247951
U0495,trial,23,20-30_Tier2,9,6,3,484,True,False,6,0.14329104681287028,0.8024633330110307
U0496,paid,19,20-30_Tier2,2,12,4,502,True,False,7,0.24477526626571924,0.5986986962775636
U0497,trial,36,20-30_Tier2,5,8,3,850,False,True,16,0.4706628046998629,0.9359716055453067
U0498,inactive,3,30-40_Tier1,9,6,4,155,True,False,17,0.5318443649866543,0.6267890488042116
U0499,inactive,19,20-30_Tier2,8,8,5,142,True,False,12,0.2977106115485597,0.9083627530108445
U0500,paid,59,20-30_Tier3,2,8,2,768,True,False,6,0.34817030595810144,0.7035144305708145
U0501,paid,23,30-40_Tier1,3,10,3,618,True,False,18,0.0841791037610808,0.6931439105728527
U0502,trial,49,20-30_Tier2,3,9,2,283,False,False,18,0.651886337535186,0.8672521265294554
U0503,churned,48,20-30_Tier3,4,9,3,561,False,True,7,0.43766701706280176,0.8273614384330923
U0504,paid,50,30-40_Tier1,2,14,3,34,True,True,15,0.08728764497067583,0.8921624684847027
U0505,trial,35,20-30_Tier3,6,9,3,223,False,True,6,0.29686022746887625,0.7526734884799069
U0506,inactive,65,20-30_Tier2,2,12,2,667,True,True,12,0.1659724960150764,0.6180006662873457
U0507,churned,78,20-30_Tier2,6,8,4,392,False,True,18,0.4678121397843256,0.7106269092173366
U0508,inactive,33,20-30_Tier2,5,7,2,407,True,True,7,0.2981855721753887,0.7274378740813561
U0509,paid,35,20-30_Tier2,6,8,5,702,False,False,12,0.0050768217004300824,0.6481372429941613
U0510,paid,5,30-40_Tier1,4,8,3,387,True,False,22,0.1671499841606914,0.5632314771687407
U0511,paid,38,30-40_Tier1,3,12,1,695,True,False,10,0.23992592832701176,0.6660217653477984
U0512,inactive,41,20-30_Tier3,3,8,3,748,False,False,16,0.37431311967002406,0.5256063812356002
U0513,churned,57,20-30_Tier2,2,7,1,296,True,True,16,0.32032692519999273,0.657753764557058
U0514,trial,11,20-30_Tier3,7,9,3,322,False,False,16,0.14184656149515545,0.570488511750774
U0515,trial,2,30-40_Tier1,3,6,2,815,False,False,22,0.11904779537601516,0.6099621752853199
U0516,trial,17,20-30_Tier2,7,7,2,853,True,True,13,0.34575489067892096,0.642959759054044
U0517,churned,39,20-30_Tier2,3,6,4,487,False,False,19,0.4114466695179198,0.8700897328585945
U0518,inactive,20,30-40_Tier1,4,10,0,569,True,True,15,0.25378299530928194,0.6010062060573589
U0519,trial,14,30-40_Tier1,4,6,1,38,True,True,12,0.6871585039369968,0.5234733377119726
U0520,paid,25,30-40_Tier1,6,10,6,504,False,True,7,0.45418314582302355,0.7255985358210658
U0521,trial,7,30-40_Tier1,4,8,3,502,True,False,22,0.5525965925473855,0.6795508432879076
U0522,inactive,86,30-40_Tier1,2,9,2,752,False,False,6,0.5122434161346602,0.5664338486112724
U0523,churned,41,20-30_Tier2,5,11,3,536,True,False,18,0.0879060805691311,0.9113387261265546
U0524,churned,43,30-40_Tier1,5,7,2,315,False,False,19,0.5164678318013971,0.6571458447140254
U0525,paid,13,20-30_Tier2,4,10,4,495,True,True,19,0.6170955133915356,0.910260926720239
U0526,paid,77,20-30_Tier2,6,7,0,116,True,False,20,0.23772106947544178,0.5349713157294687
U0527,trial,1,30-40_Tier1,5,7,1,341,False,False,19,0.3515489969068776,0.895275155672087
U0528,trial,36,30-40_Tier1,2,8,5,881,True,True,10,0.5013864434814679,0.9023858488828241
U0529,churned,68,20-30_Tier2,4,9,2,239,False,False,21,0.3428234718087989,0.6995494936396733
U0530,churned,37,30-40_Tier1,4,9,6,686,True,True,10,0.319712308348068,0.7130819844584692
U0531,inactive,40,30-40_Tier1,6,8,4,993,True,True,18,0.09770754918184164,0.6227996431287979
U0532,inactive,61,30-40_Tier1,6,9,3,444,False,False,21,0.11461059775100162,0.8663651721544963
U0533,paid,59,20-30_Tier3,6,5,4,851,True,False,20,0.1699665542061671,0.9115127968744379
U0534,churned,13,20-30_Tier2,5,9,1,739,True,False,10,0.3221459176867392,0.871037818664443
U0535,inactive,88,20-30_Tier3,6,8,6,996,False,False,11,0.3393645904282165,0.7643426337875275
U0536,churned,83,30-40_Tier1,4,11,5,486,False,True,18,0.31020089674615237,0.649875131220415
U0537,trial,1,20-30_Tier3,8,7,5,764,True,False,21,0.013860528377363622,0.7649855145301312
U0538,paid,69,30-40_Tier1,6,10,4,410,True,False,15,0.3014566453007238,0.3184511257231721
U0539,trial,16,20-30_Tier3,2,11,2,891,False,False,7,0.2063935278857108,0.4087313839978851
U0540,inactive,88,30-40_Tier1,5,8,6,622,False,False,18,0.2611059981230307,0.8479452865173864
U0541,paid,27,20-30_Tier3,5,8,4,752,False,False,22,0.1474709286513067,0.6644589746924139
U0542,trial,65,20-30_Tier3,9,8,2,735,False,False,6,0.28980320370483714,0.5174405446665161
U0543,paid,34,20-30_Tier3,7,8,6,297,True,False,9,0.16770311965089196,0.8391985576312201
U0544,paid,4,20-30_Tier2,3,7,2,51,False,False,11,0.16637371809465115,0.5507168934116338
U0545,trial,64,20-30_Tier3,9,4,4,732,False,False,17,0.11442790298066013,0.41504610653957574
U0546,trial,39,20-30_Tier2,6,8,5,303,True,True,18,0.130814826825756,0.6857133048045329
U0547,paid,75,30-40_Tier1,3,6,1,287,True,False,7,0.14381785212953477,0.7535707921662094
U0548,paid,55,20-30_Tier3,8,7,2,663,True,False,22,0.40988601150776793,0.7989973647583983
U0549,churned,35,30-40_Tier1,4,8,0,898,False,False,15,0.33021266968904317,0.7551244750211796
U0550,paid,44,30-40_Tier1,7,6,4,117,True,False,10,0.2899706178592103,0.7372349190408906
U0551,churned,22,20-30_Tier3,10,12,0,922,True,True,17,0.23573463642772502,0.6276035497437275
U0552,paid,46,20-30_Tier2,6,8,2,968,True,True,14,0.5635391292626457,0.7800457468171782
U0553,paid,30,20-30_Tier3,6,11,1,423,True,True,16,0.3059970671545505,0.650887977912815
U0554,churned,10,30-40_Tier1,3,7,4,790,True,True,9,0.14508742333861419,0.7130132828442121
U0555,paid,9,30-40_Tier1,4,5,0,646,False,False,15,0.24333653746267855,0.7116514656086002
U0556,trial,66,20-30_Tier3,2,9,3,208,True,True,6,0.23600233464112952,0.6287013592890893
U0557,trial,13,20-30_Tier2,6,8,1,126,False,False,7,0.1470395813116367,0.6526379789726345
U0558,churned,79,20-30_Tier2,6,12,1,292,False,False,14,0.4503478710685977,0.6053212146414101
U0559,paid,73,30-40_Tier1,5,7,2,518,False,True,21,0.4407684231669082,0.7688547315467728
U0560,paid,9,30-40_Tier1,5,8,1,221,False,True,19,0.08119221762072304,0.6756861405185467
U0561,trial,75,20-30_Tier2,5,6,1,76,True,False,9,0.24833120304768955,0.6349238115828835
U0562,trial,0,20-30_Tier3,5,11,3,337,True,True,7,0.596519205156152,0.6633254549192785
U0563,trial,4,30-40_Tier1,5,15,3,862,True,True,17,0.47121229250133895,0.5316956254934997
U0564,trial,19,20-30_Tier2,2,14,7,789,False,False,10,0.6376990647195588,0.7511505783009775
U0565,paid,7,30-40_Tier1,3,8,2,845,True,False,9,0.4641384517995216,0.6724409659541369
U0566,trial,42,20-30_Tier3,1,9,5,849,True,False,20,0.1731981360036207,0.8123045203175407
U0567,paid,75,20-30_Tier2,3,8,3,738,False,True,8,0.20132332872479375,0.5253026493984654
U0568,inactive,0,30-40_Tier1,3,7,1,912,False,True,22,0.31729722624046724,0.7203044180161939
U0569,trial,56,20-30_Tier3,5,3,1,274,False,False,13,0.3638291586638851,0.44562199339376446
U0570,paid,63,30-40_Tier1,6,6,1,862,False,False,17,0.21193673987839554,0.42654922615286467
U0571,churned,83,20-30_Tier3,5,6,3,806,True,False,13,0.2058490089751269,0.9666406794965098
U0572,trial,27,20-30_Tier3,4,10,4,116,False,True,10,0.5148878703827751,0.8674055728611838
U0573,paid,36,20-30_Tier2,5,6,5,291,True,True,11,0.2146207268378286,0.6230433471803668
U0574,churned,46,20-30_Tier3,6,8,1,270,False,True,10,0.6358922829091995,0.5559130133491964
U0575,inactive,75,30-40_Tier1,3,9,5,446,True,False,13,0.47356875367059836,0.5476734439764913
U0576,trial,36,20-30_Tier3,1,8,4,156,True,True,9,0.5785177498228421,0.4241999860978229
U0577,inactive,48,20-30_Tier3,3,11,3,571,False,False,9,0.3063455122790191,0.7613071395989747
U0578,paid,43,20-30_Tier2,5,8,4,183,True,True,10,0.18793976249641559,0.47760826215961516
U0579,trial,55,20-30_Tier3,5,6,3,423,False,False,20,0.21762369843738477,0.7698316121639306
U0580,paid,27,20-30_Tier3,4,12,3,655,False,True,11,0.23379195273253886,0.6136258801143325
U0581,inactive,78,30-40_Tier1,3,6,6,672,False,False,21,0.4043055944494906,0.6766089070805031
U0582,paid,5,20-30_Tier2,5,10,2,600,True,True,19,0.19959676421990025,0.5798161090362767
U0583,trial,60,20-30_Tier2,4,12,4,15,True,False,19,0.2488162255941599,0.2537271099420339
U0584,paid,19,20-30_Tier2,5,6,6,925,False,False,21,0.35070610179393547,0.7134396257287339
U0585,trial,77,20-30_Tier3,9,5,5,760,False,True,9,0.6450460150922904,0.6749747532344406
U0586,trial,1,20-30_Tier2,3,9,1,97,True,False,16,0.3229771184701679,0.8916872723591915
U0587,trial,72,20-30_Tier3,6,11,4,961,True,False,13,0.1873753812859172,0.5272705778496992
U0588,trial,36,20-30_Tier3,3,10,4,615,True,False,15,0.1773921599737644,0.6069546999802996
U0589,trial,19,30-40_Tier1,8,10,1,299,False,False,10,0.2616172119674139,0.3626461725011651
U0590,trial,25,30-40_Tier1,5,9,2,746,True,False,21,0.5193500209701115,0.8085570955255341
U0591,paid,28,30-40_Tier1,5,9,1,421,True,True,8,0.1845101603686234,0.3687197379679978
U0592,trial,0,30-40_Tier1,3,11,1,306,False,True,15,0.3299567232582219,0.4718094888087704
U0593,trial,34,30-40_Tier1,5,6,0,955,True,False,18,0.5138123405310053,0.47678396611639434
U0594,churned,69,20-30_Tier3,2,4,2,273,False,False,12,0.3692593473035312,0.8587464714164841
U0595,paid,58,20-30_Tier3,4,13,3,260,True,True,17,0.42718607864784597,0.8101291796793882
U0596,paid,68,20-30_Tier2,8,9,1,238,True,False,19,0.02101846744632884,0.7952907660020058
U0597,trial,32,20-30_Tier3,4,8,5,935,True,True,15,0.6544742540957669,0.899698725324086
U0598,trial,50,20-30_Tier3,6,7,4,773,True,False,14,0.39183514323246654,0.7212672313077161
U0599,trial,77,30-40_Tier1,8,6,2,331,True,False,17,0.10142925712639084,0.624813521269396
U0600,trial,11,20-30_Tier3,2,10,4,114,True,False,8,0.44100931439479735,0.8780654991016685
U0601,trial,19,30-40_Tier1,3,8,4,267,True,True,18,0.4954492634541266,0.46630684609049805
U0602,trial,52,20-30_Tier2,7,7,5,11,False,False,11,0.4230763193644855,0.7326234404164309
U0603,trial,87,20-30_Tier2,4,6,4,72,True,False,11,0.07924904230536169,0.5593357823716769
U0604,trial,42,20-30_Tier3,8,6,3,873,False,False,12,0.6540387014531647,0.871220709383994
U0605,paid,88,20-30_Tier2,4,11,2,405,False,True,9,0.062397407131085755,0.9729561398315754
U0606,trial,49,20-30_Tier3,4,7,3,816,True,False,10,0.3822703257505723,0.8661472650520633
U0607,trial,28,20-30_Tier2,4,5,2,177,True,False,6,0.15524771468867785,0.6426468225752171
U0608,paid,56,30-40_Tier1,6,11,3,975,True,False,22,0.0880962816532575,0.8645443198941012
U0609,paid,38,30-40_Tier1,7,9,2,771,True,False,14,0.05775582134526408,0.9253276657567441
U0610,trial,55,30-40_Tier1,2,4,3,945,True,False,14,0.2584739354790432,0.722656675669284
U0611,churned,42,30-40_Tier1,5,8,2,258,True,True,15,0.17269814436138403,0.5737732171328728
U0612,paid,49,20-30_Tier3,5,4,3,399,False,False,22,0.14228918543047267,0.645178370156119
U0613,trial,22,20-30_Tier2,5,9,4,269,True,False,18,0.3468745246214537,0.9273809173256287
U0614,churned,43,20-30_Tier3,4,9,2,831,True,True,9,0.2603252918029962,0.25980151479646774
U0615,inactive,37,30-40_Tier1,6,4,3,631,True,False,14,0.14897155791886796,0.5324688202935609
U0616,trial,83,20-30_Tier3,4,9,0,680,False,True,8,0.10566590754604253,0.7161793122572968
U0617,trial,22,20-30_Tier2,5,8,2,485,True,True,12,0.3188503778935749,0.8431535130921641
U0618,churned,44,20-30_Tier3,4,7,4,579,False,False,20,0.08108718322524104,0.6069659822879105
U0619,paid,51,20-30_Tier2,3,5,5,58,True,False,14,0.1563621957310444,0.8911483000484582
U0620,trial,79,20-30_Tier3,3,9,3,641,False,False,14,0.21982453339405175,0.6130633654203782
U0621,trial,49,20-30_Tier2,4,5,4,886,True,False,9,0.5697335780186841,0.8546294004935351
U0622,trial,7,20-30_Tier2,3,9,2,265,False,False,22,0.5719497382234064,0.8655578936873054
U0623,paid,84,30-40_Tier1,7,7,4,74,False,False,11,0.19504359023773732,0.8317923367948057
U0624,paid,0,20-30_Tier2,7,9,2,998,True,False,12,0.655906111972191,0.7766018791389045
U0625,trial,7,30-40_Tier1,6,7,2,89,True,False,15,0.42154268606941203,0.9547287273839629
U0626,paid,28,30-40_Tier1,5,10,2,504,True,False,15,0.5459399244405841,0.745920334539987
U0627,paid,4,30-40_Tier1,4,8,2,356,False,True,11,0.3003761181308786,0.9303921272869483
U0628,trial,85,20-30_Tier3,4,6,3,153,False,False,11,0.16019318286373915,0.914664154371668
U0629,trial,46,20-30_Tier3,7,9,2,899,True,False,13,0.2129476721993244,0.9340445907388469
U0630,paid,33,20-30_Tier3,6,4,3,217,True,False,14,0.04814874011173112,0.7417196172685445
U0631,churned,64,20-30_Tier3,3,8,0,485,True,False,6,0.253360885526118,0.63808935272406
U0632,paid,54,20-30_Tier2,4,9,6,539,False,True,21,0.18858377652427383,0.7530170204789616
U0633,paid,89,20-30_Tier2,4,11,6,129,False,False,11,0.27033130919042486,0.6618554349588902
U0634,trial,42,20-30_Tier3,4,6,0,65,True,True,13,0.09192333764001055,0.677730967867525
U0635,paid,73,20-30_Tier2,7,5,4,143,True,True,20,0.40220786260061975,0.4052845528728129
U0636,paid,29,20-30_Tier2,6,10,3,379,True,False,17,0.17956627785739174,0.6116453883461754
U0637,trial,81,30-40_Tier1,7,5,5,312,True,False,15,0.21408103219745264,0.6494882905882571
U0638,trial,16,30-40_Tier1,3,9,1,406,True,False,21,0.22345638420184624,0.7585162089270377
U0639,trial,25,30-40_Tier1,5,6,1,406,True,True,20,0.43993202173506957,0.8162699094120123
U0640,trial,7,30-40_Tier1,5,10,4,972,True,False,16,0.18884591979875215,0.701195889324874
U0641,trial,46,20-30_Tier2,4,4,6,276,False,False,12,0.11224506551282697,0.43986144860854176
U0642,trial,75,20-30_Tier3,5,10,2,614,False,True,13,0.3873461327441834,0.8255164154511181
U0643,trial,71,20-30_Tier2,2,5,3,408,False,True,16,0.47099682371597734,0.7523834133383412
U0644,trial,88,20-30_Tier2,6,7,1,313,True,True,14,0.14204958104145887,0.8159801983531216
U0645,churned,45,20-30_Tier2,2,5,4,548,False,False,12,0.39651643888193544,0.6803512607831839
U0646,paid,67,30-40_Tier1,3,8,3,248,False,False,20,0.015437893190655442,0.7040582626217207
U0647,paid,32,30-40_Tier1,3,6,4,944,True,False,20,0.39526094347381585,0.7310051735084606
U0648,churned,0,30-40_Tier1,5,9,1,460,True,False,21,0.22772541642876168,0.9045177800415926
U0649,paid,18,20-30_Tier3,0,5,4,398,False,False,8,0.12847319334659535,0.861020787490524
U0650,trial,30,20-30_Tier2,9,13,3,667,False,False,21,0.599124419517668,0.779272966328988
U0651,paid,79,20-30_Tier3,4,8,4,450,True,False,20,0.4565315243058167,0.5230760141639652
U0652,paid,13,30-40_Tier1,2,10,2,470,True,False,6,0.35232713646262515,0.4674307284617205
U0653,paid,52,20-30_Tier3,5,6,2,643,False,False,19,0.17273207944092359,0.6566326697492931
U0654,paid,47,20-30_Tier2,3,6,1,558,False,False,16,0.2078046019742254,0.9664130209436335
U0655,trial,68,20-30_Tier2,2,8,1,433,False,True,8,0.49637914418005513,0.7768914472449098
U0656,trial,89,30-40_Tier1,5,10,2,955,True,True,14,0.45548272359737313,0.6675255173350918
U0657,trial,61,30-40_Tier1,5,15,2,445,True,False,11,0.37532346227803254,0.9325309759458467
U0658,paid,65,20-30_Tier3,3,10,2,706,True,True,21,0.37482076939801157,0.6331676790495566
U0659,paid,63,30-40_Tier1,4,11,5,102,False,False,16,0.13636418034943393,0.762602156224023
U0660,trial,69,30-40_Tier1,2,8,2,327,False,False,22,0.1877744139153738,0.6278272888755551
U0661,inactive,62,20-30_Tier2,9,9,4,682,True,True,22,0.29741725934457375,0.6643704865396175
U0662,paid,72,30-40_Tier1,13,6,4,600,True,False,8,0.13970379916592132,0.5933807313337147
U0663,trial,32,30-40_Tier1,4,7,1,245,False,False,20,0.3268040280444732,0.798709602752794
U0664,trial,40,20-30_Tier2,3,5,3,57,False,True,15,0.10251576340290272,0.5019662834835318
U0665,trial,88,20-30_Tier2,9,12,2,104,False,False,13,0.2896657887115494,0.5512947407746118
U0666,trial,47,20-30_Tier3,2,5,6,691,True,False,22,0.40570272232444865,0.722363237948208
U0667,trial,12,30-40_Tier1,4,13,2,971,False,True,9,0.5985996662097481,0.8865832370813828
U0668,trial,72,20-30_Tier2,7,11,3,68,False,True,13,0.17967524067792426,0.9348304626236774
U0669,trial,76,20-30_Tier3,3,8,2,992,True,True,7,0.4240201527809129,0.7159555814909588
U0670,trial,30,20-30_Tier3,4,5,3,301,False,True,13,0.5880268457399734,0.9397492746895323
U0671,churned,74,30-40_Tier1,7,11,3,152,True,True,12,0.26901226383971527,0.8108812858659439
U0672,trial,67,30-40_Tier1,3,7,1,536,False,False,14,0.2883511904992019,0.8311127274600589
U0673,paid,3,20-30_Tier3,8,12,5,888,False,True,22,0.5405173560457657,0.8051805884026467
U0674,paid,18,20-30_Tier2,6,7,5,34,True,False,6,0.46712361475031855,0.6236664747555809
U0675,inactive,69,20-30_Tier3,6,6,1,956,False,True,17,0.22466216694574337,0.7785584939377571
U0676,trial,81,30-40_Tier1,8,7,0,14,True,False,9,0.33057014643465826,0.6930154081864769
U0677,trial,12,20-30_Tier2,3,7,3,105,False,False,22,0.1256279006552924,0.7003208486060273
U0678,inactive,22,20-30_Tier2,6,3,4,729,False,False,12,0.4062876336878652,0.5173947567955025
U0679,churned,82,20-30_Tier3,5,6,5,895,False,False,8,0.09165239624415938,0.9389037442057575
U0680,churned,74,30-40_Tier1,8,9,2,73,False,True,6,0.11015157316287909,0.7419172904007315
U0681,trial,0,20-30_Tier3,10,10,3,855,True,False,7,0.33431525459424566,0.7077027848364218
U0682,trial,87,20-30_Tier3,2,6,1,930,True,True,11,0.17291342673686796,0.7564718431253405
U0683,paid,53,20-30_Tier3,4,9,5,284,True,True,16,0.036973747615728886,0.7524461836979408
U0684,inactive,70,20-30_Tier2,6,8,1,549,False,False,9,0.5387436277778086,0.695926220802828
U0685,paid,88,20-30_Tier2,4,7,1,196,True,False,6,0.18859263878967608,0.6405240394238119
U0686,paid,84,30-40_Tier1,6,10,4,279,False,True,16,0.20455152707280835,0.7671806357742099
U0687,trial,14,30-40_Tier1,4,2,4,786,True,False,21,0.22857649270283945,0.8322947393620548
U0688,churned,64,20-30_Tier3,7,8,1,685,False,False,11,0.08623764686937677,0.31444831526782674
U0689,trial,75,20-30_Tier3,5,6,3,816,True,False,16,0.14568108995306372,0.5494452272581857
U0690,trial,70,20-30_Tier3,1,11,3,555,False,True,13,0.3562444982492932,0.7913253199976389
U0691,paid,14,30-40_Tier1,4,12,10,968,False,True,6,0.33324802687163085,0.6574385878897392
U0692,paid,20,20-30_Tier2,12,12,2,665,False,False,19,0.20011530040725767,0.6167316776922139
U0693,trial,18,20-30_Tier2,10,9,2,152,False,True,7,0.20606319877815002,0.3270131831031958
U0694,trial,59,20-30_Tier3,4,8,2,290,False,False,11,0.07394849743746058,0.682658656445807
U0695,paid,88,20-30_Tier3,3,4,3,931,False,False,14,0.2286485195359203,0.9131372212443677
U0696,trial,32,20-30_Tier3,6,12,2,141,False,False,19,0.09779850525948085,0.6975344733333069
U0697,paid,48,20-30_Tier3,6,4,1,767,True,False,13,0.5659482064087039,0.5179702782789551
U0698,trial,34,30-40_Tier1,5,5,5,311,False,False,8,0.08529599535448676,0.6745097354353765
U0699,paid,43,20-30_Tier2,2,5,2,645,False,False,15,0.08674185822540745,0.7938108875359394
U0700,paid,89,20-30_Tier3,9,5,5,31,True,False,14,0.5572840228951025,0.6943702253449623
U0701,trial,10,30-40_Tier1,6,7,1,25,False,True,14,0.30853096097909805,0.36436811802919605
U0702,trial,71,20-30_Tier3,4,7,4,910,False,False,18,0.19290242865973745,0.6905740609492425
U0703,trial,77,20-30_Tier3,6,6,7,254,False,False,6,0.28560896485796705,0.8931322598907221
U0704,trial,73,20-30_Tier2,8,10,3,944,False,False,22,0.47713221883971396,0.8882767123388854
U0705,inactive,65,20-30_Tier3,2,4,3,734,True,False,9,0.2162213409214449,0.7720897663466357
U0706,trial,45,20-30_Tier2,2,8,1,55,True,False,9,0.4682823183563925,0.602165529068479
U0707,churned,8,20-30_Tier2,6,7,4,292,True,False,21,0.37297134764037454,0.5840912226084582
U0708,trial,2,20-30_Tier2,6,6,7,636,True,False,21,0.40818210277564093,0.8324195871668374
U0709,paid,84,30-40_Tier1,4,9,2,229,False,False,20,0.11598613594050895,0.5432147879179439
U0710,churned,25,30-40_Tier1,9,8,10,52,True,True,11,0.3367737051684548,0.6430457304455723
U0711,paid,71,20-30_Tier2,3,12,2,953,False,True,10,0.12560476829193726,0.6331455653003728
U0712,paid,47,20-30_Tier3,5,11,5,100,False,False,15,0.5578427255986996,0.7800383932593186
U0713,paid,65,20-30_Tier2,8,7,0,466,False,False,12,0.3781064187929846,0.9628778646170705
U0714,trial,69,20-30_Tier3,5,6,6,845,True,False,12,0.16931562421336938,0.4345571033681207
U0715,inactive,27,20-30_Tier2,5,14,4,803,True,True,15,0.10087202124185841,0.5821289770989418
U0716,churned,25,20-30_Tier3,7,6,3,868,True,True,15,0.3761126289359669,0.47011717662509567
U0717,inactive,24,30-40_Tier1,4,15,2,266,True,True,20,0.07830792384306565,0.8836724224263546
U0718,trial,11,20-30_Tier3,6,13,2,794,False,False,11,0.22001110365150983,0.5098573811207721
U0719,paid,4,20-30_Tier2,5,8,3,1,False,True,7,0.32382611976432685,0.6475150369654904
U0720,inactive,47,30-40_Tier1,6,6,4,21,True,True,13,0.37445738120963246,0.7521459093192479
U0721,trial,36,20-30_Tier3,5,4,3,577,False,False,20,0.43187184178233273,0.6491816549077638
U0722,trial,78,20-30_Tier3,5,13,1,211,True,False,10,0.3467089693037566,0.6091890162215607
U0723,paid,43,20-30_Tier3,4,15,2,235,False,True,9,0.5124873051150146,0.8845615341457971
U0724,paid,14,20-30_Tier3,4,8,6,879,True,False,15,0.42877200041633906,0.8072363620457947
U0725,churned,42,20-30_Tier3,5,9,5,528,False,False,19,0.25414351462449075,0.6034896173795851
U0726,trial,47,30-40_Tier1,3,7,2,387,True,False,18,0.4820792146150142,0.901583075205253
U0727,churned,86,30-40_Tier1,5,7,3,13,True,False,15,0.12431038605037742,0.6361714838562702
U0728,trial,69,30-40_Tier1,7,7,2,518,True,False,11,0.21548096169851855,0.3298316620205123
U0729,trial,45,30-40_Tier1,3,6,2,846,True,True,18,0.23305704078357414,0.8685816204925002
U0730,trial,42,20-30_Tier2,0,7,3,221,False,True,16,0.4555223604094669,0.7940117280408548
U0731,churned,20,30-40_Tier1,5,5,3,911,True,False,20,0.07869187600832464,0.8128545387110473
U0732,paid,22,20-30_Tier3,4,8,4,615,False,False,7,0.3253528610996269,0.9452018323823788
U0733,paid,79,20-30_Tier3,1,8,5,961,False,False,20,0.026846539238896423,0.6106444193277992
U0734,trial,46,30-40_Tier1,5,3,1,402,False,True,22,0.24690410771428367,0.6600223734488514
U0735,churned,14,20-30_Tier3,5,17,2,512,False,False,11,0.06763710098158163,0.9639336121180565
U0736,trial,24,30-40_Tier1,3,8,2,286,True,True,20,0.4939385959618841,0.7804409862240077
U0737,churned,35,20-30_Tier3,1,9,0,383,True,False,22,0.28826029341683457,0.6851406365767663
U0738,paid,74,20-30_Tier2,5,13,3,246,False,True,14,0.458808274215578,0.8650576483357668
U0739,trial,50,20-30_Tier2,11,11,5,899,False,False,17,0.35914038044155844,0.6645573457914834
U0740,paid,14,30-40_Tier1,5,7,7,90,False,True,10,0.13219606983218016,0.6384370198645554
U0741,trial,67,30-40_Tier1,5,13,1,825,False,True,19,0.14364607311716512,0.7211350980583727
U0742,paid,20,30-40_Tier1,7,9,3,311,True,True,13,0.3368238331113729,0.7687811937794289
U0743,paid,12,20-30_Tier3,4,11,3,436,False,False,22,0.2640623950763117,0.6182050448655108
U0744,trial,85,30-40_Tier1,1,6,4,984,False,True,14,0.18981979821131365,0.6527152480631591
U0745,churned,18,20-30_Tier2,5,8,4,725,True,False,8,0.5785442150340493,0.737330232756385
U0746,trial,33,20-30_Tier3,7,3,3,42,False,False,12,0.23149224592805262,0.6561668502115998
U0747,paid,77,30-40_Tier1,3,4,3,73,True,False,17,0.05717886084910619,0.7331180689236689
U0748,inactive,67,20-30_Tier3,3,10,3,753,True,True,8,0.5060367281432271,0.9403807178639794
U0749,paid,51,20-30_Tier3,9,8,0,992,False,False,14,0.393145545283289,0.6705346790262682
U0750,trial,26,30-40_Tier1,1,9,8,560,False,False,19,0.3871485955140438,0.8559247212872608
U0751,inactive,28,20-30_Tier3,6,8,3,879,False,False,16,0.28628469939014134,0.5653967140142875
U0752,paid,27,20-30_Tier2,6,8,1,875,False,False,9,0.10147837029799636,0.8481881612082699
U0753,trial,34,20-30_Tier2,5,8,4,315,True,False,13,0.631915016713926,0.7152122971635987
U0754,trial,7,20-30_Tier3,4,6,4,733,False,False,18,0.11136080255095109,0.718623680645009
U0755,churned,15,30-40_Tier1,7,15,3,861,True,False,9,0.1529847149923489,0.6938494731992648
U0756,paid,35,20-30_Tier3,7,5,5,143,True,False,15,0.220098727753684,0.8549971331130611
U0757,paid,29,20-30_Tier2,6,5,4,328,True,True,13,0.13478549747817775,0.585106575468292
U0758,churned,17,20-30_Tier3,5,10,4,208,False,True,17,0.5832477812199967,0.9785896616215526
U0759,churned,1,20-30_Tier3,3,12,2,98,True,True,17,0.2947334184920075,0.36440837616412314
U0760,trial,48,20-30_Tier2,5,8,0,699,False,True,7,0.06929687228073211,0.6132519446721875
U0761,trial,76,20-30_Tier3,3,6,3,113,False,False,13,0.10441195812402024,0.7622403084063423
U0762,trial,3,20-30_Tier3,1,7,3,174,True,False,18,0.1090368190338976,0.42999040113567066
U0763,paid,89,30-40_Tier1,2,3,2,270,False,True,6,0.0863571193925964,0.8521337811710744
U0764,trial,88,30-40_Tier1,6,10,3,62,True,False,8,0.10439704012117416,0.6330450100206623
U0765,paid,74,20-30_Tier2,4,9,4,795,True,True,7,0.20533443776669952,0.9442072741529169
U0766,churned,6,20-30_Tier2,9,6,3,403,False,False,13,0.6630231701612321,0.5887208645409392
U0767,churned,73,20-30_Tier2,4,16,4,224,True,False,8,0.19187003030051705,0.6782601840712446
U0768,trial,38,30-40_Tier1,6,10,3,958,False,True,20,0.0519618881691114,0.8732492758809262
U0769,churned,12,20-30_Tier2,8,9,1,160,False,False,7,0.6432597673221916,0.5809976082183591
U0770,trial,30,20-30_Tier2,5,8,1,35,True,True,22,0.25619895520634844,0.5799027676705204
U0771,churned,70,20-30_Tier2,3,9,5,380,False,False,11,0.4362763759504178,0.5439960976360656
U0772,trial,62,30-40_Tier1,4,10,1,652,True,False,6,0.25960922621313337,0.7582276311896696
U0773,trial,55,20-30_Tier3,3,10,3,317,True,True,9,0.3363970020007248,0.8524846487245862
U0774,churned,41,20-30_Tier2,6,6,5,707,True,False,12,0.09276790492309987,0.912490518345488
U0775,trial,60,20-30_Tier3,6,7,2,662,True,True,19,0.31176219682351003,0.91949467094958
U0776,trial,41,20-30_Tier2,9,9,4,455,True,True,19,0.2750823418395559,0.4250481553989166
U0777,paid,55,20-30_Tier3,5,5,3,268,False,False,15,0.26713658219305814,0.4147863215485146
U0778,paid,35,30-40_Tier1,5,5,3,343,True,False,12,0.34483545284557376,0.3990993247684472
U0779,paid,83,30-40_Tier1,3,7,4,39,False,False,21,0.5972867726620108,0.8244686265127253
U0780,paid,67,20-30_Tier2,8,12,5,749,True,False,9,0.720463768096907,0.6911979342826564
U0781,paid,6,20-30_Tier3,6,14,3,413,True,False,12,0.14695402372508148,0.5905328898481725
U0782,trial,53,30-40_Tier1,5,7,3,379,True,True,20,0.20070077452600338,0.8792084370548121
U0783,trial,0,20-30_Tier2,1,7,2,221,False,False,22,0.2324970055738546,0.7110895855373384
U0784,trial,43,20-30_Tier2,3,9,3,280,True,False,8,0.176647259705756,0.8118079690792128
U0785,inactive,44,30-40_Tier1,2,3,3,224,True,False,21,0.26489140490597485,0.9328457661881672
U0786,paid,46,30-40_Tier1,7,4,1,456,True,True,7,0.8096854328890339,0.7133339810240567
U0787,paid,12,20-30_Tier2,2,6,5,153,False,False,12,0.32394500668674875,0.7072548345054234
U0788,paid,21,20-30_Tier3,2,7,6,279,True,False,21,0.22298391742317866,0.5653781743912699
U0789,inactive,20,20-30_Tier3,8,10,1,352,False,False,14,0.3611689336877663,0.5691202098196406
U0790,trial,85,20-30_Tier3,3,7,2,38,True,False,17,0.49149265363537653,0.9401708314975593
U0791,paid,8,20-30_Tier2,6,12,7,728,False,True,6,0.21837217234540932,0.6275251525986033
U0792,paid,25,30-40_Tier1,6,10,4,755,True,False,19,0.20844807029524648,0.9435508586773474
U0793,paid,8,20-30_Tier2,2,5,2,620,True,False,16,0.3345562986504844,0.5636943882266958
U0794,trial,14,30-40_Tier1,5,3,6,974,True,False,10,0.34092865875198713,0.4861949667403291
U0795,churned,9,20-30_Tier3,2,12,4,572,False,True,20,0.29202325265507945,0.3640867165819955
U0796,inactive,87,20-30_Tier3,2,9,4,488,True,False,12,0.08103992229648006,0.9223148468891681
U0797,paid,41,30-40_Tier1,5,7,2,944,False,False,19,0.2632827774306981,0.9027175604184382
U0798,paid,71,30-40_Tier1,4,13,3,936,True,True,13,0.14998395678561655,0.39612727968610284
U0799,inactive,23,20-30_Tier2,3,9,4,197,True,True,9,0.09863528617612395,0.5982515960051097
U0800,paid,79,20-30_Tier3,5,12,5,275,True,False,8,0.12444273870894111,0.9538021427563915
U0801,trial,48,20-30_Tier2,8,9,4,171,True,False,17,0.21350067245435575,0.8366303204571167
U0802,paid,25,20-30_Tier2,7,9,3,783,False,True,20,0.03778681838218245,0.7997549547676615
U0803,paid,36,20-30_Tier2,5,9,3,507,False,True,16,0.2510907869760353,0.5714316244348798
U0804,paid,67,20-30_Tier3,6,3,1,404,False,True,16,0.4790958916504751,0.6650015291415056
U0805,paid,49,20-30_Tier2,3,2,5,270,False,True,17,0.09230002526790729,0.4582513465614239
U0806,inactive,23,20-30_Tier2,5,8,1,934,True,False,22,0.38658390528562875,0.8159082995011968
U0807,inactive,18,20-30_Tier2,8,4,2,553,False,True,11,0.31364660431501185,0.8074083834731142
U0808,paid,59,20-30_Tier2,5,15,0,700,True,True,13,0.16370114970346158,0.8269909511441262
U0809,trial,38,20-30_Tier2,6,10,5,771,False,False,20,0.3565185714986643,0.842298209374266
U0810,inactive,73,20-30_Tier2,5,8,1,663,True,True,15,0.3732727365823464,0.8192583691358222
U0811,churned,88,20-30_Tier3,5,7,5,130,False,False,20,0.13138842145691312,0.9236279747920589
U0812,trial,17,20-30_Tier2,7,7,4,625,False,False,17,0.2899065851599811,0.9356266575938554
U0813,inactive,18,30-40_Tier1,5,11,2,384,False,False,16,0.5080843822580127,0.7583490866697158
U0814,churned,35,20-30_Tier2,4,8,1,733,True,False,10,0.7416537067044614,0.6836890159292255
U0815,paid,73,20-30_Tier2,7,7,3,396,True,False,17,0.5679331768545043,0.7172994374170225
U0816,paid,54,20-30_Tier3,6,9,4,565,True,True,10,0.11035046774200531,0.817620040993917
U0817,trial,68,20-30_Tier3,9,3,4,849,False,False,15,0.3753998220156225,0.6542596782415053
U0818,trial,46,30-40_Tier1,4,9,2,295,False,False,19,0.2560067370999542,0.7506175459040614
U0819,trial,48,30-40_Tier1,1,9,3,382,True,True,21,0.16137732559293208,0.6740979550289271
U0820,churned,32,20-30_Tier3,8,8,5,511,True,False,10,0.14041901260821685,0.6091359146883086
U0821,trial,20,20-30_Tier3,5,8,5,394,True,False,16,0.04728061236568353,0.737404587883761
U0822,trial,80,20-30_Tier2,6,8,1,553,False,True,13,0.28341255189469317,0.7360735847015126
U0823,trial,21,20-30_Tier3,5,11,2,604,True,False,17,0.07862521076042467,0.6185800812138825
U0824,paid,47,30-40_Tier1,6,10,5,259,False,False,18,0.5330649194602677,0.8030984699127257
U0825,inactive,36,20-30_Tier2,8,8,3,280,True,False,20,0.6088670743384359,0.6818269194773533
U0826,trial,14,30-40_Tier1,2,12,1,355,True,False,20,0.02751612193374914,0.7261634609206651
U0827,trial,34,20-30_Tier2,4,10,3,419,False,False,17,0.2140425349991223,0.9244916429900242
U0828,paid,70,20-30_Tier3,1,13,4,191,True,True,14,0.42595023854365777,0.6615032081488422
U0829,paid,31,30-40_Tier1,6,9,3,636,True,True,17,0.08826007956309552,0.7712006258263737
U0830,trial,10,20-30_Tier2,8,10,2,427,True,True,10,0.6727614932291388,0.8181149632794149
U0831,paid,9,20-30_Tier2,7,5,2,807,True,False,15,0.11389987547003433,0.5962148169133014
U0832,trial,72,20-30_Tier3,6,6,2,347,False,False,12,0.6889030032303379,0.5565309054625663
U0833,trial,77,20-30_Tier3,4,7,2,428,True,False,16,0.25046436344570955,0.4381509153769747
U0834,paid,76,20-30_Tier3,3,6,4,391,False,False,13,0.12659702269336862,0.8856262657893927
U0835,paid,56,30-40_Tier1,6,7,3,340,True,False,12,0.21074968564408783,0.7464416177027235
U0836,inactive,24,20-30_Tier2,6,10,4,546,False,False,21,0.20694537450083744,0.7305882699429949
U0837,trial,1,20-30_Tier3,3,8,1,939,False,True,21,0.6308455251081437,0.6740678248842756
U0838,paid,63,30-40_Tier1,1,8,4,401,False,False,19,0.07761441863720855,0.450110619904207
U0839,paid,34,30-40_Tier1,8,6,1,46,False,False,20,0.3358633292017535,0.6863895323954852
U0840,trial,6,30-40_Tier1,2,5,4,664,True,False,14,0.4519384064034627,0.827057951888734
U0841,paid,84,20-30_Tier3,5,6,1,749,True,True,21,0.2069318516147389,0.81141798025198
U0842,trial,17,20-30_Tier3,4,5,2,424,False,False,21,0.1274570527021355,0.6080057697426822
U0843,inactive,66,20-30_Tier2,6,8,7,516,True,False,10,0.14667309633092476,0.502500672267437
U0844,trial,41,20-30_Tier2,4,5,2,959,True,True,8,0.4830971006902329,0.7790972681187084
U0845,paid,38,20-30_Tier3,5,4,4,957,True,True,18,0.39038944782757856,0.4531603898839644
U0846,trial,40,30-40_Tier1,5,5,3,636,True,True,13,0.512759398293721,0.41056511695959547
U0847,inactive,74,30-40_Tier1,6,8,2,878,True,False,22,0.27636697548920275,0.8307247356284102
U0848,paid,23,30-40_Tier1,3,6,2,327,True,True,10,0.3708044448137392,0.789138951167367
U0849,paid,59,20-30_Tier2,5,8,2,86,True,False,11,0.5560761561088042,0.7971563026503101
U0850,trial,45,30-40_Tier1,5,9,3,514,False,False,7,0.4776792371573228,0.7452166751919632
U0851,paid,18,20-30_Tier2,4,13,3,164,True,False,19,0.4692169641755968,0.7952687436164427
U0852,trial,67,20-30_Tier2,4,9,1,222,False,False,9,0.13155319055530795,0.9211564159744404
U0853,churned,89,30-40_Tier1,4,7,4,860,True,True,8,0.3688091632238204,0.44297656257907625
U0854,trial,41,30-40_Tier1,4,7,4,296,False,False,14,0.16577194335630846,0.8125459884184292
U0855,trial,31,20-30_Tier3,6,8,4,915,True,True,17,0.1431448026817416,0.725963924391487
U0856,trial,38,20-30_Tier3,6,6,3,450,True,False,14,0.709701897401203,0.9146571772247596
U0857,paid,35,30-40_Tier1,6,7,1,342,True,True,18,0.4381604304685861,0.6649211130337723
U0858,paid,35,20-30_Tier2,7,13,7,935,True,False,19,0.3464425049740931,0.7936819370246745
U0859,trial,2,20-30_Tier2,5,9,2,340,False,False,15,0.13615593649039995,0.8037909491475781
U0860,churned,72,20-30_Tier2,8,6,3,460,False,False,8,0.23119810546948874,0.7185557884528002
U0861,paid,7,20-30_Tier2,4,12,2,391,True,False,12,0.3635502719397735,0.5954386185257906
U0862,paid,69,20-30_Tier2,5,11,3,900,True,True,21,0.14106758815968853,0.820763327325593
U0863,paid,40,20-30_Tier3,1,9,2,536,True,True,22,0.08780292088861849,0.8070472763150625
U0864,paid,67,30-40_Tier1,7,9,5,550,True,False,11,0.3142336961939665,0.7356796198865799
U0865,paid,12,20-30_Tier3,5,8,1,420,True,False,17,0.618231718478477,0.7162235130684587
U0866,trial,48,20-30_Tier2,9,3,3,380,False,False,8,0.07503232900544393,0.8904589722423024
U0867,trial,59,20-30_Tier2,5,9,2,616,True,True,8,0.5464795093432904,0.97074005471444
U0868,churned,1,20-30_Tier2,8,7,3,4,False,False,16,0.3109835791981465,0.73015205271869
U0869,inactive,59,20-30_Tier2,9,6,1,647,False,False,11,0.28056717590758423,0.842454069834717
U0870,trial,4,30-40_Tier1,5,9,2,3,False,False,10,0.16704398699472164,0.6231968540801079
U0871,trial,43,20-30_Tier2,9,6,2,680,True,False,18,0.26018758022781724,0.3827473885282724
U0872,paid,26,30-40_Tier1,5,9,3,315,False,False,10,0.15104526942726482,0.7304955658500032
U0873,paid,31,20-30_Tier2,6,7,3,821,False,True,8,0.10907685187802722,0.6426223461068487
U0874,trial,20,30-40_Tier1,3,8,2,917,True,True,22,0.10060567563191984,0.6700431809427874
U0875,trial,7,20-30_Tier3,5,8,3,77,True,False,8,0.29858521010636324,0.5293953194302502
U0876,paid,71,20-30_Tier2,5,12,2,530,False,False,20,0.1656798877134086,0.6845849213027615
U0877,paid,49,30-40_Tier1,8,12,1,716,False,False,22,0.16382992171249947,0.8681320303345328
U0878,trial,66,20-30_Tier3,7,6,4,354,True,False,18,0.3638381841963703,0.5960576995051671
U0879,trial,43,20-30_Tier2,8,11,3,835,True,False,19,0.7005157642299596,0.7281288814237035
U0880,trial,57,20-30_Tier2,12,12,1,32,True,False,21,0.24797266366050325,0.8313043782801387
U0881,paid,2,20-30_Tier2,2,14,6,661,True,False,16,0.3030111888529105,0.5462344077993299
U0882,trial,85,30-40_Tier1,6,6,0,704,True,True,22,0.5259326974978755,0.7721957762251117
U0883,trial,69,30-40_Tier1,4,9,3,138,True,False,10,0.5234862369301572,0.4923508235383857
U0884,churned,1,20-30_Tier3,7,5,3,271,False,False,20,0.1021924941723965,0.9644066177158941
U0885,trial,86,30-40_Tier1,4,10,4,195,False,True,21,0.2674363438272883,0.8354798520661443
U0886,paid,43,30-40_Tier1,4,9,3,126,False,False,19,0.4874511900049482,0.4751068073338377
U0887,trial,1,20-30_Tier2,3,6,5,348,True,False,19,0.44136082851312547,0.9242224279533829
U0888,trial,80,20-30_Tier2,6,5,6,742,False,False,18,0.23226158929501667,0.7849572165643021
U0889,trial,34,20-30_Tier2,6,8,3,43,True,True,6,0.46530788031746306,0.9188258054657829
U0890,paid,86,20-30_Tier2,4,7,5,741,True,True,11,0.07361230502802686,0.5619926878585615
U0891,churned,29,20-30_Tier2,7,5,2,727,False,True,16,0.262220536726314,0.818595285659291
U0892,churned,7,20-30_Tier2,6,7,5,243,True,True,16,0.6174189663619377,0.6055911290923898
U0893,trial,21,20-30_Tier2,6,9,3,8,True,False,21,0.26709485748791,0.7419263001106235
U0894,paid,43,20-30_Tier3,6,7,2,761,True,True,8,0.19124846869259732,0.7888578310812536
U0895,trial,57,20-30_Tier3,2,8,3,711,True,False,22,0.7268471068046986,0.9849015564415413
U0896,trial,35,20-30_Tier3,4,12,1,845,False,True,19,0.3701714272070383,0.862868461707926
U0897,churned,68,20-30_Tier3,2,10,0,78,False,True,7,0.11474248616478266,0.5840505167220117
U0898,trial,76,20-30_Tier2,4,9,1,756,False,False,14,0.24913332424664092,0.6649260684578299
U0899,trial,30,20-30_Tier3,4,6,5,189,False,False,13,0.3292539994542751,0.838094804260056
U0900,trial,46,20-30_Tier2,3,7,1,85,False,False,16,0.49079754697890215,0.8801466250331993
U0901,trial,54,20-30_Tier3,5,11,5,484,False,False,12,0.8690251253201494,0.7339676363028488
U0902,trial,79,30-40_Tier1,6,8,2,270,True,False,7,0.3072442213629459,0.8550973683604449
U0903,paid,61,20-30_Tier3,4,2,0,773,False,False,9,0.2885651845948187,0.7179923077330599
U0904,paid,29,20-30_Tier3,4,6,5,512,True,False,19,0.1653898062142385,0.9888980444658604
U0905,churned,54,20-30_Tier2,2,12,1,19,False,True,18,0.6830534856190731,0.8360593994727379
U0906,churned,15,20-30_Tier3,9,9,1,488,True,False,18,0.6216219530188553,0.5913436975423962
U0907,trial,11,30-40_Tier1,9,6,3,931,False,True,18,0.3953397462353365,0.7339489488521287
U0908,trial,16,20-30_Tier2,8,12,8,129,False,False,10,0.6089105512417995,0.8479205954455709
U0909,trial,15,20-30_Tier2,6,6,0,837,False,True,17,0.22239892112824922,0.5666786715090155
U0910,paid,11,20-30_Tier3,8,9,7,769,False,False,11,0.4483501004275663,0.8783442955999984
U0911,trial,7,20-30_Tier2,4,6,5,642,True,False,19,0.17690024353370237,0.9215814770061888
U0912,paid,83,20-30_Tier2,7,4,2,6,True,True,13,0.5811697854838153,0.9792120303359511
U0913,paid,2,20-30_Tier2,6,9,2,851,True,False,13,0.31763855258435786,0.488845285201591
U0914,paid,15,20-30_Tier2,6,6,1,752,True,True,12,0.13009030495346455,0.8813073995462629
U0915,paid,29,20-30_Tier2,7,4,2,703,True,True,22,0.542199974598932,0.548905534756766
U0916,trial,22,20-30_Tier2,2,14,5,936,True,False,16,0.06708518834035121,0.2853981929844684
U0917,inactive,4,30-40_Tier1,7,4,2,309,True,False,15,0.5296841466706318,0.7302372983181642
U0918,churned,83,20-30_Tier3,6,8,3,808,False,False,18,0.34482169708022076,0.7083172265622291
U0919,trial,64,30-40_Tier1,6,8,4,626,False,False,15,0.5822697602300272,0.8453109343358963
U0920,churned,29,20-30_Tier2,6,8,2,900,True,False,19,0.13912531197054098,0.5389970664188611
U0921,paid,20,20-30_Tier2,5,9,0,472,True,False,14,0.3213579235665899,0.9363369510099318
U0922,churned,83,20-30_Tier3,7,11,3,101,True,False,12,0.24796486064226272,0.980336255845278
U0923,churned,69,30-40_Tier1,5,7,4,337,True,True,12,0.3590335077405927,0.5272027975476037
U0924,paid,21,20-30_Tier3,9,16,1,318,True,True,21,0.22364416490285302,0.817733034840764
U0925,trial,81,30-40_Tier1,6,12,4,512,True,True,13,0.39690358209513066,0.4504555287441469
U0926,trial,71,20-30_Tier2,5,4,3,24,True,False,21,0.20769265388453165,0.3112055872590262
U0927,paid,31,20-30_Tier3,3,9,2,720,True,True,20,0.28524710657710617,0.3505423462755864
U0928,paid,32,20-30_Tier3,10,10,5,429,True,True,20,0.12952406818911025,0.6605429195256257
U0929,trial,15,20-30_Tier2,3,11,5,142,True,False,11,0.6572408933910874,0.4731505970700716
U0930,trial,75,20-30_Tier3,4,9,1,708,False,True,14,0.07499899765014356,0.8282340520400371
U0931,churned,37,30-40_Tier1,4,6,0,656,False,False,20,0.1572464988920019,0.44485765505683783
U0932,inactive,13,30-40_Tier1,5,10,3,148,True,True,12,0.404892359894951,0.6229620645067783
U0933,paid,35,30-40_Tier1,8,12,2,692,True,True,13,0.5704407713992344,0.6632821582065456
U0934,trial,22,30-40_Tier1,2,7,6,54,True,True,21,0.18607100127447837,0.7512197675997894
U0935,trial,65,20-30_Tier2,12,7,4,470,True,False,20,0.33798540731016713,0.8778493319595772
U0936,trial,84,20-30_Tier3,4,7,3,362,True,False,8,0.070608521149174,0.4405384453328467
U0937,inactive,1,30-40_Tier1,2,6,2,649,True,True,6,0.2746659315780537,0.6497625893728852
U0938,trial,72,20-30_Tier2,3,13,2,208,True,True,18,0.5647563109666831,0.5881344578258618
U0939,paid,64,20-30_Tier3,1,9,6,184,True,False,17,0.45844964037003666,0.9404627393700374
U0940,trial,74,20-30_Tier3,8,8,1,64,False,False,14,0.14667655890958037,0.7893736842848397
U0941,paid,66,20-30_Tier2,8,5,2,548,True,False,7,0.32120651743189416,0.6906292203957045
U0942,paid,51,20-30_Tier2,6,5,5,111,True,False,14,0.2209098211144089,0.6873097035227994
U0943,churned,61,30-40_Tier1,3,12,0,262,True,False,13,0.1286153187415775,0.8328943084735856
U0944,trial,22,20-30_Tier3,5,9,4,75,True,False,10,0.166029522966307,0.44859666776560747
U0945,trial,25,20-30_Tier3,5,14,2,295,False,False,18,0.2145472809542142,0.8928460270973283
U0946,trial,67,20-30_Tier2,5,14,6,177,False,False,7,0.16651402547496424,0.810921984252644
U0947,inactive,81,20-30_Tier3,3,9,0,765,True,True,15,0.27897181976878943,0.5855926792512303
U0948,churned,54,30-40_Tier1,9,4,2,0,False,True,11,0.1947358694793021,0.5552397720276389
U0949,paid,5,20-30_Tier3,6,12,2,147,False,True,12,0.08710750106056933,0.7841299428579933
U0950,paid,34,20-30_Tier2,7,7,3,875,True,True,8,0.2780532286039644,0.610172813301288
U0951,paid,21,20-30_Tier2,5,8,3,670,True,True,19,0.5852806551080325,0.7212340820123916
U0952,trial,42,30-40_Tier1,4,13,6,835,False,True,21,0.2877842205838107,0.9310517051871713
U0953,inactive,14,30-40_Tier1,4,11,3,985,True,False,11,0.26436980292838347,0.8517007151454362
U0954,paid,85,20-30_Tier3,3,6,0,779,True,False,13,0.20910428751532104,0.35207230322757777
U0955,trial,59,20-30_Tier3,11,7,3,661,True,False,6,0.19897456217867807,0.7474771715071515
U0956,paid,11,20-30_Tier2,4,6,2,128,False,False,20,0.21830977670975588,0.778415384963674
U0957,trial,48,30-40_Tier1,6,9,3,637,False,True,22,0.271923018792608,0.6003215980261745
U0958,trial,41,30-40_Tier1,8,1,3,512,False,False,8,0.3149658866846141,0.8108476991474146
U0959,paid,37,30-40_Tier1,4,11,3,898,False,False,11,0.36244456691292937,0.8168184071709882
U0960,trial,81,20-30_Tier3,10,10,3,628,False,True,22,0.20702054543607198,0.6271646351354075
U0961,paid,44,30-40_Tier1,4,7,2,971,False,True,18,0.15962643847971017,0.8675573083518084
U0962,trial,34,20-30_Tier2,6,9,2,501,False,True,22,0.20750361865952388,0.7160770822378606
U0963,trial,29,20-30_Tier2,6,7,1,148,False,True,21,0.4441252519643056,0.6501248793751481
U0964,trial,87,20-30_Tier3,5,5,3,268,True,True,22,0.44036455542517083,0.8761540611854
U0965,trial,29,20-30_Tier3,4,4,3,700,False,True,6,0.2248159834281354,0.7659281886469322
U0966,paid,77,30-40_Tier1,7,4,0,652,False,True,21,0.11250708983647628,0.9142795667668016
U0967,trial,5,20-30_Tier3,3,7,3,104,False,True,11,0.21658451564376396,0.8392142339530888
U0968,paid,66,20-30_Tier2,6,8,1,465,False,False,13,0.4168229820489048,0.7164983947394394
U0969,paid,79,30-40_Tier1,5,9,3,763,False,True,6,0.10600414004424866,0.7358709547488925
U0970,paid,6,20-30_Tier2,2,4,2,928,False,True,7,0.16530884311990732,0.8218882922481817
U0971,inactive,51,30-40_Tier1,5,5,4,901,True,False,20,0.5085314084567897,0.43890892055180086
U0972,paid,13,20-30_Tier3,1,2,2,280,True,False,10,0.16507725880798282,0.8685507315552741
U0973,trial,72,30-40_Tier1,3,7,7,406,True,True,20,0.581800554913256,0.556025227221666
U0974,trial,14,30-40_Tier1,6,8,6,855,True,False,15,0.3285216069263009,0.6808101563242591
U0975,trial,20,20-30_Tier2,6,8,6,612,True,True,10,0.17388419562205967,0.8833395674819045
U0976,paid,34,20-30_Tier2,12,7,2,793,True,True,8,0.2573465865862668,0.8305834522266089
U0977,trial,65,30-40_Tier1,3,3,2,899,True,True,11,0.25897658914567717,0.7082625002906185
U0978,paid,1,20-30_Tier3,4,8,2,357,False,False,20,0.179917914496258,0.7104595497675957
U0979,paid,34,20-30_Tier3,3,3,0,674,True,True,19,0.16243944626635498,0.8594829816302039
U0980,trial,81,20-30_Tier2,4,10,3,202,False,False,15,0.08601874456357453,0.894297396360656
U0981,churned,77,20-30_Tier3,0,10,3,611,False,True,9,0.10152260092645425,0.7499053479391413
U0982,trial,19,20-30_Tier2,7,6,2,280,True,False,16,0.11638770992655781,0.7664423866394949
U0983,trial,81,20-30_Tier3,7,4,4,915,True,True,12,0.31436026534422123,0.4277160897042135
U0984,paid,9,30-40_Tier1,3,5,1,256,False,False,20,0.3439849148157795,0.5373629686263707
U0985,paid,24,20-30_Tier2,4,9,3,93,False,False,14,0.40059283271458934,0.8392585098209396
U0986,paid,65,20-30_Tier2,6,3,3,323,True,False,20,0.21503710932405987,0.8629221472907498
U0987,paid,24,30-40_Tier1,4,7,5,790,True,True,17,0.049615718087937015,0.36533471837767634
U0988,trial,53,20-30_Tier2,3,10,4,738,True,False,11,0.338174456437739,0.6279306612874762
U0989,churned,32,20-30_Tier3,4,6,4,361,True,False,11,0.5796875066335894,0.6297313251375789
U0990,churned,35,20-30_Tier3,7,9,3,661,True,True,20,0.2644205764597954,0.9552055232060657
U0991,paid,13,20-30_Tier2,5,9,2,350,True,False,10,0.40747317421295437,0.7197189971726475
U0992,trial,64,20-30_Tier3,4,10,4,61,False,False,9,0.3814854132567576,0.6413137482460909
U0993,paid,79,20-30_Tier2,11,8,5,640,False,False,22,0.560338508214976,0.6136017199703011
U0994,trial,53,30-40_Tier1,2,9,3,186,False,True,15,0.36307005885235405,0.6912518789026557
U0995,trial,51,20-30_Tier2,4,6,2,579,False,False,17,0.17573703414542652,0.7142120058948199
U0996,inactive,2,30-40_Tier1,5,8,1,914,False,True,10,0.2461363596084461,0.797317310839475
U0997,trial,40,20-30_Tier3,4,11,2,541,False,False,12,0.55682429883063,0.6064201226020637
U0998,inactive,5,30-40_Tier1,4,7,2,896,True,False,17,0.10700065351081904,0.5678035094416066
U0999,paid,24,20-30_Tier3,1,8,0,303,True,False,7,0.4333449784737714,0.6465131166288081
