user_id,lifecycle_stage,days_since_signup,age_band_region,sessions_last_7d,exercises_completed_7d,streak_current,coins_balance,feature_ai_tutor_used,feature_leaderboard_viewed,preferred_hour,notif_open_rate_30d,motivation_score,engagement_next_7d
U0000,churned,144,30-40_Tier2,6,7,2,485,False,False,21,0.5526707526804678,0.44120604708628863,0
U0001,trial,67,20-30_Tier2,9,10,11,585,False,False,20,0.539670757685041,0.4267968840628557,4
U0002,paid,193,30-40_Tier2,8,20,15,1093,False,True,17,0.4455342474603997,0.5942248909192581,5
U0003,trial,62,30-40_Tier3,14,23,9,742,True,False,16,0.3212063355386051,0.6119578855303616,4
U0004,paid,316,20-30_Tier1,15,23,8,2332,True,False,17,0.4270026778249581,0.6570346699260914,9
U0005,paid,30,20-30_Tier1,11,21,3,530,True,True,8,0.6192846789511955,0.7614839977139487,13
U0006,trial,200,20-30_Tier2,9,9,12,1119,False,False,21,0.1966431495471637,0.46413766789251676,8
U0007,trial,157,20-30_Tier2,5,11,2,459,False,False,19,0.36985767179390183,0.30748436307829347,6
U0008,inactive,15,20-30_Tier2,5,6,5,193,False,False,18,0.36224587002974873,0.5183983487910584,0
U0009,trial,21,18-20_Tier1,9,13,10,344,True,False,14,0.25378820987505785,0.7104469492393034,9
U0010,trial,207,18-20_Tier1,6,2,21,1010,False,True,8,0.24439422345900352,0.2988561308062968,4
U0011,trial,158,20-30_Tier2,5,7,5,424,False,True,14,0.4475625934205801,0.5330157267194586,7
U0012,paid,52,30-40_Tier2,16,21,6,835,True,False,15,0.5796246447358123,0.7257773381973732,8
U0013,paid,56,20-30_Tier2,7,6,10,454,True,False,10,0.5757068824639494,0.5526285512739231,6
U0014,trial,322,30-40_Tier2,12,16,18,2291,False,False,21,0.6200278638227992,0.6366873591645751,12
U0015,churned,292,18-20_Tier1,7,12,9,917,False,True,12,0.3311205167635152,0.3572661641761048,0
U0016,trial,243,30-40_Tier3,5,5,8,629,False,False,22,0.20347700572344743,0.24041804361400856,6
U0017,trial,333,30-40_Tier2,7,5,5,1005,True,True,20,0.17777186038759846,0.36672729767717266,3
U0018,paid,28,30-40_Tier2,10,13,2,323,False,False,7,0.4868948701015131,0.6339252515621404,5
U0019,trial,275,30-40_Tier3,7,8,15,1178,True,True,8,0.4435024760030321,0.5530489866074774,10
U0020,paid,301,30-40_Tier3,9,12,2,958,True,False,12,0.3300870297924912,0.6744738044510028,6
U0021,churned,80,30-40_Tier3,5,7,7,353,False,False,16,0.04465830928140478,0.4570230710959836,0
U0022,paid,215,20-30_Tier2,12,14,6,1056,True,True,7,0.5205237515080534,0.5843337114156407,6
U0023,churned,306,30-40_Tier2,6,3,11,1018,False,True,9,0.2562571116233246,0.4074260619612552,0
U0024,paid,241,20-30_Tier2,10,14,9,1287,False,False,20,0.5704021807535581,0.5267912121676488,15
U0025,trial,100,18-20_Tier1,10,12,6,582,True,False,13,0.597287203693973,0.5282097424322211,6
U0026,trial,266,30-40_Tier3,2,0,3,399,False,False,15,0.11276114942329177,0.2371604856990061,3
U0027,trial,304,30-40_Tier2,13,27,10,1825,True,False,15,0.34135712496675286,0.6972155596906839,8
U0028,churned,4,30-40_Tier2,5,4,1,61,True,False,22,0.2386814898885163,0.5610166133092416,0
U0029,trial,227,30-40_Tier2,13,17,2,1067,False,True,8,0.6266546294792807,0.7341245189565491,9
U0030,trial,202,20-30_Tier1,2,2,3,252,True,False,14,0.23137504558499297,0.39682327312725124,4
U0031,paid,147,30-40_Tier2,10,23,11,1046,False,True,7,0.34210144300369805,0.8354472756959572,13
U0032,trial,18,20-30_Tier1,4,4,7,171,False,False,6,0.13796534709087727,0.4318002410947353,6
U0033,inactive,34,30-40_Tier2,2,2,18,84,False,False,14,0.041231948267350084,0.2917556122130338,0
U0034,paid,300,30-40_Tier3,11,17,7,1458,False,True,21,0.6765892493850654,0.6414711838807637,6
U0035,churned,331,30-40_Tier2,2,2,18,343,False,False,12,0.29011495718604735,0.20189796983603497,0
U0036,paid,168,20-30_Tier2,1,1,16,165,False,False,18,0.10031214093250701,0.34847149035102404,3
U0037,paid,375,30-40_Tier2,13,19,3,1520,True,False,21,0.6022120852420276,0.6445491191040665,8
U0038,churned,371,18-20_Tier1,8,12,11,1377,False,False,6,0.1705973084053734,0.48443511363530595,0
U0039,paid,266,30-40_Tier3,13,16,13,1952,False,True,17,0.3035882142345491,0.47242435287298856,7
U0040,trial,232,20-30_Tier2,4,5,11,386,False,False,21,0.19511279790223418,0.6612801173203298,7
U0041,paid,385,20-30_Tier2,14,13,4,1637,False,False,21,0.35787078987479215,0.6548200647094559,6
U0042,churned,244,20-30_Tier1,8,14,2,689,False,False,18,0.11340473185325735,0.3561580574362716,0
U0043,inactive,373,18-20_Tier1,1,1,9,114,False,False,21,0.2697686210938794,0.17796862974100297,0
U0044,trial,391,20-30_Tier1,11,8,6,1609,False,False,16,0.0635695967233115,0.2550082970741271,3
U0045,trial,78,30-40_Tier3,5,8,7,359,True,True,6,0.2404394491285841,0.4565242118247966,4
U0046,trial,264,18-20_Tier1,8,13,11,1022,False,False,22,0.5644023440205587,0.8353685000605813,9
U0047,paid,292,30-40_Tier2,14,22,4,1590,True,False,20,0.2258305913036021,0.6823171891452948,3
U0048,churned,328,30-40_Tier3,1,1,5,153,False,True,9,0.022309448486020997,0.1474287892884021,0
U0049,paid,140,30-40_Tier2,7,4,8,449,False,True,22,0.2837940423449822,0.5519175549575361,9
U0050,paid,344,20-30_Tier1,9,19,3,1036,True,False,17,0.5166091080761398,0.8946469076724997,10
U0051,churned,195,20-30_Tier1,9,11,16,1013,False,False,13,0.3973704902689837,0.5807327735618758,0
U0052,trial,155,20-30_Tier1,6,5,13,654,True,True,19,0.3415826031546567,0.575594849305192,11
U0053,paid,63,18-20_Tier1,11,15,2,570,True,False,16,0.27036702784780386,0.5078581899853701,7
U0054,trial,129,20-30_Tier2,16,22,7,1689,False,True,19,0.3035485798662789,0.7127494285471581,6
U0055,churned,389,30-40_Tier2,6,8,6,871,False,True,11,0.22420798267791878,0.4402566693985563,0
U0056,churned,286,20-30_Tier2,4,5,12,614,False,True,12,0.12554906758634718,0.233620098626851,0
U0057,trial,290,18-20_Tier1,9,20,12,1456,False,True,7,0.30827017657477035,0.6916382493993041,8
U0058,trial,358,30-40_Tier3,10,14,3,1630,True,False,21,0.0914975803542789,0.6947803706877045,13
U0059,churned,107,20-30_Tier2,1,0,5,134,False,True,10,0.12144376641692602,0.15144189523314436,0
U0060,paid,264,20-30_Tier2,17,30,3,1708,True,True,8,0.5581361352882459,0.9095845247273721,10
U0061,churned,149,20-30_Tier2,2,1,5,155,False,False,7,0.01108672164089214,0.1704649955388461,0
U0062,churned,339,30-40_Tier2,1,0,4,37,False,False,12,0.07124451190770996,0.09528074134664266,0
U0063,churned,169,18-20_Tier1,2,2,17,158,False,False,14,0.05831028579521943,0.15154023363224645,0
U0064,paid,342,20-30_Tier1,4,6,12,567,True,False,20,0.41861839843887305,0.41849773740915835,5
U0065,churned,299,20-30_Tier2,5,11,12,813,False,True,17,0.41439405881112557,0.5394217043690273,0
U0066,churned,309,20-30_Tier1,8,9,17,1163,False,True,19,0.32686079358955455,0.36810437189583334,0
U0067,paid,370,18-20_Tier1,7,9,17,1395,True,False,6,0.410284927588341,0.5256900934605935,5
U0068,churned,316,30-40_Tier3,3,1,5,374,False,False,6,0.49914913270985006,0.3836895431093983,0
U0069,paid,129,20-30_Tier1,9,16,11,874,True,False,9,0.6792366994973393,0.7416877425763092,4
U0070,trial,209,20-30_Tier1,6,3,10,794,False,False,12,0.11512995718227241,0.5080812121078434,2
U0071,churned,189,30-40_Tier3,5,2,4,377,False,False,7,0.38649057458411007,0.39434501686196066,0
U0072,churned,26,20-30_Tier1,5,3,6,262,False,False,20,0.3042282130881193,0.3931527431505287,0
U0073,paid,237,20-30_Tier2,6,12,18,680,False,False,22,0.18644442783347437,0.45485162275832003,9
U0074,trial,175,20-30_Tier2,13,15,14,1467,False,False,14,0.21976857740230707,0.6152511232880015,7
U0075,paid,157,30-40_Tier3,14,22,13,1459,True,False,19,0.49954257419815135,0.7013116913988017,10
U0076,trial,44,30-40_Tier3,10,17,13,580,True,False,9,0.7742688825767894,0.7024244069460248,7
U0077,trial,202,20-30_Tier2,12,15,22,1826,True,False,6,0.3846049555056102,0.42247451809504954,7
U0078,churned,232,18-20_Tier1,5,8,11,620,False,True,21,0.2490255711237896,0.36012938110457615,0
U0079,churned,43,30-40_Tier3,14,22,9,562,True,False,19,0.6160002383135504,0.5579374528832927,0
U0080,trial,254,30-40_Tier2,6,10,8,688,False,True,18,0.20158951039680384,0.42457513071199976,3
U0081,churned,67,18-20_Tier1,5,8,8,331,True,False,20,0.6500111375925544,0.560428936633456,0
U0082,paid,58,18-20_Tier1,4,7,4,223,False,True,18,0.12799133745270158,0.38255319328542436,10
U0083,paid,161,20-30_Tier1,9,7,19,1373,False,False,19,0.3813510166481844,0.5744041204306565,7
U0084,trial,156,30-40_Tier3,15,20,6,1694,True,True,22,0.6655536143131754,0.818853307541137,4
U0085,churned,366,20-30_Tier1,2,0,8,319,True,False,20,0.19740323269492235,0.37438787950525976,0
U0086,trial,28,30-40_Tier3,10,13,16,507,False,False,21,0.32046968882092847,0.6623163018049751,4
U0087,churned,140,18-20_Tier1,3,0,6,201,True,True,13,0.3225554506906828,0.43786571494174964,0
U0088,churned,294,20-30_Tier2,9,14,9,1230,True,True,19,0.34151862286430484,0.47521334141413274,0
U0089,paid,100,30-40_Tier3,5,5,14,472,False,False,10,0.5458785081031314,0.46585414632049404,5
U0090,churned,392,30-40_Tier2,12,13,15,2319,False,True,11,0.3518725038388905,0.6510705672251212,0
U0091,trial,297,20-30_Tier2,15,25,8,1717,True,True,20,0.3843930999277638,0.7688514212534462,4
U0092,paid,378,20-30_Tier1,9,14,4,1228,False,False,12,0.5126877628976748,0.7898277669239641,7
U0093,trial,379,20-30_Tier2,9,9,12,1213,True,True,20,0.6295246287878217,0.44457917710782713,2
U0094,trial,44,20-30_Tier1,2,0,13,117,True,True,14,0.26740405517132415,0.3433660093836668,5
U0095,churned,184,20-30_Tier2,1,1,14,154,True,False,10,0.10225044163876813,0.22916329807490482,0
U0096,trial,298,18-20_Tier1,10,18,4,1129,False,False,12,0.578114451224148,0.7550292844671376,14
U0097,trial,4,20-30_Tier1,3,2,8,3,False,False,15,0.12901976539070836,0.3103330633196778,1
U0098,churned,181,30-40_Tier2,7,8,11,728,True,True,7,0.35938844461822267,0.37276682831833396,0
U0099,paid,275,30-40_Tier3,6,8,10,708,False,False,15,0.6218568237403956,0.39183239855693036,12
U0100,churned,317,20-30_Tier2,8,6,12,1072,True,False,7,0.3839927924142232,0.2932507878893682,0
U0101,trial,166,30-40_Tier2,2,1,6,291,True,False,14,0.20407758645663218,0.5974534632168524,6
U0102,trial,345,20-30_Tier2,15,30,14,2696,True,False,11,0.7070163743395974,0.8917367979359675,14
U0103,churned,269,18-20_Tier1,1,0,1,149,False,False,16,0.015526493697353202,0.214591298310695,0
U0104,churned,19,30-40_Tier3,12,11,8,383,False,True,20,0.2609228925759656,0.4523941566451387,0
U0105,inactive,111,20-30_Tier2,5,4,15,364,False,False,7,0.2429310791030946,0.293797748755685,0
U0106,trial,375,18-20_Tier1,18,19,4,2288,True,False,7,0.08998520525289042,0.5098925167284122,2
U0107,churned,1,18-20_Tier1,3,0,11,83,False,False,13,0.2755018759076649,0.17792898750712646,0
U0108,trial,44,20-30_Tier1,6,3,9,287,False,True,18,0.19437691623152653,0.3193814680756185,3
U0109,churned,138,30-40_Tier2,3,3,13,283,True,False,10,0.30959763152317865,0.4277995955612426,0
U0110,trial,397,20-30_Tier1,5,5,10,809,False,False,19,0.5436935014561243,0.4097341640619958,7
U0111,churned,282,20-30_Tier2,7,10,15,1072,False,False,6,0.3265808896783592,0.534953209323306,0
U0112,churned,59,18-20_Tier1,4,1,3,185,False,False,11,0.17937316714819776,0.3640143697770729,0
U0113,trial,157,30-40_Tier3,8,9,13,787,True,False,14,0.34810331409082895,0.5700454941082367,8
U0114,paid,375,30-40_Tier3,5,6,11,819,True,False,16,0.3901928213607828,0.7768231493888971,11
U0115,trial,88,30-40_Tier3,15,19,15,1279,True,True,12,0.3596837586810718,0.6706705953191727,8
U0116,paid,230,30-40_Tier2,12,26,15,1690,True,False,20,0.4921527352263416,0.7862939980878276,6
U0117,churned,186,18-20_Tier1,5,8,2,395,False,True,13,0.13830069127815295,0.25767698146299645,0
U0118,trial,304,18-20_Tier1,9,19,14,1314,True,False,16,0.28320459432802175,0.5662765168398682,15
U0119,paid,301,18-20_Tier1,5,2,16,924,False,True,7,0.13826849686918816,0.39038688477220185,3
U0120,paid,333,20-30_Tier2,9,18,10,1451,False,True,21,0.29995477131238857,0.6909310369874595,7
U0121,churned,48,30-40_Tier3,5,7,4,160,False,False,14,0.20041657831355983,0.4679744523193108,0
U0122,trial,182,30-40_Tier2,9,19,14,1341,True,False,13,0.6170510031282808,0.7076317720920243,16
U0123,churned,277,20-30_Tier2,3,5,13,534,False,True,10,0.04990981689384216,0.23825688591718214,0
U0124,paid,168,30-40_Tier2,5,8,12,536,True,False,16,0.3485434820878949,0.7936050782370019,10
U0125,paid,267,20-30_Tier2,15,19,8,1742,True,False,6,0.6419585420319835,0.6601199456521332,10
U0126,inactive,254,30-40_Tier2,1,1,14,218,False,False,13,0.23197689258684717,0.24151259483289317,0
U0127,paid,148,20-30_Tier2,4,6,8,331,False,False,19,0.2833596992289598,0.11686874458218031,3
U0128,paid,40,30-40_Tier2,12,24,13,631,False,False,19,0.4971113186229855,0.7496367612157044,8
U0129,churned,388,20-30_Tier2,3,3,6,371,True,False,16,0.5140593024351536,0.5020293079582069,0
U0130,trial,330,30-40_Tier2,8,13,14,1226,True,False,12,0.31388608513310573,0.4255497356828707,8
U0131,inactive,357,30-40_Tier2,3,2,19,670,False,True,14,0.09375798852622384,0.1359940841545294,0
U0132,churned,120,20-30_Tier1,4,5,25,364,False,True,8,0.19971245483768663,0.6195435766734978,0
U0133,trial,127,30-40_Tier3,4,4,10,290,True,False,16,0.5352958343706585,0.707459039266348,9
U0134,paid,130,20-30_Tier2,13,20,15,1233,True,True,9,0.5805849419969389,0.7635437628861554,9
U0135,trial,13,30-40_Tier2,13,30,2,265,True,False,11,0.26961636987553583,0.7864471177822585,5
U0136,inactive,68,20-30_Tier2,2,3,6,192,False,True,18,0.11061068259652873,0.13108775002812612,0
U0137,trial,124,20-30_Tier1,9,9,9,682,False,False,8,0.34497013376340036,0.4133630743435026,10
U0138,trial,394,18-20_Tier1,8,7,12,1246,False,False,11,0.2715978825257761,0.5959058659562195,5
U0139,trial,82,20-30_Tier1,6,11,6,367,False,False,12,0.33785388078215495,0.46699170117035793,4
U0140,churned,203,30-40_Tier3,7,8,6,760,False,False,22,0.38720173535088903,0.47345911543687624,0
U0141,trial,219,30-40_Tier3,7,5,3,623,True,False,19,0.4931015902569799,0.5321063196506636,9
U0142,churned,144,18-20_Tier1,8,10,19,1077,False,True,12,0.3343695812391604,0.44288672399653645,0
U0143,churned,367,20-30_Tier2,4,1,5,614,False,False,16,0.26755751345383855,0.452470670888373,0
U0144,churned,38,20-30_Tier1,1,1,3,23,False,False,10,0.37246305375581285,0.3626611704224534,0
U0145,churned,348,20-30_Tier2,8,7,6,1145,False,True,19,0.05466192224129882,0.37150794189595654,0
U0146,churned,297,30-40_Tier2,7,6,3,848,False,False,11,0.5044533416535215,0.4609660918033428,0
U0147,trial,123,18-20_Tier1,21,25,3,1336,False,False,21,0.5252357440625323,0.8507620359093411,7
U0148,paid,307,30-40_Tier3,10,23,3,1167,True,False,21,0.6665421385738076,0.837683809151167,10
U0149,trial,172,30-40_Tier3,14,18,6,1254,False,False,10,0.5029505157499411,0.6187509768725288,12
U0150,churned,388,30-40_Tier3,11,9,4,1554,True,True,12,0.2884409933160788,0.31972993418574286,0
U0151,trial,15,20-30_Tier2,9,13,7,313,True,False,21,0.2742299152571299,0.4294824299826696,4
U0152,paid,12,30-40_Tier2,12,25,12,506,True,False,7,0.4793416044111263,0.628506936973632,11
U0153,paid,218,30-40_Tier3,15,33,8,1903,True,True,17,0.5049586504936526,0.734099303101747,6
U0154,trial,372,18-20_Tier1,10,12,5,1431,False,True,14,0.14916242952710476,0.46278537928003494,7
U0155,churned,26,18-20_Tier1,3,2,14,108,False,True,15,0.33834775656308386,0.34663838654204987,0
U0156,paid,311,30-40_Tier3,6,2,9,754,True,False,15,0.5511262802441997,0.37263767105303813,7
U0157,paid,375,20-30_Tier1,9,8,9,1243,False,False,14,0.40494205593288174,0.5701385309409088,5
U0158,trial,195,18-20_Tier1,8,14,6,937,True,False,11,0.18869150369179674,0.630510808332019,5
U0159,paid,346,20-30_Tier1,10,24,13,1859,False,True,13,0.4397774686786946,0.6876766887588031,23
U0160,churned,303,30-40_Tier2,6,8,4,951,True,True,22,0.27598518164011615,0.5585164962879573,0
U0161,paid,86,20-30_Tier1,11,19,4,869,True,True,7,0.28781694089015275,0.8134550942067559,15
U0162,paid,341,20-30_Tier1,6,6,10,744,True,False,8,0.47114551555109146,0.8068523699757468,10
U0163,churned,280,30-40_Tier3,11,24,8,1591,True,False,6,0.5179827362031675,0.8471157906285428,0
U0164,churned,6,30-40_Tier3,7,9,15,132,False,False,16,0.368738177371619,0.3969771131930303,0
U0165,trial,227,20-30_Tier2,12,19,21,1907,False,True,11,0.503554340875932,0.6876864035068093,8
U0166,churned,262,20-30_Tier1,3,0,14,404,False,False,6,0.003361689728408194,0.31062005178880975,0
U0167,paid,320,30-40_Tier3,7,9,0,885,False,False,9,0.6423232670400081,0.3070417938896779,4
U0168,paid,308,30-40_Tier2,13,21,11,2063,True,False,10,0.6013405775601758,0.7822551825004858,9
U0169,paid,190,30-40_Tier2,3,1,9,347,False,False,7,0.14357950228371655,0.34482671914301594,4
U0170,churned,120,20-30_Tier1,1,0,14,140,False,False,19,0.2114243892464508,0.414811801432633,0
U0171,paid,77,20-30_Tier1,14,20,10,1105,False,True,6,0.36480163907897345,0.6951591665564021,9
U0172,paid,36,18-20_Tier1,10,11,5,507,False,False,21,0.0638646013498124,0.3808572598989929,5
U0173,churned,256,20-30_Tier2,4,3,13,636,False,True,22,0.10405959155122774,0.3288874722031099,0
U0174,churned,383,18-20_Tier1,4,2,15,724,False,True,21,0.15771171632977224,0.3673276765499247,0
U0175,trial,33,30-40_Tier3,11,21,3,413,True,False,9,0.4953660855296466,0.7163354015959628,10
U0176,churned,281,20-30_Tier1,5,3,10,789,False,False,9,0.02696696193153768,0.2400287832743962,0
U0177,paid,234,30-40_Tier2,18,39,13,2305,True,False,22,0.5739100487700467,0.8697953154169044,10
U0178,paid,69,18-20_Tier1,5,7,15,392,True,True,16,0.619056265316279,0.6860305969881226,10
U0179,trial,85,20-30_Tier1,12,15,0,753,True,False,15,0.337722200922201,0.5862070470477976,4
U0180,churned,114,20-30_Tier1,10,12,12,830,False,False,20,0.14290556751514738,0.43305553921788786,0
U0181,churned,274,30-40_Tier3,2,5,4,323,True,True,9,0.1167525763022447,0.2106855943027395,0
U0182,churned,120,30-40_Tier3,14,29,7,1043,False,True,12,0.48550928076797495,0.7678299051461566,0
U0183,churned,331,20-30_Tier2,5,5,8,602,False,True,8,0.2444975246930113,0.42495935118619527,0
U0184,trial,148,18-20_Tier1,2,0,10,175,False,False,19,0.1442966745545635,0.3517784759803283,2
U0185,trial,44,30-40_Tier3,7,11,14,353,False,False,9,0.38947566048196847,0.44625585923769506,5
U0186,paid,39,20-30_Tier1,9,17,23,564,True,False,8,0.8831968030730369,0.8195701536146479,18
U0187,trial,160,30-40_Tier2,15,23,5,1234,True,False,12,0.44091878617017105,0.6940726908428313,10
U0188,churned,163,20-30_Tier1,6,8,8,652,False,False,15,0.11989025307191316,0.34926814027819686,0
U0189,paid,293,20-30_Tier2,5,4,15,945,False,False,9,0.22881491529868903,0.3604463840120342,5
U0190,churned,191,18-20_Tier1,0,0,10,83,False,False,21,0.0511237140455756,0.1735922351926422,0
U0191,churned,66,20-30_Tier2,1,0,17,135,False,True,20,0.09052969363413141,0.26118469326214677,0
U0192,churned,86,30-40_Tier2,8,10,4,587,False,True,21,0.27204657322488596,0.5678929143290983,0
U0193,paid,227,30-40_Tier3,10,10,15,1394,False,True,12,0.40212206947270807,0.4701463960636416,6
U0194,churned,134,30-40_Tier3,4,3,17,558,False,True,12,0.19438521953487917,0.24961410535700657,0
U0195,trial,269,30-40_Tier3,5,5,10,701,False,True,14,0.14395760371875746,0.6113710224111566,7
U0196,inactive,369,30-40_Tier3,4,2,3,519,True,False,21,0.2543199973400877,0.3556193489298005,0
U0197,churned,142,20-30_Tier2,3,4,12,254,False,False,14,0.4226248909255202,0.4015608316119507,0
U0198,paid,221,20-30_Tier1,6,10,5,601,True,False,12,0.2570741833081474,0.5678990037152406,3
U0199,churned,332,18-20_Tier1,4,8,16,670,False,False,17,0.28566320107480103,0.3226076441428628,0
U0200,paid,84,18-20_Tier1,13,20,8,739,True,False,8,0.5335188640233379,0.698224542144289,9
U0201,churned,204,18-20_Tier1,6,3,9,815,True,False,22,0.1794684914336697,0.5365213076899955,0
U0202,churned,122,30-40_Tier2,4,3,22,437,False,True,17,0.2160966034541908,0.3830395074713943,0
U0203,trial,251,20-30_Tier1,6,14,12,914,True,True,13,0.4541501503222133,0.7850871028679424,7
U0204,trial,297,20-30_Tier2,3,1,0,315,True,False,7,0.19746944146955125,0.3576236823918893,3
U0205,paid,57,20-30_Tier1,15,29,21,1165,True,False,11,0.2680728481544841,0.5637878390291118,12
U0206,churned,75,20-30_Tier2,4,5,11,229,True,True,15,0.31272294256406846,0.4852575924654457,0
U0207,trial,10,20-30_Tier2,2,3,9,0,False,False,22,0.5349557836379087,0.7193775542271041,9
U0208,churned,5,20-30_Tier2,1,0,19,38,False,False,14,0.09496064207784558,0.20631449072066713,0
U0209,paid,21,18-20_Tier1,12,10,4,452,True,False,22,0.4430940416871702,0.592366243024351,8
U0210,trial,283,30-40_Tier3,9,9,2,941,True,False,14,0.1781548921886072,0.5172726865283264,0
U0211,churned,361,20-30_Tier2,2,0,13,278,False,False,19,0.08137497544317769,0.25995872941434334,0
U0212,trial,164,30-40_Tier2,11,14,26,1665,False,True,7,0.14166105177008376,0.586781637041669,11
U0213,inactive,353,30-40_Tier3,4,2,14,553,False,False,19,0.15070826207732912,0.3532322320741387,0
U0214,trial,292,18-20_Tier1,9,13,7,1270,True,True,10,0.20910175558093172,0.3826710992768957,9
U0215,paid,323,20-30_Tier1,9,14,12,1268,False,False,12,0.3549210986852218,0.5219056196974269,6
U0216,paid,296,20-30_Tier2,10,20,5,1392,True,False,11,0.40748038651161184,0.8011571398874542,11
U0217,paid,80,30-40_Tier2,9,12,7,612,False,True,15,0.5273700779176781,0.5810385010510977,11
U0218,trial,209,20-30_Tier2,3,3,5,323,False,False,16,0.14248410854787985,0.23881228963076895,3
U0219,trial,210,18-20_Tier1,7,12,12,831,True,False,11,0.38787542021137666,0.443741350929332,4
U0220,churned,257,30-40_Tier2,3,1,6,255,False,False,6,0.09774461141134737,0.24346189825457284,0
U0221,paid,318,30-40_Tier2,13,14,10,2185,True,True,16,0.33006999292108535,0.38936427510648486,5
U0222,trial,45,18-20_Tier1,8,10,7,311,False,True,13,0.4059261786872832,0.5532429261436941,3
U0223,paid,270,30-40_Tier3,12,24,19,2238,True,True,20,0.7912309086165353,0.678294296225836,11
U0224,trial,333,30-40_Tier3,10,15,10,1750,False,True,17,0.4355403476207078,0.3894454421850563,6
U0225,churned,47,20-30_Tier1,5,7,22,465,False,True,12,0.29014106256784533,0.2752656947402101,0
U0226,trial,166,30-40_Tier2,12,14,12,1268,True,True,6,0.3488258583911578,0.5832235375199796,9
U0227,churned,358,30-40_Tier3,4,1,5,517,False,False,15,0.360407490498934,0.524804868903946,0
U0228,paid,10,20-30_Tier2,14,27,4,288,True,True,19,0.31849647973181044,0.6336522102236787,10
U0229,trial,65,18-20_Tier1,6,6,5,461,True,True,19,0.44983440208028097,0.5352470575257696,5
U0230,paid,321,20-30_Tier2,14,26,9,2011,True,False,11,0.41933607714258625,0.3988196004348561,7
U0231,trial,69,20-30_Tier1,5,6,14,426,False,True,9,0.4182572289748998,0.4035646410103314,4
U0232,paid,281,30-40_Tier3,10,11,11,1709,False,True,7,0.29001698597896003,0.48433539950601545,4
U0233,trial,360,18-20_Tier1,5,5,10,898,False,True,16,0.3303653559008784,0.5398774071539109,7
U0234,paid,199,30-40_Tier3,8,14,15,1235,False,True,10,0.34546056960323257,0.6297232340096696,7
U0235,inactive,194,20-30_Tier1,1,0,10,63,False,True,19,0.06740466706288258,0.3111416605490019,0
U0236,trial,172,20-30_Tier1,7,3,11,771,False,True,16,0.15211782574912477,0.42257390555175195,4
U0237,churned,149,20-30_Tier1,8,9,5,696,False,False,6,0.2939714329084561,0.6022619836399755,0
U0238,paid,152,18-20_Tier1,15,27,6,1317,False,True,17,0.4869502786080028,0.8678114221891773,11
U0239,paid,221,30-40_Tier2,9,16,14,1222,False,True,10,0.5880781076919713,0.770961641971129,4
U0240,churned,358,30-40_Tier2,3,1,6,525,True,False,20,0.07296684060153509,0.36685905913123473,0
U0241,paid,392,20-30_Tier1,13,32,12,2530,False,False,6,0.7678052338437932,0.6578260499426201,13
U0242,trial,346,18-20_Tier1,7,12,5,884,False,False,12,0.12439947608141678,0.5620278666122065,4
U0243,paid,48,30-40_Tier3,5,7,12,203,False,False,6,0.18696638356543402,0.651637222241063,6
U0244,churned,123,30-40_Tier2,17,28,11,1653,False,False,16,0.2188065991314643,0.7522943484241327,0
U0245,paid,303,20-30_Tier1,8,10,5,1020,True,False,14,0.5915813442536755,0.6939332926954016,8
U0246,churned,218,30-40_Tier2,10,10,3,983,False,False,15,0.05328257297177011,0.5549781386082884,0
U0247,paid,134,20-30_Tier1,15,25,17,1863,True,True,17,0.4559073802712732,0.6766263801040124,12
U0248,paid,125,30-40_Tier2,3,2,13,265,True,True,21,0.24316385973740343,0.3528551075402546,4
U0249,paid,47,20-30_Tier2,6,13,10,265,True,False,12,0.6340158148820677,0.6197234418265769,11
U0250,trial,133,18-20_Tier1,11,12,17,1390,False,False,15,0.19534423656520852,0.6846953758525168,8
U0251,churned,169,30-40_Tier2,14,16,15,2017,False,False,16,0.6265437512222861,0.4754196390126829,0
U0252,churned,166,18-20_Tier1,7,10,13,753,False,True,20,0.21595887578163836,0.43109413225612614,0
U0253,paid,219,30-40_Tier3,8,14,12,800,False,False,9,0.2973440103898133,0.634266014423573,5
U0254,trial,109,18-20_Tier1,10,13,9,710,False,False,14,0.3742720118293845,0.5108869293974504,14
U0255,trial,83,30-40_Tier3,7,9,6,449,False,False,20,0.3960289670322271,0.5580652185594005,8
U0256,trial,355,20-30_Tier1,7,11,6,952,True,False,10,0.22691089254060406,0.37597887161822874,7
U0257,churned,162,20-30_Tier2,1,1,13,0,True,False,12,0.019480847539501904,0.19368298318619231,0
U0258,trial,102,30-40_Tier3,11,21,14,953,True,True,13,0.3878916071744177,0.6247869677448987,11
U0259,churned,254,30-40_Tier3,5,2,12,759,False,False,18,0.432847450653767,0.3661275736955718,0
U0260,paid,217,20-30_Tier2,15,33,8,1547,False,True,17,0.48357219978914906,0.8206228058596393,8
U0261,churned,231,20-30_Tier1,12,18,2,1131,False,False,8,0.4263702400057636,0.7599608662968019,0
U0262,trial,89,30-40_Tier2,9,14,4,573,False,False,9,0.47848312465126763,0.465164416573001,5
U0263,trial,289,30-40_Tier3,4,3,11,632,False,False,19,0.11523903871721365,0.29196015096500216,2
U0264,churned,77,20-30_Tier1,5,3,21,412,False,True,17,0.2227846306281408,0.17235141700848522,0
U0265,paid,334,20-30_Tier1,3,5,7,374,True,False,14,0.38072060671096974,0.5168234351408783,9
U0266,trial,170,30-40_Tier3,11,14,11,1301,False,True,13,0.3171355775382174,0.6166293143609223,3
U0267,inactive,164,20-30_Tier1,2,1,13,236,False,False,22,0.1676217520807918,0.10590210808576958,0
U0268,churned,156,20-30_Tier2,5,7,10,476,False,False,21,0.31267727636881243,0.44289346187203865,0
U0269,churned,169,20-30_Tier1,2,1,8,244,True,False,12,0.09906468568749209,0.32390107708069593,0
U0270,trial,266,20-30_Tier2,5,4,15,667,True,False,11,0.21475622590569618,0.3543805439690688,4
U0271,trial,199,20-30_Tier2,11,14,15,1429,False,False,20,0.3954176595018824,0.47739319538341435,7
U0272,churned,51,20-30_Tier2,0,0,10,0,False,False,11,0.061444563772272476,0.3427316400814397,0
U0273,churned,226,20-30_Tier2,3,5,22,501,False,False,13,0.17327733441786505,0.231707002794796,0
U0274,trial,107,20-30_Tier1,6,6,4,489,False,False,21,0.28515737060064106,0.495807796375127,2
U0275,paid,44,18-20_Tier1,12,17,7,674,True,False,7,0.3645540736574898,0.49225320832097297,3
U0276,paid,336,30-40_Tier2,11,17,13,1731,True,False,17,0.3008106175198836,0.5930699357154018,6
U0277,churned,125,20-30_Tier1,2,4,5,148,False,True,17,0.35586630179371315,0.3599501016326603,0
U0278,paid,238,18-20_Tier1,8,9,8,932,True,False,12,0.36382792219182786,0.4392493984690685,8
U0279,trial,69,20-30_Tier2,9,12,9,598,True,False,9,0.4599229866847274,0.6866543769883894,7
U0280,churned,136,30-40_Tier3,4,4,15,548,False,True,20,0.13407541735681985,0.247477442063804,0
U0281,trial,154,30-40_Tier2,7,2,14,767,False,False,19,0.2636244783566818,0.5952326831657799,7
U0282,paid,54,20-30_Tier2,18,30,20,1242,True,False,20,0.49273815149311356,0.854151917843049,8
U0283,paid,389,30-40_Tier3,4,4,20,787,True,True,11,0.35205860915065496,0.22710242138274958,4
U0284,trial,125,30-40_Tier2,9,19,8,778,False,False,22,0.5552771924040806,0.659313207056919,9
U0285,paid,233,30-40_Tier3,7,13,20,1277,True,True,18,0.508724327828157,0.7076498625730067,14
U0286,churned,226,30-40_Tier3,9,6,1,614,False,False,10,0.08721185659979838,0.35316264421040167,0
U0287,churned,172,20-30_Tier2,3,2,11,374,False,True,14,0.269608182317026,0.34417079139793305,0
U0288,trial,234,18-20_Tier1,8,18,9,995,True,True,11,0.5795747838971073,0.669817415115669,9
U0289,churned,226,20-30_Tier2,4,7,3,401,False,True,15,0.49162133305002254,0.42560587343521594,0
U0290,inactive,32,30-40_Tier3,5,5,9,321,False,False,9,0.24855646847695773,0.42397315298199323,0
U0291,trial,267,30-40_Tier2,5,5,9,747,False,False,18,0.18627605452445745,0.3781954601416002,1
U0292,paid,46,20-30_Tier1,7,14,4,204,True,False,13,0.4549356358136489,0.7750303326979293,10
U0293,churned,174,30-40_Tier3,4,4,10,505,False,True,17,0.1306479035258715,0.2179230788926905,0
U0294,churned,146,30-40_Tier3,3,0,8,338,False,False,16,0.07037144164640842,0.36419905014180964,0
U0295,trial,179,30-40_Tier2,5,11,14,640,True,False,17,0.21240261648184694,0.5352766201763478,9
U0296,paid,29,18-20_Tier1,16,28,16,707,False,False,18,0.3838123374261654,0.8782250589825462,13
U0297,churned,280,30-40_Tier2,9,10,4,874,True,False,17,0.27888110905537333,0.6402267005226749,0
U0298,paid,168,30-40_Tier3,12,14,16,1370,False,False,14,0.1391681396746372,0.48613786391210756,3
U0299,paid,25,20-30_Tier2,15,33,20,722,True,False,15,0.5834233644695896,0.7198076604332039,5
U0300,churned,2,30-40_Tier2,1,0,4,0,True,False,16,0.4198521708482278,0.40127729403928764,0
U0301,paid,216,30-40_Tier3,7,16,9,883,False,True,19,0.5021715474044736,0.4863286910056132,13
U0302,paid,266,30-40_Tier2,7,6,10,1222,False,True,14,0.141528471777644,0.3404283494335469,3
U0303,paid,219,30-40_Tier2,9,6,14,1457,False,True,11,0.2627676823100993,0.5059536982945843,7
U0304,paid,288,20-30_Tier2,14,18,7,2131,False,False,10,0.5065152463010485,0.770047838180122,9
U0305,trial,302,18-20_Tier1,4,5,3,519,False,False,9,0.2521576440992025,0.5351570518995694,4
U0306,trial,348,20-30_Tier1,5,4,10,838,True,False,16,0.4480955026240779,0.46869884969566317,7
U0307,churned,393,20-30_Tier2,2,1,14,404,False,False,18,0.39063983422266557,0.4012337066835936,0
U0308,churned,354,30-40_Tier2,5,3,9,864,False,True,11,0.043195225947251274,0.26602518162215083,0
U0309,trial,318,20-30_Tier1,4,3,12,783,True,True,15,0.03128650918518823,0.24957858173648556,0
U0310,trial,172,20-30_Tier1,20,34,11,2089,True,False,12,0.4992504592340644,0.7577572356077852,9
U0311,trial,202,20-30_Tier1,2,1,10,304,False,True,21,0.387241205995701,0.323577212408376,6
U0312,paid,246,20-30_Tier1,11,17,15,1318,True,False,21,0.36814548514635176,0.39303644405802785,9
U0313,paid,68,30-40_Tier2,10,8,18,726,True,True,22,0.5063921485200307,0.5769861076653522,10
U0314,paid,271,18-20_Tier1,4,1,10,563,False,False,20,0.29672496152163763,0.2883779718517117,5
U0315,churned,235,30-40_Tier2,7,7,11,799,False,False,20,0.16720848574302855,0.36307015235477924,0
U0316,paid,208,18-20_Tier1,5,5,13,650,False,False,15,0.3769425041195291,0.4400596599765143,6
U0317,churned,333,30-40_Tier3,9,11,13,1398,True,False,15,0.34780189831437736,0.5909976008374207,0
U0318,paid,275,30-40_Tier2,4,4,10,586,True,True,11,0.17948423136840808,0.5425506036285395,8
U0319,inactive,373,30-40_Tier3,3,0,7,427,False,False,18,0.16284617160320597,0.2791107542849136,0
U0320,trial,390,20-30_Tier1,14,27,1,1805,True,False,11,0.33522635783295934,0.6885145775761294,5
U0321,trial,330,20-30_Tier2,7,16,18,1150,False,False,11,0.3814517928476859,0.46285406647173377,7
U0322,churned,119,20-30_Tier2,3,2,14,255,False,True,22,0.15242946338282506,0.3553247507040536,0
U0323,trial,76,18-20_Tier1,12,22,15,865,False,False,6,0.616849186855206,0.7881414632885513,10
U0324,paid,120,30-40_Tier2,14,22,24,1631,True,True,8,0.6721066101248243,0.7572700134095794,11
U0325,paid,285,18-20_Tier1,11,18,10,1914,False,True,19,0.4278050133059309,0.7991861483019643,7
U0326,paid,345,30-40_Tier3,17,32,8,2101,True,False,17,0.5085992741717232,0.9586013172444507,5
U0327,paid,352,30-40_Tier3,16,28,11,2454,True,False,19,0.5297240264959862,0.7912064488204084,11
U0328,paid,273,20-30_Tier1,10,12,11,1321,True,True,13,0.38741185653894966,0.4504394148081916,5
U0329,trial,272,20-30_Tier1,15,25,13,2241,True,True,6,0.481984554154959,0.5590876525226823,12
U0330,trial,380,18-20_Tier1,14,30,6,2167,True,True,11,0.7134444440542388,0.7101715677364404,9
U0331,churned,274,20-30_Tier1,1,0,13,100,False,False,20,0.13502051505132343,0.2209012675643611,0
U0332,inactive,57,20-30_Tier1,2,1,18,44,False,False,17,0.016647953761457307,0.23056573473862618,0
U0333,churned,200,30-40_Tier2,4,3,9,392,True,False,20,0.24523999925670023,0.2982131221892206,0
U0334,paid,144,30-40_Tier2,9,17,9,899,True,True,6,0.2780674796611636,0.7473877242694852,9
U0335,inactive,255,18-20_Tier1,4,0,9,564,True,True,11,0.0994753352421353,0.41310091664414295,0
U0336,paid,254,18-20_Tier1,2,2,17,145,False,False,17,0.12343762094295396,0.33645752495140446,2
U0337,trial,118,30-40_Tier2,3,1,13,228,False,True,6,0.4906777199347092,0.5226683743464897,6
U0338,trial,120,20-30_Tier2,6,8,5,443,False,True,13,0.1866589105115845,0.5131948452065913,4
U0339,trial,36,30-40_Tier3,11,19,7,485,False,False,20,0.6192526361981436,0.5447780703615085,7
U0340,inactive,118,30-40_Tier2,5,4,4,254,False,False,8,0.16503514206804976,0.3075454450992696,0
U0341,paid,331,30-40_Tier2,4,6,11,631,True,False,7,0.2506396756718679,0.5249003802831333,6
U0342,churned,262,30-40_Tier3,11,17,13,1830,True,False,16,0.3370959378905756,0.6383089553111326,0
U0343,paid,377,20-30_Tier2,11,25,6,1428,True,True,9,0.6564964698915986,0.9147800479148163,10
U0344,churned,370,30-40_Tier2,12,10,11,1857,False,False,9,0.39051014147603175,0.4427998555209754,0
U0345,paid,342,18-20_Tier1,7,13,5,705,False,False,15,0.346423028251545,0.5673806317291172,7
U0346,paid,72,18-20_Tier1,17,26,7,944,False,False,16,0.6381568992756343,0.7646676604044376,5
U0347,inactive,134,20-30_Tier1,2,1,6,47,False,False,19,0.16418610091784416,0.2479988404573145,0
U0348,trial,23,20-30_Tier1,6,7,14,262,True,False,7,0.16921499924868388,0.4140041310499717,5
U0349,churned,38,20-30_Tier1,17,34,11,996,False,True,19,0.49029024200252586,0.6610308263346315,0
U0350,trial,93,30-40_Tier2,6,9,8,435,False,False,17,0.5305694796329082,0.441805543631028,3
U0351,trial,112,20-30_Tier1,8,9,10,580,True,False,17,0.3410594742584588,0.4464755721800067,6
U0352,churned,7,30-40_Tier2,3,5,12,9,False,False,10,0.25012328215462554,0.21518197791706745,0
U0353,paid,337,18-20_Tier1,11,17,5,1485,True,False,20,0.4046559457239416,0.7195312171750876,9
U0354,paid,211,20-30_Tier1,14,13,10,1482,False,False,8,0.2639043147361777,0.5200328880417299,8
U0355,trial,262,20-30_Tier2,6,7,10,831,True,False,17,0.33981919807754174,0.3042126574766614,2
U0356,churned,261,30-40_Tier3,3,1,9,372,False,True,8,0.3369794159647449,0.34287936337764957,0
U0357,paid,386,20-30_Tier1,8,11,3,830,False,False,16,0.5774346158526548,0.6076147235134147,10
U0358,trial,59,20-30_Tier2,2,1,4,158,False,False,13,0.027191275911521606,0.3522083394839672,2
U0359,paid,137,20-30_Tier2,7,7,18,766,True,False,8,0.29227657327396145,0.49683292354062514,10
U0360,paid,124,18-20_Tier1,11,8,11,913,True,False,9,0.598672300198966,0.6702644504154737,4
U0361,paid,221,20-30_Tier1,8,12,10,928,False,False,13,0.4101538202915827,0.6721928205547832,11
U0362,paid,210,20-30_Tier1,9,11,10,1141,False,False,12,0.5073271949694528,0.7113669999329194,10
U0363,paid,316,20-30_Tier2,6,7,9,770,False,False,13,0.515439546693413,0.34778685708340484,6
U0364,trial,224,18-20_Tier1,13,23,12,1879,True,True,13,0.16852712126960082,0.6364202309497902,8
U0365,churned,94,30-40_Tier2,6,10,11,424,False,False,6,0.2690599913824039,0.6723095973447313,0
U0366,churned,226,20-30_Tier2,5,5,6,492,False,False,13,0.3143867069219314,0.5004483439360223,0
U0367,paid,385,18-20_Tier1,10,15,14,2085,True,True,12,0.41209211751867714,0.7224295498068725,5
U0368,inactive,231,20-30_Tier1,0,0,7,0,False,False,12,0.010914708177232578,0.23798325446558086,0
U0369,trial,237,20-30_Tier2,6,10,20,972,True,False,9,0.30384850892561077,0.4851240818645153,7
U0370,trial,71,20-30_Tier1,11,21,13,909,True,False,9,0.5398285037131673,0.5010389091409825,16
U0371,churned,4,30-40_Tier2,15,19,7,167,False,False,7,0.4801030288842277,0.6119010271442011,0
U0372,churned,84,30-40_Tier2,7,8,5,536,True,False,16,0.4137171677318773,0.60773998492617,0
U0373,trial,11,30-40_Tier2,7,0,15,273,False,False,15,0.349722426171675,0.4134800188159059,5
U0374,trial,181,30-40_Tier2,2,2,4,123,False,False,19,0.3001440741958608,0.44881012870349657,1
U0375,paid,353,30-40_Tier3,9,15,7,1219,False,True,10,0.6685015734143414,0.6567774194396444,9
U0376,paid,179,20-30_Tier2,9,11,8,799,False,False,12,0.4652026657885423,0.46410317019982794,11
U0377,churned,258,30-40_Tier2,3,0,12,472,False,True,9,0.25517724947104276,0.26213967628471424,0
U0378,trial,342,20-30_Tier1,8,16,13,1131,True,False,21,0.7523609733209294,0.5618038749811047,7
U0379,paid,305,30-40_Tier2,14,34,12,2297,True,True,19,0.6285807020649374,0.6529450625536107,10
U0380,trial,260,20-30_Tier2,1,1,9,180,False,False,8,0.46963734415651903,0.6565531977268033,8
U0381,trial,313,30-40_Tier3,11,12,11,1788,False,True,19,0.17950361205702461,0.5278455040208565,4
U0382,paid,112,18-20_Tier1,15,12,13,1597,True,False,21,0.20668427752312124,0.5164747559700069,14
U0383,paid,168,30-40_Tier3,6,8,12,709,True,False,17,0.29809550240076904,0.5508762329599766,4
U0384,churned,160,20-30_Tier1,5,7,5,568,True,True,22,0.2717951663611895,0.2564696341600573,0
U0385,paid,319,30-40_Tier3,7,9,3,791,True,True,9,0.37340975120356196,0.37034206842284934,2
U0386,inactive,164,20-30_Tier1,7,2,9,899,False,False,10,0.11639226824787698,0.23802368526336942,0
U0387,trial,375,30-40_Tier2,9,6,16,1674,False,True,16,0.1687483808940765,0.38111492937822444,5
U0388,trial,75,20-30_Tier1,5,4,11,518,False,False,15,0.15515106752629187,0.40510186924565383,3
U0389,trial,69,30-40_Tier3,10,22,17,665,True,False,18,0.656595283849518,0.712069176253304,11
U0390,churned,286,30-40_Tier2,9,15,4,1006,False,False,22,0.21800829340084632,0.5385570053952065,0
U0391,churned,305,20-30_Tier1,1,1,16,211,False,True,9,0.13504488006003507,0.3219568252942417,0
U0392,trial,271,18-20_Tier1,8,13,9,1097,False,False,20,0.25329131277689604,0.5668414401562065,6
U0393,churned,123,30-40_Tier3,15,22,4,1179,True,False,8,0.4620854284693701,0.599870035218344,0
U0394,trial,4,30-40_Tier3,15,17,14,328,True,True,13,0.36034983002524645,0.8020392262228393,6
U0395,paid,129,18-20_Tier1,5,7,4,378,False,False,13,0.30423206550212506,0.2553638802748316,1
U0396,trial,187,20-30_Tier1,8,7,12,1050,True,True,19,0.3774810258295704,0.5408885438684827,6
U0397,churned,165,20-30_Tier1,5,4,11,444,True,False,13,0.054565313774874155,0.16717464308914035,0
U0398,inactive,368,20-30_Tier1,3,4,15,619,True,True,20,0.18428950162278274,0.30438187619239393,0
U0399,trial,345,18-20_Tier1,10,18,14,1706,False,True,8,0.19802560319343285,0.5411141973929242,3
U0400,trial,310,30-40_Tier2,6,6,8,578,False,True,22,0.403923600507193,0.5655872531459478,4
U0401,paid,9,30-40_Tier2,17,25,13,479,False,False,9,0.6268698881634118,0.9202660581385707,15
U0402,paid,51,30-40_Tier2,4,2,11,296,False,False,16,0.27717192568902577,0.48604131214177904,5
U0403,churned,174,20-30_Tier2,7,10,13,961,True,True,14,0.38257438383044257,0.5780435372780297,0
U0404,trial,249,30-40_Tier3,8,6,6,879,False,True,7,0.25056011500801606,0.6153232671977519,7
U0405,churned,272,30-40_Tier2,3,5,10,478,True,False,14,0.19350620820066475,0.48521089979993065,0
U0406,trial,119,18-20_Tier1,11,16,8,831,True,True,20,0.24365791522101876,0.4436150550390049,5
U0407,churned,45,20-30_Tier2,3,4,9,262,False,False,15,0.11078759336873341,0.480624819142408,0
U0408,paid,131,18-20_Tier1,11,12,11,1074,True,False,17,0.2766059212009494,0.5881850818973519,8
U0409,trial,317,20-30_Tier2,3,2,14,620,False,False,22,0.198756252841208,0.4744530387508845,5
U0410,paid,394,20-30_Tier1,6,5,5,924,False,False,11,0.18066461913727513,0.33143658763553996,3
U0411,churned,376,30-40_Tier3,7,8,6,1026,False,False,6,0.2879846692509126,0.5362758414969968,0
U0412,churned,237,30-40_Tier3,5,5,12,808,False,True,17,0.17462583240090948,0.29576684013139104,0
U0413,trial,37,20-30_Tier2,9,4,7,375,False,False,19,0.3429690379793317,0.3577578128135579,5
U0414,trial,387,30-40_Tier2,11,10,12,2293,False,True,8,0.41243903671906446,0.5254680197022286,10
U0415,churned,62,30-40_Tier2,7,2,11,452,False,True,11,0.4059451276382215,0.5121253540930443,0
U0416,trial,108,20-30_Tier2,5,3,15,463,False,False,12,0.1043667468923977,0.2524913279661288,5
U0417,paid,389,30-40_Tier3,9,14,14,1512,False,False,18,0.6217900404134047,0.6648482375035321,9
U0418,paid,202,30-40_Tier2,12,25,11,1743,False,False,20,0.4211589338830595,0.5510858894477649,12
U0419,trial,79,20-30_Tier1,8,7,13,600,False,False,18,0.13931979324656105,0.5381711341823733,7
U0420,churned,201,20-30_Tier1,14,20,13,1509,False,True,11,0.2179455453137463,0.5542687044913686,0
U0421,churned,32,20-30_Tier2,2,2,25,105,True,False,16,0.36345824899796303,0.30015911704283676,0
U0422,trial,126,30-40_Tier3,13,27,12,1297,False,False,10,0.23451834172958033,0.6395672731505706,9
U0423,paid,380,18-20_Tier1,9,14,13,1536,False,False,16,0.6289375808367538,0.8552257493392149,11
U0424,paid,120,20-30_Tier2,12,24,7,886,True,True,22,0.46469124127659733,0.6712862730341547,5
U0425,trial,357,20-30_Tier2,18,27,12,3054,True,False,17,0.6387102813622482,0.8804254959287929,12
U0426,churned,217,30-40_Tier3,8,6,11,1000,False,False,19,0.3635326987292242,0.5524437709227272,0
U0427,paid,262,30-40_Tier2,6,9,2,539,False,False,18,0.2559086016716391,0.5252376582638172,9
U0428,churned,281,20-30_Tier1,2,2,1,195,True,False,14,0.1623159684816172,0.2738823808939018,0
U0429,trial,221,18-20_Tier1,13,17,10,1400,False,True,8,0.43036218063237347,0.5359295816515276,8
U0430,churned,14,18-20_Tier1,7,5,2,101,False,True,22,0.43655193105284346,0.6272663831121262,0
U0431,churned,367,18-20_Tier1,4,0,12,662,False,False,12,0.016228963301652695,0.194387870210434,0
U0432,paid,190,20-30_Tier2,6,5,3,558,False,True,21,0.24272508474182156,0.5441439690871666,6
U0433,paid,262,30-40_Tier2,14,25,8,1641,True,False,20,0.35483044698653954,0.7258482696222549,7
U0434,churned,221,30-40_Tier2,3,1,6,284,False,False,17,0.4294186677713503,0.3475810749687509,0
U0435,trial,263,30-40_Tier2,6,9,4,631,False,False,15,0.6282538250216201,0.584732540050666,7
U0436,churned,142,20-30_Tier2,5,3,11,513,True,False,10,0.11399415924303267,0.39666870032996493,0
U0437,paid,337,20-30_Tier2,16,23,7,2320,True,False,8,0.5801802066821508,0.8284877740545489,5
U0438,trial,90,30-40_Tier3,12,17,15,1158,True,True,20,0.18572510884675356,0.6386683533275186,11
U0439,churned,261,20-30_Tier1,8,5,15,1344,False,True,22,0.13726366979953267,0.41825969705705524,0
U0440,paid,231,20-30_Tier2,12,21,10,1782,False,True,17,0.6549727649354349,0.6810904542955306,12
U0441,inactive,201,20-30_Tier1,5,4,5,470,False,False,22,0.037297068996293106,0.4418927598474064,0
U0442,churned,9,20-30_Tier1,8,13,15,159,True,True,9,0.30984366398363766,0.47274335874613815,0
U0443,paid,156,18-20_Tier1,12,14,23,1442,True,False,14,0.43628765467377933,0.6895436020240844,15
U0444,churned,19,30-40_Tier2,6,4,0,142,False,False,8,0.3297727616357559,0.1844788452986784,0
U0445,churned,201,20-30_Tier2,1,0,10,94,False,False,15,0.0844286198215475,0.27599379101795896,0
U0446,trial,275,20-30_Tier1,7,9,15,1096,True,False,21,0.6777018629100304,0.5137221237849724,5
U0447,trial,209,30-40_Tier2,7,6,9,686,True,False,10,0.2809706468200438,0.44523453082747344,1
U0448,churned,303,18-20_Tier1,4,0,16,588,False,False,13,0.11566095187352897,0.2518215518280992,0
U0449,paid,144,30-40_Tier3,8,11,10,888,False,False,14,0.04442361898037974,0.45661250895284466,5
U0450,churned,123,18-20_Tier1,5,0,15,461,True,True,13,0.11144769648527876,0.14217774379619752,0
U0451,inactive,179,20-30_Tier2,2,1,16,248,False,True,22,0.15860662299762207,0.42799809694790203,0
U0452,churned,92,20-30_Tier1,10,15,8,938,False,True,13,0.0658591486169573,0.43596826103485853,0
U0453,trial,320,18-20_Tier1,10,0,4,1105,False,False,10,0.37318764961647316,0.6093895400914331,6
U0454,paid,324,18-20_Tier1,9,14,5,1199,True,False,11,0.22975309829454116,0.43044599189280747,6
U0455,paid,167,20-30_Tier1,9,11,17,967,False,False,11,0.4293796290633538,0.5847985676276473,4
U0456,trial,317,30-40_Tier2,6,8,7,722,True,True,11,0.26161708117558,0.5949021742381436,7
U0457,paid,11,30-40_Tier2,5,2,14,98,False,True,21,0.5295960693404846,0.837674858892391,17
U0458,trial,62,30-40_Tier3,3,1,12,212,False,False,14,0.145419892329249,0.2522353593310923,1
U0459,trial,113,30-40_Tier2,11,16,4,713,True,False,12,0.3738530995673886,0.5127749235966423,6
U0460,paid,155,20-30_Tier2,4,5,13,405,True,False,8,0.49567654659368027,0.6500068669588726,8
U0461,paid,93,30-40_Tier2,7,10,11,568,False,False,22,0.5769172891659562,0.7895101699361756,15
U0462,churned,205,30-40_Tier3,6,1,11,625,True,True,8,0.14418146950033103,0.33880666587793595,0
U0463,inactive,317,20-30_Tier2,2,1,12,263,True,False,11,0.1961476352879547,0.3591945483643433,0
U0464,trial,183,20-30_Tier2,11,17,21,1489,False,True,17,0.2090177545002273,0.6551286195905851,10
U0465,churned,180,18-20_Tier1,14,20,3,1284,True,False,6,0.21722736699042008,0.5956216118697178,0
U0466,trial,24,18-20_Tier1,14,29,16,645,True,True,11,0.7256035661383594,0.7269863355973679,13
U0467,paid,112,30-40_Tier3,8,12,8,808,False,True,22,0.29912168300013153,0.7655186472104027,8
U0468,churned,323,30-40_Tier3,10,9,5,1479,True,True,6,0.18979452934380556,0.5806352607917197,0
U0469,paid,324,20-30_Tier1,10,15,10,1435,True,False,10,0.8836607307425409,0.7966338782856608,6
U0470,churned,42,30-40_Tier3,1,0,9,81,True,False,7,0.10661503928405405,0.19329752694030836,0
U0471,paid,8,18-20_Tier1,14,33,4,287,False,False,17,0.692889405198814,0.7796317784849978,10
U0472,trial,332,30-40_Tier3,8,13,7,1001,True,False,6,0.4579497518278759,0.6858557455810779,8
U0473,trial,70,20-30_Tier2,5,3,11,291,False,False,6,0.03848713730756939,0.33091729381045853,5
U0474,trial,230,20-30_Tier2,9,12,10,1261,False,False,14,0.07792005774999328,0.3754439586069709,4
U0475,trial,330,30-40_Tier2,11,28,11,1874,False,False,18,0.6849457222599601,0.6883986028633612,11
U0476,churned,315,20-30_Tier1,7,11,15,1526,True,False,21,0.16028580150424523,0.4122205595053676,0
U0477,trial,220,20-30_Tier2,6,3,8,569,True,True,9,0.22507330180966326,0.5269130331229518,6
U0478,trial,151,20-30_Tier1,9,12,16,1040,True,False,15,0.41384761848614227,0.7249729079607934,7
U0479,trial,309,30-40_Tier2,9,9,8,1098,False,False,19,0.41976855746002695,0.504037807522713,5
U0480,churned,278,20-30_Tier2,6,8,10,1036,False,True,18,0.28449448441935277,0.35363330699231854,0
U0481,trial,335,20-30_Tier2,13,23,8,1789,True,False,22,0.4042555361474473,0.8903767306426041,11
U0482,inactive,206,30-40_Tier2,4,3,9,483,False,True,7,0.08759755745301039,0.21896993070374068,0
U0483,trial,376,30-40_Tier3,12,20,7,1339,True,False,6,0.2447557972441067,0.7812708549571681,5
U0484,paid,308,30-40_Tier3,7,11,12,1129,False,False,17,0.6059193586726098,0.5392260671056144,7
U0485,churned,26,30-40_Tier2,2,4,4,114,False,False,12,0.20571966666178415,0.44354437773811284,0
U0486,paid,118,18-20_Tier1,4,2,22,530,True,True,18,0.0654087184046986,0.3517569144710264,8
U0487,churned,319,30-40_Tier2,7,8,8,1022,False,False,18,0.4539888365379435,0.5318029207640623,0
U0488,paid,47,30-40_Tier2,19,29,9,894,False,False,13,0.3768676208222065,0.6426765119114768,5
U0489,churned,283,18-20_Tier1,7,15,13,986,True,False,22,0.6887153131692426,0.5989896326349733,0
U0490,paid,136,18-20_Tier1,8,7,10,660,True,False,20,0.39893868706543756,0.36327459733795925,8
U0491,churned,83,20-30_Tier2,8,10,2,416,False,False,12,0.18183043650971825,0.4623043185207183,0
U0492,trial,216,20-30_Tier1,6,9,10,655,False,True,6,0.437700775777277,0.47298951343840906,6
U0493,churned,372,30-40_Tier2,1,0,7,136,True,False,22,0.06291834643507745,0.34744169356164756,0
U0494,churned,359,30-40_Tier2,5,8,12,711,True,False,22,0.4849043247026082,0.5505349870974022,0
U0495,trial,162,20-30_Tier1,4,3,19,522,False,False,21,0.18723061936006832,0.25480238627239205,2
U0496,trial,2,18-20_Tier1,4,3,11,0,False,True,6,0.11164434623201695,0.38405230908518406,5
U0497,paid,355,20-30_Tier1,19,24,16,3590,True,False,18,0.7100186105900802,0.8369862828393575,17
U0498,churned,359,30-40_Tier3,9,11,10,1354,False,True,22,0.2124883265758687,0.2689578901715044,0
U0499,paid,242,30-40_Tier3,6,7,14,725,False,True,12,0.16815212520781467,0.526622287434749,7
U0500,churned,251,20-30_Tier2,3,2,3,294,True,False,18,0.124747000854098,0.4430479537869737,0
U0501,churned,211,30-40_Tier3,10,3,12,1129,False,False,15,0.05456751942296719,0.370464440613121,0
U0502,churned,5,20-30_Tier2,11,14,14,137,True,True,13,0.5185642900003353,0.6564317453515693,0
U0503,trial,64,30-40_Tier3,8,10,9,621,True,True,18,0.21204465532456368,0.4393970460318718,7
U0504,churned,58,18-20_Tier1,7,2,14,598,False,True,15,0.14575147269402833,0.46033050620096827,0
U0505,trial,365,20-30_Tier2,10,14,9,1506,True,False,17,0.2612676426294333,0.4905088190002266,12
U0506,trial,20,18-20_Tier1,16,23,10,774,True,True,9,0.5398245854937943,0.5703846141602475,8
U0507,churned,223,18-20_Tier1,3,2,7,292,False,False,10,0.07200517476528323,0.4006076059479047,0
U0508,trial,145,18-20_Tier1,11,11,11,997,False,False,16,0.31305120291511895,0.6119404657747436,7
U0509,trial,3,18-20_Tier1,21,37,7,220,False,False,15,0.7964873889184303,0.7408280538605798,12
U0510,paid,367,30-40_Tier3,10,11,7,1399,True,True,12,0.38362741131757216,0.39491942450447287,7
U0511,churned,8,30-40_Tier2,3,1,9,102,False,False,20,0.05646432092783182,0.2711326005323341,0
U0512,churned,342,20-30_Tier2,3,3,4,349,False,False,11,0.10420060398859772,0.41842921909626857,0
U0513,paid,311,30-40_Tier3,9,12,4,1049,False,True,14,0.3507318040074032,0.5664211332479961,7
U0514,churned,317,20-30_Tier2,5,0,15,842,True,True,11,0.20361088439954017,0.11884324380861279,0
U0515,paid,65,20-30_Tier2,11,24,9,854,True,True,15,0.6697375113420192,0.9145562424205524,8
U0516,trial,352,20-30_Tier2,13,22,8,1797,True,False,15,0.7900399989290778,0.7889109708704237,8
U0517,paid,239,20-30_Tier2,6,9,13,827,False,False,11,0.311469851390818,0.6258822564606787,7
U0518,churned,161,20-30_Tier2,8,4,9,910,False,True,19,0.11467605878255743,0.47854485651358347,0
U0519,paid,272,30-40_Tier3,4,4,9,606,False,False,8,0.37145873575062455,0.5322994960689973,7
U0520,trial,137,30-40_Tier3,12,20,4,1056,False,False,19,0.21845738605215184,0.6879069245826124,4
U0521,paid,112,18-20_Tier1,5,5,4,397,False,True,7,0.3927895516713968,0.32924716176453206,7
U0522,trial,116,30-40_Tier2,4,2,8,339,False,True,10,0.7092328401972674,0.7350491739054008,11
U0523,churned,228,18-20_Tier1,1,1,9,176,False,True,12,0.2204456837004194,0.48061569475513466,0
U0524,paid,240,30-40_Tier2,4,2,3,354,True,False,13,0.32802262422172146,0.534417186094716,3
U0525,churned,96,30-40_Tier3,5,5,18,351,False,True,16,0.28269244411401906,0.4177109355431269,0
U0526,churned,98,30-40_Tier2,3,5,12,250,True,False,21,0.22467294156551273,0.4258394284986908,0
U0527,trial,378,20-30_Tier2,12,16,4,1673,True,True,18,0.5410279494551683,0.7058814333386749,10
U0528,paid,206,30-40_Tier3,8,11,17,1216,True,True,15,0.24806036695766448,0.5165985172834888,8
U0529,inactive,344,30-40_Tier2,2,2,7,244,False,False,7,0.30031457789159166,0.3309082196246549,0
U0530,paid,132,30-40_Tier2,9,7,12,1002,True,False,22,0.5525034121141343,0.6097537111911611,8
U0531,paid,115,30-40_Tier3,9,16,19,972,True,True,11,0.515149690722795,0.8322618261478238,6
U0532,churned,113,20-30_Tier2,6,6,10,668,True,True,16,0.271717665580342,0.38933820319888446,0
U0533,trial,211,30-40_Tier3,12,17,9,1880,False,False,19,0.49299610179226444,0.5645617835080156,16
U0534,churned,311,30-40_Tier3,11,14,5,1257,False,False,17,0.5466098403491451,0.388988338533837,0
U0535,paid,200,20-30_Tier2,19,26,6,1844,True,True,7,0.48744402030216866,0.7459455420299219,9
U0536,paid,118,30-40_Tier2,9,6,9,856,True,False,10,0.20568341987343441,0.6601113915274828,2
U0537,paid,384,30-40_Tier2,5,12,20,1015,False,True,22,0.6699032429027248,0.5488536470060954,9
U0538,churned,229,30-40_Tier3,8,8,23,1255,False,False,19,0.18851804371095865,0.4276697242157961,0
U0539,churned,158,30-40_Tier2,8,16,20,1093,False,False,16,0.1930527571664242,0.39354953060353903,0
U0540,paid,4,30-40_Tier2,14,33,9,243,True,True,13,0.5874812438158684,0.8293673818286351,9
U0541,trial,225,30-40_Tier3,1,0,10,116,False,False,21,0.15783413263365123,0.275313394765231,0
U0542,paid,248,18-20_Tier1,12,21,3,1268,False,True,18,0.3448446841010265,0.7182520267084205,8
U0543,trial,371,18-20_Tier1,9,12,12,1117,True,False,18,0.22582544251072884,0.48660182209329056,7
U0544,trial,93,20-30_Tier1,7,13,3,269,False,False,21,0.48622736500141744,0.4578536538801858,5
U0545,churned,65,30-40_Tier2,3,5,15,157,False,False,22,0.32681789536363753,0.48690328116648496,0
U0546,churned,399,20-30_Tier2,4,2,13,694,False,True,20,0.06586050189612054,0.36915873375621033,0
U0547,trial,220,30-40_Tier3,6,10,4,550,False,True,17,0.10806374531305442,0.5336552013936899,6
U0548,trial,11,18-20_Tier1,2,5,9,121,False,True,9,0.32379827172775666,0.40561503870997223,3
U0549,trial,43,20-30_Tier1,5,6,7,310,True,True,10,0.15283228820633235,0.4671726975273719,5
U0550,paid,190,18-20_Tier1,9,10,15,1000,True,True,8,0.2895729983745796,0.6121354110265214,6
U0551,churned,247,30-40_Tier2,6,3,11,755,False,True,19,0.21098100323031707,0.19643354991745804,0
U0552,trial,98,20-30_Tier1,9,11,10,668,False,False,11,0.4399007468306547,0.7738405526443324,7
U0553,churned,146,20-30_Tier1,4,4,10,396,False,False,9,0.1477715676950851,0.3719908781365304,0
U0554,churned,294,30-40_Tier2,3,2,5,212,False,False,18,0.08893197846053705,0.14771548250035293,0
U0555,churned,387,18-20_Tier1,0,0,4,0,False,True,15,0.10627893838574336,0.26895662625066863,0
U0556,churned,196,30-40_Tier3,1,0,4,166,False,True,10,0.06916408879485025,0.17867680079533377,0
U0557,churned,166,18-20_Tier1,1,0,4,108,False,False,12,0.13377677087006487,0.17344533497636874,0
U0558,paid,145,20-30_Tier1,13,17,12,1571,True,False,14,0.5136704715626517,0.7066083889182402,6
U0559,trial,55,20-30_Tier2,9,19,9,427,True,False,19,0.8310953759228227,0.868883604572342,10
U0560,trial,22,18-20_Tier1,5,6,3,192,False,True,6,0.3503362264291482,0.41197759193270056,6
U0561,churned,333,18-20_Tier1,10,17,6,1595,False,False,18,0.3954824021658679,0.42412041936306016,0
U0562,churned,15,30-40_Tier3,13,16,6,419,True,False,7,0.39317584135532996,0.6702887401691869,0
U0563,paid,328,20-30_Tier2,3,3,6,436,False,False,20,0.3183934171602826,0.4770663511884711,1
U0564,trial,99,18-20_Tier1,10,24,13,915,True,False,8,0.39119687585003615,0.4537666764920443,13
U0565,churned,278,20-30_Tier1,11,10,16,1585,True,True,10,0.16757200278464512,0.4536192619059987,0
U0566,churned,380,20-30_Tier1,7,7,7,1317,True,True,12,0.5511430017459316,0.6002030216883121,0
U0567,trial,299,18-20_Tier1,4,2,4,478,False,False,22,0.20756993512260585,0.40698891624054895,5
U0568,churned,292,20-30_Tier2,13,27,9,1936,True,False,12,0.49202547534904373,0.7907706046954952,0
U0569,paid,106,20-30_Tier1,4,4,8,262,False,True,19,0.3635470278303086,0.3069788345998936,1
U0570,churned,239,30-40_Tier2,9,13,3,943,True,False,10,0.5609212475836974,0.49678017791967133,0
U0571,churned,257,30-40_Tier2,10,8,0,967,True,False,12,0.2820504976067841,0.46486970455642845,0
U0572,paid,170,20-30_Tier2,7,12,8,575,True,False,14,0.39475078027441607,0.5606705826513301,5
U0573,paid,16,20-30_Tier1,7,11,19,183,True,False,8,0.4674197542364412,0.6943074108549794,11
U0574,paid,365,30-40_Tier2,16,33,7,1883,False,False,6,0.4480998751653572,0.7964054091006668,8
U0575,churned,79,30-40_Tier2,2,1,9,238,False,False,11,0.03887889684786088,0.1699616129336945,0
U0576,churned,389,20-30_Tier1,3,2,8,326,False,False,19,0.22386342630346184,0.4360969182203235,0
U0577,churned,372,30-40_Tier3,5,2,20,993,False,False,7,0.02023752954287715,0.2086630733676027,0
U0578,churned,8,20-30_Tier1,9,15,7,148,False,False,19,0.19460954881030315,0.4534798741598572,0
U0579,churned,295,30-40_Tier2,1,0,12,114,True,False,16,0.23136687555560692,0.16463623434264793,0
U0580,inactive,253,20-30_Tier1,6,3,7,601,False,False,10,0.11250660370999165,0.3982281146601623,0
U0581,paid,93,30-40_Tier2,6,3,12,550,True,False,7,0.5425726125163759,0.6364776863952216,5
U0582,churned,325,30-40_Tier3,3,1,13,472,False,True,15,0.16460065815854188,0.17993687732629327,0
U0583,churned,45,30-40_Tier2,8,9,9,483,True,True,13,0.15750585319211213,0.36605146779214526,0
U0584,churned,100,20-30_Tier1,1,0,12,163,False,True,7,0.0910324451435503,0.25130020412084914,0
U0585,paid,379,20-30_Tier2,7,9,17,1256,False,True,17,0.5083139527491773,0.8074403493016685,9
U0586,inactive,297,20-30_Tier1,3,1,12,381,False,False,20,0.04612783262168131,0.2440769479670087,0
U0587,churned,45,20-30_Tier2,3,1,7,188,False,False,13,0.26880414659104257,0.3820159341595669,0
U0588,paid,58,30-40_Tier2,0,0,8,34,True,True,13,0.4704664633537769,0.5827574393789575,9
U0589,churned,103,18-20_Tier1,2,2,7,107,False,False,20,0.18565636469369093,0.1896497971639602,0
U0590,inactive,29,20-30_Tier1,1,1,13,74,False,True,12,0.19953668044133765,0.23724043938068284,0
U0591,churned,73,30-40_Tier3,8,12,16,699,False,True,10,0.25322192529350485,0.37972845356687396,0
U0592,trial,229,30-40_Tier3,5,5,9,621,False,True,20,0.1129802023912626,0.4536272869778877,4
U0593,churned,3,30-40_Tier3,6,5,4,20,False,False,14,0.25877041533266554,0.533015439680474,0
U0594,paid,115,30-40_Tier2,12,20,9,1118,False,True,21,0.37889721640005036,0.782712532423119,7
U0595,paid,126,30-40_Tier2,15,41,15,1666,True,True,21,0.5332235611021015,0.8761732154941506,12
U0596,churned,388,20-30_Tier2,10,12,2,1254,False,True,19,0.3061064378812512,0.6277024896171324,0
U0597,paid,389,30-40_Tier2,9,14,17,1722,False,True,12,0.3986955932610935,0.7815771417503119,12
U0598,paid,338,20-30_Tier1,10,19,6,1431,True,False,18,0.6010703383983151,0.8891942089818304,10
U0599,paid,137,20-30_Tier2,10,12,13,896,True,False,14,0.8576169975262302,0.6418637528619331,10
U0600,paid,211,20-30_Tier2,12,15,10,1396,True,False,18,0.46560882843461265,0.7021094348318966,6
U0601,inactive,202,18-20_Tier1,3,6,1,236,True,False,21,0.34613428089755166,0.2834747258377559,0
U0602,churned,344,20-30_Tier1,7,4,8,1024,False,True,18,0.04043589623500456,0.2989521534570174,0
U0603,paid,298,20-30_Tier1,13,24,15,1874,True,False,14,0.5864484067426482,0.6475532007346788,16
U0604,paid,362,30-40_Tier2,8,11,12,1493,False,True,22,0.36878255286534445,0.5636813770900471,8
U0605,paid,220,20-30_Tier1,10,22,15,1603,True,False,20,0.5015804749008662,0.6870885329771435,7
U0606,paid,367,20-30_Tier1,9,13,18,1533,True,True,10,0.5194864631934851,0.7533255240387328,9
U0607,paid,297,30-40_Tier2,14,26,15,1909,True,True,21,0.5761918158940021,0.712107426156241,7
U0608,churned,295,20-30_Tier2,3,1,3,262,False,False,14,0.05636589881316567,0.322190562694906,0
U0609,paid,264,30-40_Tier2,14,16,6,1894,True,False,10,0.34977123394944315,0.5644605805638228,5
U0610,paid,134,20-30_Tier1,10,13,8,740,False,False,11,0.44754875113924125,0.7657686865012723,6
U0611,paid,243,20-30_Tier1,5,4,9,610,False,False,19,0.5388942280816814,0.6402580337648044,5
U0612,churned,143,20-30_Tier2,1,1,4,205,False,False,12,0.002795498418025353,0.08714864251386889,0
U0613,paid,260,20-30_Tier1,13,23,7,1582,False,False,17,0.2764816152128437,0.6519868110076956,9
U0614,trial,102,30-40_Tier3,8,7,5,471,False,False,13,0.27707603517770174,0.42459349044837613,7
U0615,trial,319,30-40_Tier3,7,9,14,1079,True,False,22,0.5215205161892223,0.6284095052664356,10
U0616,paid,228,30-40_Tier3,6,8,22,958,False,False,8,0.4622530065875664,0.5299431927311226,6
U0617,paid,284,30-40_Tier2,14,18,10,1988,True,False,15,0.21530178935033764,0.7159773750098422,12
U0618,churned,89,18-20_Tier1,4,5,11,229,True,False,12,0.16104583974823136,0.3818258106178847,0
U0619,trial,316,30-40_Tier3,6,9,18,1071,False,True,19,0.16870534794109374,0.5744571122723646,5
U0620,paid,321,20-30_Tier1,5,11,9,751,False,False,22,0.5017566314225674,0.6264380897813002,10
U0621,trial,59,20-30_Tier1,7,8,7,450,True,False,11,0.1752990813771308,0.38365662454669075,3
U0622,trial,140,20-30_Tier2,13,14,10,1048,True,False,21,0.4094582699943015,0.4209125590568973,11
U0623,paid,271,20-30_Tier2,13,14,6,1578,True,False,16,0.32966070783366747,0.6806090494241731,6
U0624,trial,349,30-40_Tier3,7,5,17,1181,False,False,6,0.030079908464132686,0.3312067474591466,2
U0625,churned,295,20-30_Tier2,5,2,6,722,False,True,19,0.17334375389123927,0.31751755874353427,0
U0626,trial,189,20-30_Tier2,17,25,6,1661,True,False,15,0.39866215999656046,0.5414024767476445,8
U0627,paid,120,18-20_Tier1,10,16,9,775,True,False,22,0.38277488925713926,0.652955571553793,8
U0628,inactive,364,30-40_Tier2,4,2,23,842,True,False,13,0.20838364579135749,0.10428592596478468,0
U0629,churned,349,20-30_Tier1,9,4,19,1582,False,False,10,0.3297867562342938,0.5242597677074895,0
U0630,churned,358,30-40_Tier2,2,0,9,212,False,False,8,0.12893255942733853,0.17626301968058344,0
U0631,trial,122,20-30_Tier2,10,15,13,861,False,True,7,0.18992616823605618,0.6061960453224603,13
U0632,churned,175,30-40_Tier2,2,2,13,331,False,True,17,0.03409306326205777,0.16458497423958968,0
U0633,trial,98,30-40_Tier2,7,8,4,618,True,False,22,0.17924534786254373,0.4224695710924209,8
U0634,churned,381,20-30_Tier2,4,2,13,614,True,True,16,0.24172626073077613,0.3950443197296449,0
U0635,churned,346,20-30_Tier2,3,2,12,473,False,False,16,0.033857971288646364,0.25102118653249056,0
U0636,churned,70,30-40_Tier2,8,12,17,573,False,True,6,0.22076993694701286,0.3616236521935841,0
U0637,trial,99,18-20_Tier1,5,7,17,580,False,False,6,0.1243163689549394,0.3675360231315651,5
U0638,churned,221,30-40_Tier3,0,0,1,0,False,False,14,0.03254596395898046,0.12792769752025013,0
U0639,paid,166,20-30_Tier2,4,9,7,273,True,True,14,0.2729981253476654,0.5668245305754239,9
U0640,paid,184,30-40_Tier3,8,6,9,764,False,False,13,0.38969299983556,0.34994011957166066,4
U0641,paid,147,20-30_Tier2,4,4,13,393,True,False,21,0.40971837787304716,0.3229395828090059,9
U0642,paid,269,18-20_Tier1,15,23,13,2332,True,False,11,0.42967968170321785,0.7539480347351547,11
U0643,trial,359,30-40_Tier2,2,2,11,256,True,True,22,0.31219103460715053,0.5034496881282162,7
U0644,trial,366,20-30_Tier2,8,14,7,1430,True,True,10,0.4667718728337699,0.5692345561850654,6
U0645,trial,182,30-40_Tier3,9,8,11,1055,True,False,11,0.4646172473595104,0.47901055000067155,4
U0646,churned,331,30-40_Tier3,2,0,16,213,False,True,11,0.34775785685343225,0.3471672550359699,0
U0647,paid,278,20-30_Tier1,9,7,13,1493,False,False,19,0.2981475762600523,0.5795213201570198,10
U0648,churned,79,30-40_Tier2,4,1,13,431,False,True,11,0.07641913512611592,0.4811884247214131,0
U0649,trial,317,20-30_Tier2,1,2,12,138,False,False,13,0.11141530728934147,0.36275084541412317,1
U0650,trial,140,20-30_Tier2,7,1,10,779,False,False,7,0.06933380855937969,0.20802190599307105,3
U0651,trial,251,20-30_Tier2,14,25,17,1964,False,False,12,0.41996464558572977,0.7651961486116973,7
U0652,churned,288,30-40_Tier2,7,4,12,1029,False,False,9,0.14354305885028282,0.46723781579100043,0
U0653,trial,377,30-40_Tier2,7,10,9,1226,True,False,18,0.33130080113388305,0.5153593177693139,11
U0654,trial,379,30-40_Tier3,7,18,13,1185,False,False,19,0.4250213161075657,0.5635846149934588,4
U0655,paid,321,30-40_Tier3,15,21,16,2693,True,False,10,0.22569063278287746,0.4477817600604148,8
U0656,paid,202,20-30_Tier1,13,24,13,1732,True,True,22,0.6215625235394818,0.8516734680301788,8
U0657,trial,160,20-30_Tier2,8,9,11,724,False,False,13,0.29076546875240855,0.5635661393037246,4
U0658,churned,177,30-40_Tier3,5,3,2,285,True,False,20,0.034869055190688,0.18727467860527094,0
U0659,paid,380,30-40_Tier3,6,8,15,985,True,False,10,0.4442933525447943,0.6676031393689097,8
U0660,trial,82,20-30_Tier2,13,24,14,1172,True,False,20,0.2671205635694575,0.6412928840127727,11
U0661,churned,210,18-20_Tier1,4,4,17,477,False,True,8,0.34850500778665866,0.2314522443308737,0
U0662,trial,272,20-30_Tier1,13,20,14,1713,False,False,12,0.32324234441812927,0.5436520504161548,6
U0663,paid,10,30-40_Tier3,11,17,7,274,True,False,12,0.6148880824835168,0.49301417763903915,9
U0664,trial,254,30-40_Tier2,4,3,10,388,True,True,9,0.5231105303722368,0.46752065494191725,10
U0665,trial,104,30-40_Tier2,8,5,11,744,False,True,22,0.4951478227262378,0.5567870659863632,6
U0666,churned,112,30-40_Tier2,6,4,9,663,False,False,10,0.07519879407471185,0.208355332197446,0
U0667,churned,249,18-20_Tier1,3,4,19,401,False,True,13,0.22587753628842885,0.3791457664554282,0
U0668,trial,4,20-30_Tier2,4,8,12,126,True,False,6,0.3292121516977373,0.6054578496883896,7
U0669,churned,63,30-40_Tier2,4,4,5,304,False,False,17,0.08832437026573438,0.3054832825891579,0
U0670,paid,182,18-20_Tier1,13,27,9,1571,True,False,9,0.5909240561578077,0.8817054031349447,8
U0671,paid,234,20-30_Tier2,5,5,11,580,True,True,10,0.45311818961600214,0.5009209313734029,3
U0672,churned,44,20-30_Tier1,3,2,3,228,True,False,21,0.3123697174292467,0.37202198079913396,0
U0673,paid,145,30-40_Tier3,9,15,6,778,True,False,20,0.4663589894024742,0.745324817924934,9
U0674,trial,123,20-30_Tier1,11,16,7,1064,True,False,7,0.3883503764524736,0.5816650623437973,7
U0675,trial,214,20-30_Tier1,10,13,14,1368,False,False,16,0.2691466255842103,0.45413800414770933,6
U0676,trial,120,30-40_Tier3,7,12,4,652,False,False,18,0.584387489927372,0.5695368752074751,4
U0677,paid,1,30-40_Tier2,5,8,14,48,True,False,22,0.3035755231004945,0.5457666599860772,9
U0678,churned,212,30-40_Tier3,6,5,9,559,True,False,10,0.16009458870042143,0.3591001099244676,0
U0679,trial,339,20-30_Tier2,14,23,7,2057,True,False,11,0.5149611619569241,0.6839513121009403,16
U0680,paid,234,18-20_Tier1,14,30,18,2128,False,True,10,0.3942168325763084,0.5772332349308884,7
U0681,paid,145,20-30_Tier1,13,25,13,1364,True,False,15,0.2752753933934451,0.5426750833925048,18
U0682,trial,193,18-20_Tier1,12,16,7,1531,False,False,16,0.38328678331428095,0.583851398167927,7
U0683,churned,56,30-40_Tier3,4,4,14,140,False,False,9,0.3260518770157505,0.5009301993814632,0
U0684,churned,95,18-20_Tier1,1,1,6,33,False,False,6,0.07761085744698587,0.20880310758573528,0
U0685,churned,175,30-40_Tier2,1,0,16,160,False,True,8,0.18460968012324463,0.2408676877627311,0
U0686,paid,237,20-30_Tier2,5,5,13,641,True,False,9,0.3693629706336422,0.42027371677318454,5
U0687,churned,194,20-30_Tier2,1,0,2,102,False,False,15,0.1921688210873984,0.31083281883838687,0
U0688,trial,385,30-40_Tier3,13,17,7,1807,False,False,9,0.41878592790141717,0.49440197705784195,8
U0689,paid,255,30-40_Tier3,2,2,13,265,False,False,19,0.15013675458140907,0.21723342877361634,3
U0690,paid,10,20-30_Tier1,5,6,12,194,False,False,16,0.3776697257862838,0.6015162407517908,13
U0691,churned,210,30-40_Tier3,5,3,19,549,False,True,9,0.3794200287576057,0.49510003241434786,0
U0692,churned,233,30-40_Tier3,6,9,5,565,False,False,22,0.5959039618153008,0.23815931831405898,0
U0693,paid,18,30-40_Tier3,9,13,2,274,False,False,17,0.21107563893108675,0.4563885221216985,10
U0694,paid,154,18-20_Tier1,16,20,14,1707,True,False,20,0.5927938798469529,0.7200480702886415,7
U0695,paid,348,18-20_Tier1,11,24,8,1633,True,True,17,0.7057560750378958,0.821204039524745,9
U0696,trial,143,18-20_Tier1,5,2,11,476,True,False,17,0.248585607327525,0.26040015311898657,0
U0697,churned,183,30-40_Tier3,3,2,14,346,False,False,14,0.09354869557282622,0.5215393916563299,0
U0698,paid,89,30-40_Tier3,8,10,10,815,False,True,17,0.3374521117985524,0.45725026483166087,6
U0699,paid,31,20-30_Tier1,10,11,3,300,False,False,19,0.37163683895918787,0.7170405427648007,7
U0700,churned,127,20-30_Tier2,2,2,3,116,True,False,22,0.06448633189167517,0.3417956176550039,0
U0701,paid,309,20-30_Tier2,6,11,13,905,False,False,16,0.5020414151419232,0.7305347240472323,6
U0702,churned,393,20-30_Tier1,4,4,11,604,True,False,18,0.30520523905102714,0.28035098647895984,0
U0703,trial,264,30-40_Tier3,9,14,11,1435,False,False,22,0.33012754572900255,0.4179527434530367,7
U0704,trial,332,30-40_Tier3,9,15,8,1071,False,False,16,0.1994236998439635,0.4472327982264812,6
U0705,paid,260,20-30_Tier1,5,7,11,565,False,False,18,0.5199837289957872,0.33881380614300294,3
U0706,churned,263,20-30_Tier2,7,5,10,1120,False,False,9,0.31597896811658505,0.4059473537790095,0
U0707,churned,171,18-20_Tier1,3,2,18,474,False,True,21,0.10785962263111594,0.23314890974196537,0
U0708,trial,25,18-20_Tier1,6,10,23,244,True,False,22,0.5068779019603925,0.7381365826089201,9
U0709,churned,164,30-40_Tier3,7,9,10,629,False,False,12,0.4692158878580633,0.37383155680334845,0
U0710,inactive,346,30-40_Tier3,0,0,8,0,False,True,21,0.08351010354177715,0.2547342863254225,0
U0711,trial,214,18-20_Tier1,12,15,2,1300,True,False,19,0.25112156899725724,0.6359791344764333,5
U0712,paid,305,20-30_Tier2,10,24,5,1243,False,False,9,0.457390787529812,0.6575114489689204,13
U0713,trial,21,18-20_Tier1,3,3,14,168,True,True,22,0.33769513050761485,0.3858578619613529,1
U0714,paid,81,20-30_Tier2,10,11,13,954,False,True,15,0.328774095713953,0.5122221033969557,8
U0715,trial,120,20-30_Tier1,5,10,16,476,True,True,8,0.37386867652549544,0.41917154861869055,10
U0716,paid,144,20-30_Tier2,9,8,23,1105,True,True,7,0.20411044325531155,0.48801034337880556,7
U0717,paid,395,30-40_Tier2,7,8,12,1354,True,False,14,0.5236969202637141,0.5646383261049135,7
U0718,churned,185,18-20_Tier1,6,6,12,566,True,True,14,0.2280034855485112,0.3489629224676962,0
U0719,churned,265,20-30_Tier2,9,4,10,1210,True,True,20,0.10452159008432028,0.31359310346481356,0
U0720,paid,258,20-30_Tier1,3,1,9,403,False,False,14,0.3590287721593898,0.4398710854072231,4
U0721,churned,168,20-30_Tier1,2,2,12,270,False,True,12,0.03722483737659165,0.48154342245255677,0
U0722,paid,386,30-40_Tier3,0,0,10,0,False,True,11,0.09519063444617831,0.17792740463791354,1
U0723,paid,89,30-40_Tier3,7,7,16,631,False,False,14,0.3604446042190654,0.6956774265103721,7
U0724,churned,14,30-40_Tier2,9,18,23,443,False,True,10,0.35822731842761046,0.741366511693484,0
U0725,trial,298,30-40_Tier2,10,9,6,1732,False,True,18,0.5110868920623591,0.5977114712878918,8
U0726,churned,261,20-30_Tier1,3,2,7,295,False,False,8,0.22261882267676406,0.42323129629452133,0
U0727,trial,104,30-40_Tier2,7,3,7,478,False,False,20,0.15680290622452,0.5612691047389655,8
U0728,churned,347,20-30_Tier2,4,2,8,554,False,False,9,0.09322710745784145,0.1749482896118381,0
U0729,paid,65,20-30_Tier1,5,6,3,372,True,True,9,0.20571123371684133,0.36695379392550437,2
U0730,trial,101,30-40_Tier2,11,12,11,926,True,False,22,0.1894041585126041,0.38693515065294715,2
U0731,paid,62,30-40_Tier3,18,25,16,1434,False,False,12,0.2921882166481283,0.6731552735159034,13
U0732,inactive,75,20-30_Tier1,4,5,10,364,False,True,17,0.2961829204307013,0.23597864729023177,0
U0733,paid,291,20-30_Tier1,16,22,5,1703,False,False,12,0.7349141778441616,0.679451801414042,5
U0734,paid,281,20-30_Tier2,7,6,8,814,True,False,22,0.49856533888465,0.6240022765081552,2
U0735,trial,257,30-40_Tier3,12,19,19,1886,False,True,8,0.410210591332688,0.47660204115630833,4
U0736,paid,344,30-40_Tier2,8,8,8,997,True,False,13,0.25491029986753494,0.599138143037567,5
U0737,trial,28,20-30_Tier1,10,10,13,500,False,True,7,0.1960588550036306,0.6827676411478235,16
U0738,trial,248,30-40_Tier2,4,4,12,487,False,True,15,0.20939685626178836,0.5061145624982575,5
U0739,paid,46,30-40_Tier3,11,17,9,636,False,False,18,0.48505735389031546,0.6461768055669475,9
U0740,churned,382,20-30_Tier1,8,10,8,1116,False,False,13,0.544052839543701,0.45463020182577585,0
U0741,paid,253,30-40_Tier3,9,16,9,1177,True,False,20,0.16704279237542233,0.5225086065753304,5
U0742,trial,304,30-40_Tier3,12,16,4,1472,False,False,19,0.5270054700893846,0.7758924962400227,6
U0743,paid,228,20-30_Tier1,16,23,13,2295,False,False,22,0.6397480352584511,0.6770089731708258,21
U0744,paid,154,30-40_Tier2,17,34,16,2102,True,True,22,0.46627691675848715,0.8757842619492624,9
U0745,churned,274,20-30_Tier1,3,3,9,282,False,False,22,0.11391984463390639,0.23664079731999044,0
U0746,paid,334,30-40_Tier2,11,13,12,1964,False,False,13,0.36310358460230663,0.5808633129505157,16
U0747,paid,72,18-20_Tier1,12,18,11,973,False,True,22,0.32053387277548606,0.6951863241748348,6
U0748,churned,348,30-40_Tier2,6,7,0,671,False,False,17,0.41500315764606194,0.4872481629192753,0
U0749,trial,290,20-30_Tier1,6,8,16,807,True,False,7,0.14913565756518435,0.3621638714173552,5
U0750,churned,35,20-30_Tier2,4,4,16,218,False,True,7,0.21405812355929543,0.2322822614145079,0
U0751,trial,374,20-30_Tier2,7,9,7,941,False,True,12,0.39423118598115997,0.4486107202323618,6
U0752,paid,72,30-40_Tier3,9,12,3,506,True,False,15,0.24330804756847743,0.47145781649098206,7
U0753,trial,240,18-20_Tier1,9,8,15,1413,False,False,7,0.2047532721246611,0.6093579511533144,3
U0754,churned,52,20-30_Tier2,8,9,10,475,True,True,15,0.16818960326546492,0.366783668435325,0
U0755,trial,79,18-20_Tier1,8,9,5,571,True,False,17,0.06924798018357016,0.28821992256154594,3
U0756,trial,257,30-40_Tier2,6,2,3,571,False,False,17,0.22622124411738534,0.42557067853560193,4
U0757,paid,272,20-30_Tier2,4,3,9,539,True,True,22,0.23453786286875125,0.48034718602442605,3
U0758,trial,275,18-20_Tier1,8,6,3,993,True,True,12,0.4679213526898529,0.4773948830176684,1
U0759,paid,137,18-20_Tier1,7,5,7,593,False,False,6,0.16026316031566834,0.45912239642836855,4
U0760,paid,328,18-20_Tier1,13,11,20,2585,False,False,22,0.3855804569565006,0.6244242926092399,11
U0761,churned,20,30-40_Tier2,6,3,5,301,True,False,14,0.2467473415019109,0.543549197898268,0
U0762,trial,341,30-40_Tier3,6,5,13,926,True,True,16,0.4837752242009971,0.7260321586676379,13
U0763,paid,121,20-30_Tier1,13,23,14,1136,True,True,15,0.6502988776787071,0.8440402526890415,8
U0764,inactive,248,20-30_Tier1,3,5,15,463,True,True,14,0.30758789569181244,0.31943174424543874,0
U0765,inactive,362,18-20_Tier1,2,0,4,181,False,False,8,0.2573498582931096,0.3344577102153289,0
U0766,paid,102,18-20_Tier1,8,6,3,614,False,False,15,0.2172124645032196,0.6414479277302862,14
U0767,trial,165,18-20_Tier1,3,5,2,136,False,True,20,0.45588176720091705,0.3755384327691861,9
U0768,trial,331,30-40_Tier3,12,16,10,1690,True,False,7,0.6858076016793893,0.6072503051029485,7
U0769,churned,346,20-30_Tier1,7,9,10,993,False,False,12,0.3707033346552456,0.5096922462521047,0
U0770,paid,94,30-40_Tier2,12,18,10,971,True,False,21,0.420295760614576,0.7028921645873278,12
U0771,paid,203,18-20_Tier1,9,14,13,1127,False,True,13,0.555089277308729,0.48524901551349114,6
U0772,trial,133,18-20_Tier1,6,12,9,549,False,False,8,0.47472836257355044,0.5564687730950553,8
U0773,churned,207,20-30_Tier1,2,1,14,275,False,True,22,0.2135093455400759,0.3176101615701521,0
U0774,churned,152,18-20_Tier1,10,13,9,889,False,False,8,0.2567616066750582,0.5583715545273696,0
U0775,trial,3,20-30_Tier1,7,9,3,69,False,False,10,0.7533038468420526,0.48256523910030336,4
U0776,churned,369,20-30_Tier1,10,8,6,1365,True,False,13,0.3228627416985754,0.6031028448488871,0
U0777,churned,255,20-30_Tier2,1,0,6,143,False,False,12,0.24471482224938032,0.15065148434051487,0
U0778,churned,185,18-20_Tier1,5,8,11,544,False,True,13,0.16700571826822963,0.4150326413809303,0
U0779,trial,44,20-30_Tier2,4,5,6,180,False,False,19,0.465896226443712,0.5136035912396532,10
U0780,paid,29,20-30_Tier1,6,5,2,254,False,True,15,0.47163237886307285,0.4791521454994967,7
U0781,paid,192,30-40_Tier2,9,11,9,1414,True,False,14,0.42283320301851585,0.41360196437079705,5
U0782,churned,259,20-30_Tier2,6,4,10,778,False,False,17,0.3544577718420793,0.4487303177692402,0
U0783,trial,104,30-40_Tier3,1,1,8,91,False,False,16,0.1839536920494039,0.4007419533595079,4
U0784,paid,298,30-40_Tier2,13,22,9,2165,True,False,16,0.6640143690546204,0.6215100486084013,6
U0785,trial,157,30-40_Tier2,12,14,6,906,False,False,14,0.44240067423890206,0.7245516489213764,3
U0786,churned,5,30-40_Tier3,12,15,15,208,False,False,15,0.21798540314776063,0.6947997124967967,0
U0787,trial,215,18-20_Tier1,3,1,11,398,True,False,10,0.2426595095846073,0.22309018567211375,3
U0788,churned,73,30-40_Tier3,15,24,3,1077,True,False,13,0.48489170160722006,0.8152581408872506,0
U0789,paid,6,20-30_Tier2,11,21,9,262,True,False,8,0.5104078015135761,0.7362808821561897,17
U0790,paid,52,30-40_Tier2,16,33,5,734,False,False,7,0.12863513444763391,0.660466691042292,10
U0791,churned,114,30-40_Tier2,5,5,14,317,True,True,20,0.4236296857832173,0.44640941126402844,0
U0792,paid,206,20-30_Tier1,11,12,12,1446,True,True,19,0.39235904354574663,0.6234432417873761,8
U0793,churned,395,20-30_Tier2,4,2,2,509,False,False,10,0.15967976375347553,0.4116298121089589,0
U0794,paid,88,20-30_Tier1,13,30,17,1205,True,True,13,0.34258596107189576,0.7215480953847919,11
U0795,trial,23,18-20_Tier1,10,12,15,451,False,True,22,0.5009878059311274,0.5048745842033365,9
U0796,churned,77,30-40_Tier3,9,9,5,541,False,False,15,0.2663617083858032,0.6599167437432851,0
U0797,churned,128,30-40_Tier2,1,0,10,22,False,False,6,0.25808678848989586,0.3793093002714903,0
U0798,paid,82,18-20_Tier1,7,11,4,509,True,True,15,0.3811870941263718,0.6906695547313841,3
U0799,churned,129,18-20_Tier1,2,0,9,213,True,False,20,0.17916599480743162,0.172135376236053,0
U0800,paid,387,18-20_Tier1,13,27,5,1594,True,False,9,0.41417788857658566,0.7241264225548443,9
U0801,churned,152,20-30_Tier1,4,1,14,426,False,False,22,0.0891785229054832,0.24050732827666726,0
U0802,churned,254,20-30_Tier1,5,8,9,473,True,True,18,0.368568340510115,0.563513528735123,0
U0803,paid,274,30-40_Tier2,14,19,23,2200,True,True,6,0.5801310266173013,0.690939617978902,8
U0804,inactive,52,20-30_Tier2,6,7,13,337,False,False,22,0.31263210827015114,0.40902338902006685,0
U0805,trial,99,30-40_Tier3,12,16,8,1031,True,True,16,0.5729243858874787,0.815545303926639,16
U0806,churned,166,20-30_Tier2,12,15,8,966,True,True,9,0.5453215833406102,0.49804546758614787,0
U0807,trial,184,30-40_Tier3,7,9,9,720,True,True,19,0.3530343177948606,0.5182486248086916,2
U0808,paid,6,18-20_Tier1,13,16,9,175,False,True,19,0.398626653588243,0.7597295782656569,10
U0809,churned,258,30-40_Tier3,1,0,7,139,False,False,16,0.3035499578187919,0.17842488931739386,0
U0810,churned,120,20-30_Tier1,10,13,7,790,False,True,22,0.4593045977838567,0.5211515043335764,0
U0811,paid,129,20-30_Tier1,4,6,8,459,False,True,20,0.27848928472897455,0.4049718538876923,7
U0812,paid,241,20-30_Tier2,6,13,11,521,False,False,11,0.4593206514062861,0.620579440571979,10
U0813,churned,379,20-30_Tier2,2,0,15,350,False,True,8,0.0685830854572935,0.29415130845718546,0
U0814,trial,346,20-30_Tier1,5,4,6,662,False,True,19,0.11318716934877042,0.5522874737307255,4
U0815,churned,391,18-20_Tier1,8,8,14,1395,True,True,22,0.5407615547127129,0.5460227054166019,0
U0816,churned,165,20-30_Tier2,7,5,17,749,False,False,11,0.3460742261238278,0.20470622251554477,0
U0817,churned,48,20-30_Tier2,8,6,6,597,False,False,15,0.1848414994989473,0.45107094026385014,0
U0818,trial,87,18-20_Tier1,5,3,8,478,False,False,14,0.4848778151114674,0.3919623043359783,8
U0819,churned,138,30-40_Tier2,7,8,11,760,True,False,11,0.46157292453996873,0.5964714864566021,0
U0820,trial,120,18-20_Tier1,5,7,13,445,False,False,15,0.3183538872155657,0.6775092218846438,7
U0821,trial,83,18-20_Tier1,16,14,23,1263,False,False,14,0.34127470247722774,0.6871498192888729,8
U0822,trial,61,20-30_Tier1,9,17,9,567,False,False,22,0.41158880550034727,0.6847448653816831,13
U0823,paid,75,20-30_Tier1,9,16,4,425,True,False,11,0.41737754528181975,0.5437567305135995,10
U0824,trial,263,20-30_Tier1,9,11,14,1300,False,False,8,0.3272831594031296,0.5872802297046966,8
U0825,trial,196,30-40_Tier3,7,7,18,1098,True,True,13,0.26172771747101836,0.5149914307357675,2
U0826,churned,15,20-30_Tier2,13,18,7,309,True,False,8,0.3312285277259146,0.4749385367246435,0
U0827,paid,225,18-20_Tier1,9,9,10,1383,True,False,8,0.3035544752113448,0.36155287198343566,6
U0828,inactive,337,20-30_Tier2,2,1,6,334,True,True,16,0.06631483758561119,0.13597512615920052,0
U0829,churned,170,20-30_Tier1,11,23,17,1149,False,True,20,0.6759553720320518,0.5566297950978638,0
U0830,trial,128,30-40_Tier3,17,27,7,1391,True,True,7,0.47675283639892113,0.6610113744006069,4
U0831,paid,109,30-40_Tier3,13,17,10,1231,False,True,12,0.6439252566977941,0.7520934241545384,7
U0832,inactive,152,20-30_Tier2,0,0,11,12,False,False,9,0.037424054315488904,0.2301763965200856,0
U0833,paid,112,20-30_Tier1,2,1,13,157,False,True,13,0.22657645852596142,0.2860686749147274,9
U0834,trial,369,18-20_Tier1,8,10,20,1455,False,False,16,0.33110655750534207,0.45121693062396007,6
U0835,churned,396,30-40_Tier3,9,9,22,1900,False,True,21,0.09619169932212006,0.5478102037473613,0
U0836,paid,137,18-20_Tier1,11,13,12,1263,True,False,21,0.4033196469994143,0.8283841291680804,9
U0837,paid,369,20-30_Tier1,3,0,6,513,True,True,21,0.2968060541448264,0.5035458904865265,5
U0838,churned,341,20-30_Tier2,5,2,4,845,False,True,13,0.214318198274882,0.32085871345192996,0
U0839,paid,31,20-30_Tier1,11,12,7,573,False,False,19,0.7720419777983539,0.7996892984064088,8
U0840,paid,196,30-40_Tier2,12,29,6,1151,False,True,10,0.8887869227279304,0.7914367591128988,11
U0841,churned,262,18-20_Tier1,2,6,4,153,True,False,6,0.14448906776280684,0.3504702275321936,0
U0842,paid,169,30-40_Tier3,10,20,6,922,True,False,21,0.4369882622729614,0.599883935949433,10
U0843,paid,183,18-20_Tier1,14,16,11,1373,True,False,21,0.3918709854690928,0.7679812715537104,11
U0844,trial,198,20-30_Tier1,3,6,13,360,False,False,9,0.0572221525918098,0.320963441836572,1
U0845,churned,275,20-30_Tier2,5,5,11,691,False,False,9,0.06711530413446916,0.37045861399936986,0
U0846,trial,118,30-40_Tier3,12,23,9,1014,True,False,21,0.6978475079156284,0.7110354859761034,7
U0847,paid,239,30-40_Tier2,15,35,5,1508,False,False,13,0.4190684979475576,0.6399066123395156,5
U0848,paid,98,30-40_Tier3,9,12,10,756,True,False,19,0.16624190053954305,0.5473295117720818,4
U0849,trial,355,20-30_Tier2,3,2,21,636,False,True,21,0.12327376698333976,0.3567289229311321,7
U0850,churned,34,30-40_Tier3,3,1,7,10,False,False,15,0.09271873404255433,0.30325945999906767,0
U0851,trial,27,20-30_Tier2,10,17,11,505,False,False,7,0.32457739597279955,0.6474057410201514,10
U0852,trial,16,18-20_Tier1,4,2,13,224,False,False,16,0.2589033752676786,0.4286861227242744,6
U0853,paid,140,20-30_Tier1,3,8,7,348,False,True,8,0.5874328048123766,0.8108510380283785,9
U0854,trial,242,20-30_Tier1,10,18,4,973,True,False,17,0.5995963772507737,0.7838175113103134,8
U0855,paid,394,30-40_Tier2,10,11,12,1459,True,False,15,0.4178577018149154,0.6148347266133338,6
U0856,trial,182,20-30_Tier1,6,8,13,773,False,False,13,0.35912438022828985,0.4927226176975872,12
U0857,paid,73,20-30_Tier1,10,15,8,500,False,False,13,0.2980248969162174,0.5165360294819533,4
U0858,paid,147,30-40_Tier2,10,16,13,975,True,False,22,0.41119870002935244,0.5950660571859451,6
U0859,churned,51,18-20_Tier1,9,7,6,389,True,False,12,0.09624643839928151,0.4077220054006938,0
U0860,trial,189,30-40_Tier3,12,18,2,1026,True,True,20,0.40441689990581314,0.8119188406705269,11
U0861,trial,291,30-40_Tier3,11,11,9,1617,True,False,19,0.5557945362604974,0.6905432272329707,4
U0862,inactive,15,30-40_Tier3,0,0,14,0,False,True,22,0.38700725602155817,0.27747425580077734,0
U0863,churned,311,30-40_Tier3,2,3,12,302,True,False,21,0.05570800422757013,0.379431140953869,0
U0864,trial,92,18-20_Tier1,10,7,8,847,True,True,16,0.2161743259695266,0.4377729139410924,5
U0865,paid,269,20-30_Tier1,10,14,14,1627,False,False,22,0.20089504610629075,0.7520514311594265,7
U0866,churned,326,30-40_Tier3,5,4,11,814,False,True,17,0.21829532107094657,0.26203439358454406,0
U0867,trial,310,20-30_Tier1,12,21,10,1714,True,True,8,0.4644233091401605,0.687712796399276,4
U0868,churned,268,30-40_Tier2,8,9,3,854,False,True,7,0.10824356498949794,0.3747190188726366,0
U0869,churned,277,20-30_Tier2,3,2,5,392,True,True,17,0.15534217884198684,0.4593618209388821,0
U0870,churned,75,20-30_Tier1,10,12,6,495,True,False,15,0.3260667711305246,0.4945164591238202,0
U0871,trial,55,20-30_Tier2,6,5,6,341,True,True,20,0.18351633350550414,0.4740823457903649,3
U0872,trial,153,20-30_Tier2,15,12,4,1431,True,True,15,0.31318269801397247,0.6210829620060534,6
U0873,churned,243,30-40_Tier3,8,13,5,801,True,False,10,0.3852224725916143,0.4627151358940003,0
U0874,paid,247,20-30_Tier2,2,2,12,296,True,True,20,0.09857114284256857,0.3984386928448457,3
U0875,trial,310,20-30_Tier2,1,0,9,196,False,False,14,0.03098124893027093,0.2621520642548998,2
U0876,trial,124,30-40_Tier2,9,15,2,471,False,True,22,0.35786100550000827,0.6937883537239937,10
U0877,churned,346,18-20_Tier1,11,12,6,1528,False,False,6,0.07400124258956328,0.4109846552621648,0
U0878,trial,180,20-30_Tier1,8,16,11,938,True,False,6,0.1426217692147876,0.4550746726611516,4
U0879,churned,99,20-30_Tier2,5,9,8,346,False,True,8,0.45839973640121495,0.3662052467746636,0
U0880,trial,294,30-40_Tier2,5,6,13,809,True,False,22,0.09174912400708046,0.6205581875481452,3
U0881,trial,51,18-20_Tier1,6,5,16,368,False,True,8,0.38464346692869544,0.5280277550279432,5
U0882,churned,162,20-30_Tier1,13,10,9,1279,True,False,18,0.03137650330694993,0.5088932013138696,0
U0883,paid,312,20-30_Tier2,10,12,13,1438,True,False,18,0.1805643100327652,0.7984865056083519,8
U0884,paid,308,18-20_Tier1,11,8,11,1603,True,False,20,0.3290306645005773,0.4712931750938927,6
U0885,churned,103,20-30_Tier2,8,7,7,671,True,False,16,0.08468117799007382,0.5771059689501099,0
U0886,churned,67,30-40_Tier3,12,13,5,720,True,True,6,0.25536851352233275,0.6413727787424222,0
U0887,trial,13,30-40_Tier3,14,15,2,234,True,False,6,0.613803096564233,0.7369916527925616,12
U0888,paid,36,30-40_Tier2,11,18,13,612,False,True,6,0.38229575745330674,0.7784731026321028,11
U0889,trial,330,20-30_Tier1,10,20,9,1375,True,False,16,0.48658400270358365,0.6522749662526124,8
U0890,churned,313,30-40_Tier2,2,2,20,320,False,True,13,0.05640084623547554,0.3080566520354632,0
U0891,trial,202,30-40_Tier2,4,3,7,358,False,False,7,0.33922045301075815,0.2820058510873452,2
U0892,churned,228,18-20_Tier1,3,3,5,269,False,False,6,0.19856026735579133,0.2798934775868758,0
U0893,trial,131,18-20_Tier1,11,15,8,1109,True,False,9,0.19473008996858956,0.6066023680494759,5
U0894,churned,77,30-40_Tier3,12,14,5,641,True,False,14,0.39838672326763214,0.5609480625565417,0
U0895,churned,5,30-40_Tier3,2,1,9,107,True,False,21,0.3333635342414551,0.34716121161569347,0
U0896,churned,269,20-30_Tier2,3,2,10,506,False,False,20,0.05826934904414439,0.30348259092826957,0
U0897,churned,15,20-30_Tier1,3,1,6,89,True,False,13,0.5999964437435686,0.45219729908835504,0
U0898,churned,42,18-20_Tier1,0,0,1,74,True,False,10,0.10566867546360718,0.27008502937891143,0
U0899,churned,317,20-30_Tier1,11,23,7,1368,False,False,19,0.4831791901325088,0.7917300612301801,0
U0900,trial,233,18-20_Tier1,8,6,8,887,False,True,21,0.12757133808074012,0.4348398310469141,3
U0901,paid,196,18-20_Tier1,9,5,5,778,False,False,11,0.6331688073188516,0.5750356544998767,9
U0902,paid,88,30-40_Tier3,11,25,18,1165,True,True,14,0.6300498696921878,0.8721822368544271,16
U0903,paid,60,30-40_Tier2,10,23,8,564,True,False,7,0.7521772861471474,0.8014170122992823,7
U0904,churned,187,30-40_Tier2,3,1,10,269,False,True,8,0.2774436870975704,0.35647800781611466,0
U0905,churned,144,18-20_Tier1,6,11,20,507,False,False,21,0.42244880120477546,0.3549724263818834,0
U0906,trial,214,20-30_Tier1,6,5,4,533,False,True,9,0.32216524216738207,0.5850859057990982,4
U0907,trial,66,30-40_Tier2,16,27,3,719,False,False,8,0.3831118889127752,0.7017969810286044,5
U0908,paid,93,20-30_Tier2,5,3,18,426,False,False,11,0.4780470472273268,0.576795724917522,5
U0909,trial,46,20-30_Tier1,3,3,6,117,True,True,11,0.2962400536780221,0.29477283077382743,6
U0910,churned,170,20-30_Tier2,2,3,3,159,False,False,9,0.5345602280959011,0.5098246039934808,0
U0911,churned,111,30-40_Tier2,1,1,12,165,False,False,17,0.06097445752751062,0.2668734517064511,0
U0912,paid,90,30-40_Tier3,14,14,14,1240,False,False,15,0.2674000719038899,0.6578376616950338,6
U0913,trial,220,30-40_Tier3,8,14,5,857,False,False,16,0.2816592205882359,0.7370302305458589,7
U0914,trial,199,30-40_Tier2,8,6,13,978,False,False,22,0.36012653929259514,0.3726856642868476,5
U0915,paid,84,20-30_Tier1,18,26,9,1494,False,True,21,0.3589494811212136,0.6753948435485576,2
U0916,trial,279,30-40_Tier3,4,3,9,575,False,False,10,0.22095798889353707,0.3327956276119798,9
U0917,trial,138,30-40_Tier2,15,22,4,1404,False,True,22,0.3085706152613501,0.6862231770749398,6
U0918,churned,137,30-40_Tier2,7,4,20,852,False,False,17,0.42836452442355333,0.5312252112297978,0
U0919,trial,191,20-30_Tier1,6,5,5,489,False,False,8,0.26937397400843405,0.4498171016583723,6
U0920,churned,56,20-30_Tier2,8,10,5,367,False,False,11,0.48931433068491376,0.49656611542843965,0
U0921,paid,168,20-30_Tier2,12,19,20,1703,False,False,9,0.3227617072065542,0.7594084420992706,4
U0922,churned,233,30-40_Tier2,5,5,11,696,True,True,19,0.5220821645419647,0.45855652818327164,0
U0923,paid,52,18-20_Tier1,12,18,11,641,False,True,16,0.624016246391335,0.5781032130981827,7
U0924,churned,226,20-30_Tier2,14,23,12,1738,False,True,19,0.527469323423437,0.6815780171225312,0
U0925,paid,16,20-30_Tier1,11,10,9,449,False,True,8,0.32272034373826136,0.4974939428856287,1
U0926,paid,241,18-20_Tier1,8,14,16,1398,True,True,14,0.30864009728087527,0.45101210771611855,4
U0927,paid,15,30-40_Tier2,16,30,15,480,True,False,15,0.5200472922883691,0.6485227955255523,11
U0928,churned,70,20-30_Tier2,5,2,10,320,True,False,17,0.12143586261458342,0.2953120211240205,0
U0929,churned,140,20-30_Tier1,4,2,3,216,False,False,12,0.14847064841861635,0.2226850562886492,0
U0930,trial,246,30-40_Tier2,10,18,19,1684,False,True,7,0.5334287277821153,0.6728750129142522,10
U0931,paid,287,18-20_Tier1,8,17,16,1205,False,True,21,0.26377915030271365,0.5588593947658514,8
U0932,paid,188,30-40_Tier3,7,9,14,992,False,True,13,0.2706905426625239,0.430832081349541,4
U0933,churned,53,20-30_Tier1,4,5,3,190,False,False,21,0.23083627532313025,0.4213722396379129,0
U0934,churned,155,18-20_Tier1,4,4,12,418,False,False,13,0.26913267925366496,0.2778282480594034,0
U0935,paid,315,30-40_Tier2,6,7,16,978,False,False,10,0.5548570981612871,0.7675754118288981,10
U0936,paid,37,30-40_Tier3,8,12,15,559,False,True,13,0.49102719197478256,0.3188804053686246,4
U0937,churned,286,30-40_Tier3,9,8,13,1474,True,False,7,0.41584482586797283,0.3406115364254456,0
U0938,churned,154,30-40_Tier2,16,21,9,1669,True,False,15,0.46657175180238436,0.6902817416456495,0
U0939,churned,2,30-40_Tier3,2,4,22,0,False,True,22,0.22436289625735817,0.2936809805247886,0
U0940,paid,278,20-30_Tier1,6,10,16,829,False,True,10,0.364766253874806,0.43812640825566246,7
U0941,trial,11,30-40_Tier2,6,13,17,190,True,True,8,0.569575180265517,0.7799090012353811,8
U0942,churned,148,18-20_Tier1,8,9,22,1045,False,False,8,0.610452113337413,0.5705423593777459,0
U0943,paid,78,30-40_Tier3,11,20,19,866,False,False,8,0.5327129855250154,0.7936563341518581,12
U0944,paid,234,30-40_Tier3,8,9,7,1150,True,False,12,0.3119315300324649,0.45529355449994413,9
U0945,churned,23,30-40_Tier2,8,9,11,368,False,True,10,0.4690507055501284,0.3940781375327045,0
U0946,churned,37,30-40_Tier3,6,5,9,293,False,True,18,0.19508687141926392,0.5609538073676144,0
U0947,trial,213,20-30_Tier2,7,8,4,548,False,False,11,0.49316685506747804,0.5778527169540422,8
U0948,paid,397,20-30_Tier1,7,7,20,1556,True,True,12,0.39863466846138074,0.45146269703492575,10
U0949,churned,16,20-30_Tier2,10,21,4,182,True,False,8,0.2855338493956389,0.6518099226289337,0
U0950,trial,184,18-20_Tier1,3,2,8,268,False,True,15,0.12795686282601926,0.42543153987350846,5
U0951,paid,321,30-40_Tier3,8,10,9,1674,True,True,11,0.3553047975925567,0.5790303106688821,12
U0952,trial,117,20-30_Tier2,10,20,4,859,True,False,17,0.3339708158789903,0.8039934100861873,12
U0953,paid,197,18-20_Tier1,10,16,21,1603,False,True,6,0.3614371382738849,0.5291729988324043,5
U0954,churned,335,30-40_Tier2,0,0,8,27,True,False,16,0.08172979941158194,0.30549717848508073,0
U0955,paid,291,20-30_Tier2,16,31,5,2006,True,False,19,0.4291812112325901,0.8335623550410203,9
U0956,paid,117,30-40_Tier3,17,22,9,1596,True,False,18,0.23537123179380073,0.7985155847585663,3
U0957,paid,300,30-40_Tier2,7,11,16,1001,True,False,10,0.18381779550707547,0.5822545122573196,7
U0958,trial,270,20-30_Tier1,2,1,12,319,True,False,17,0.20469600630534138,0.14988176160756495,3
U0959,churned,203,18-20_Tier1,5,4,14,654,True,False,19,0.12956000804200096,0.5686008182026355,0
U0960,trial,177,20-30_Tier2,9,15,18,1188,True,False,14,0.7434253674571346,0.7000708982339284,8
U0961,paid,370,30-40_Tier3,4,4,8,598,False,False,16,0.24149640011602888,0.33645975977855247,2
U0962,churned,349,30-40_Tier2,2,2,5,289,False,False,19,0.31157411838195115,0.4884018928055345,0
U0963,trial,396,30-40_Tier3,8,17,9,1509,False,True,14,0.5103005018226744,0.5573997290296377,6
U0964,trial,270,30-40_Tier3,9,9,15,1553,False,True,8,0.3702498512732502,0.6281470691700985,15
U0965,churned,144,20-30_Tier2,7,4,17,965,False,False,22,0.09353808538601105,0.518837655750165,0
U0966,trial,44,30-40_Tier3,7,9,4,273,False,False,11,0.2000022553024911,0.37389232786793025,7
U0967,churned,51,30-40_Tier3,2,2,9,262,False,False,12,0.22071199313574402,0.24583457017623506,0
U0968,churned,380,18-20_Tier1,9,8,6,1445,False,False,16,0.43270941658257633,0.4771996296798898,0
U0969,paid,145,18-20_Tier1,12,26,3,821,True,False,9,0.7332810677309488,0.8636030708568462,13
U0970,trial,45,20-30_Tier1,11,12,2,496,False,False,11,0.36497618385363173,0.5778648105905114,8
U0971,trial,90,30-40_Tier3,8,13,6,479,False,False,15,0.5074989218103244,0.6696322646235459,6
U0972,trial,9,30-40_Tier3,6,9,5,120,True,False,18,0.2461155738713351,0.47344261634161744,5
U0973,paid,212,18-20_Tier1,5,7,7,758,False,False,8,0.19095873707776237,0.33380447686404413,5
U0974,paid,236,30-40_Tier3,10,13,6,1046,False,True,20,0.44639362791344206,0.3690024819028217,2
U0975,paid,151,18-20_Tier1,11,15,11,1228,False,False,10,0.1099604984819683,0.35299271042991676,5
U0976,trial,297,30-40_Tier2,10,15,3,979,False,False,21,0.4989869433165964,0.7108144333603956,2
U0977,trial,192,20-30_Tier2,8,10,12,1048,False,False,21,0.2565045731846355,0.48155523734656125,4
U0978,paid,384,30-40_Tier2,14,23,13,2103,True,False,18,0.43271063068110355,0.7271901150191961,9
U0979,churned,305,30-40_Tier2,8,8,12,941,True,True,21,0.18744952496333106,0.3688661588737661,0
U0980,trial,31,30-40_Tier3,7,13,5,412,False,False,8,0.34136825048257197,0.7429391722830403,8
U0981,churned,110,30-40_Tier2,1,1,7,118,True,True,13,0.4174062954904804,0.19371913054594653,0
U0982,paid,301,20-30_Tier2,16,31,12,2405,False,True,8,0.2821289221153587,0.7280244031180388,5
U0983,trial,215,20-30_Tier2,7,7,11,708,True,False,14,0.38144124834044835,0.3641199793288713,6
U0984,churned,301,30-40_Tier3,4,1,11,628,False,False,15,0.10996080913848201,0.15521651471730671,0
U0985,trial,134,30-40_Tier2,3,5,5,313,False,False,15,0.18252137617456266,0.446907333708954,7
U0986,paid,16,30-40_Tier2,5,6,4,142,True,False,7,0.20906648233075661,0.545091067121182,8
U0987,paid,314,30-40_Tier2,4,5,11,688,False,True,7,0.33508992793253334,0.6736618961154616,6
U0988,churned,314,20-30_Tier1,5,2,22,752,False,False,22,0.07590481762805061,0.2901477909951195,0
U0989,trial,256,30-40_Tier3,14,13,2,1460,False,False,10,0.4577109513365856,0.49856919598724736,10
U0990,paid,162,30-40_Tier2,6,9,9,672,True,False,14,0.24603840433888552,0.3564782931938369,1
U0991,churned,4,18-20_Tier1,4,2,3,0,False,True,15,0.3411127383436811,0.35381837266421234,0
U0992,trial,291,30-40_Tier2,3,2,17,527,False,True,8,0.2894131256273402,0.3829615359657452,5
U0993,paid,264,30-40_Tier3,10,11,6,974,True,True,11,0.5290089458417806,0.568127182838303,6
U0994,trial,267,30-40_Tier2,8,9,12,1025,False,False,16,0.5025624574547936,0.3865291106609857,4
U0995,churned,68,30-40_Tier3,6,9,11,380,True,False,9,0.2119779031898997,0.27780145717820526,0
U0996,trial,292,30-40_Tier2,7,9,14,1243,False,True,19,0.5519502867572205,0.42716725624015217,6
U0997,churned,290,30-40_Tier3,6,10,4,536,False,False,17,0.3498082303433878,0.28445551287390275,0
U0998,paid,343,20-30_Tier2,9,6,20,1856,True,False,22,0.23705960886929425,0.4086301474187568,9
U0999,churned,227,20-30_Tier1,2,0,10,246,False,False,15,0.14535376912835032,0.13817314369214911,0
